"indicator","geography_code","quintile","period","numerator","indicator_measure","lower_confidence_interval","upper_confidence_interval","definition","relative_inequality_gap","lower_confidence_interval_relative_ineq","upper_confidence_interval_relative_ineq","absolute_inequality_gap","lower_confidence_interval_absolute_ineq","upper_confidence_interval_absolute_ineq","population_attributable_risk"
"Psychiatric patient hospitalisations","S12000005","1 - most deprived","2002/03 to 2004/05 financial years; 3-year aggregates",52.7,591.1,437.4,779.9,"Age-sex standardised rate per 100,000",NA,NA,NA,NA,NA,NA,NA
"Psychiatric patient hospitalisations","S12000005","2","2002/03 to 2004/05 financial years; 3-year aggregates",38.3,411.8,289.7,567.2,"Age-sex standardised rate per 100,000",NA,NA,NA,NA,NA,NA,NA
"Psychiatric patient hospitalisations","S12000005","3","2002/03 to 2004/05 financial years; 3-year aggregates",33.3,366.6,250.1,517.5,"Age-sex standardised rate per 100,000",NA,NA,NA,NA,NA,NA,NA
"Psychiatric patient hospitalisations","S12000005","4","2002/03 to 2004/05 financial years; 3-year aggregates",28.7,325,203.1,486.1,"Age-sex standardised rate per 100,000",NA,NA,NA,NA,NA,NA,NA
"Psychiatric patient hospitalisations","S12000005","5 - least deprived","2002/03 to 2004/05 financial years; 3-year aggregates",21.7,262.7,149.3,419.1,"Age-sex standardised rate per 100,000",NA,NA,NA,NA,NA,NA,NA
"Psychiatric patient hospitalisations","S12000005","Total","2002/03 to 2004/05 financial years; 3-year aggregates",174.7,389.7,330.8,455.6,"Age-sex standardised rate per 100,000",47.9,17.9,78,373.5,139.4,607.6,33
"Psychiatric patient hospitalisations","S12000005","1 - most deprived","2003/04 to 2005/06 financial years; 3-year aggregates",50,562,412.2,746.9,"Age-sex standardised rate per 100,000",NA,NA,NA,NA,NA,NA,NA
"Psychiatric patient hospitalisations","S12000005","2","2003/04 to 2005/06 financial years; 3-year aggregates",38.7,395.9,280,543.4,"Age-sex standardised rate per 100,000",NA,NA,NA,NA,NA,NA,NA
"Psychiatric patient hospitalisations","S12000005","3","2003/04 to 2005/06 financial years; 3-year aggregates",34.7,386.3,266.3,541,"Age-sex standardised rate per 100,000",NA,NA,NA,NA,NA,NA,NA
"Psychiatric patient hospitalisations","S12000005","4","2003/04 to 2005/06 financial years; 3-year aggregates",24,261.3,156.2,404,"Age-sex standardised rate per 100,000",NA,NA,NA,NA,NA,NA,NA
"Psychiatric patient hospitalisations","S12000005","5 - least deprived","2003/04 to 2005/06 financial years; 3-year aggregates",20.7,246.5,139.9,394.8,"Age-sex standardised rate per 100,000",NA,NA,NA,NA,NA,NA,NA
"Psychiatric patient hospitalisations","S12000005","Total","2003/04 to 2005/06 financial years; 3-year aggregates",168,367.2,311,430.2,"Age-sex standardised rate per 100,000",52,20.6,83.3,381.7,151.4,612,33.3
"Psychiatric patient hospitalisations","S12000005","1 - most deprived","2004/05 to 2006/07 financial years; 3-year aggregates",43.7,538.1,360.9,760.2,"Age-sex standardised rate per 100,000",NA,NA,NA,NA,NA,NA,NA
"Psychiatric patient hospitalisations","S12000005","2","2004/05 to 2006/07 financial years; 3-year aggregates",39.3,389.1,275.7,533,"Age-sex standardised rate per 100,000",NA,NA,NA,NA,NA,NA,NA
"Psychiatric patient hospitalisations","S12000005","3","2004/05 to 2006/07 financial years; 3-year aggregates",36,406.3,282.2,565.5,"Age-sex standardised rate per 100,000",NA,NA,NA,NA,NA,NA,NA
"Psychiatric patient hospitalisations","S12000005","4","2004/05 to 2006/07 financial years; 3-year aggregates",23.3,228.1,142.8,344.5,"Age-sex standardised rate per 100,000",NA,NA,NA,NA,NA,NA,NA
"Psychiatric patient hospitalisations","S12000005","5 - least deprived","2004/05 to 2006/07 financial years; 3-year aggregates",19,240.4,134.9,389.3,"Age-sex standardised rate per 100,000",NA,NA,NA,NA,NA,NA,NA
"Psychiatric patient hospitalisations","S12000005","Total","2004/05 to 2006/07 financial years; 3-year aggregates",161.3,351.9,297.1,413.5,"Age-sex standardised rate per 100,000",53.5,13.7,93.4,376.9,96.3,657.5,32.9
"Psychiatric patient hospitalisations","S12000005","1 - most deprived","2005/06 to 2007/08 financial years; 3-year aggregates",41.3,485.9,323.6,690.6,"Age-sex standardised rate per 100,000",NA,NA,NA,NA,NA,NA,NA
"Psychiatric patient hospitalisations","S12000005","2","2005/06 to 2007/08 financial years; 3-year aggregates",40.3,403.2,286.7,550.6,"Age-sex standardised rate per 100,000",NA,NA,NA,NA,NA,NA,NA
"Psychiatric patient hospitalisations","S12000005","3","2005/06 to 2007/08 financial years; 3-year aggregates",32,346.4,234.9,491.6,"Age-sex standardised rate per 100,000",NA,NA,NA,NA,NA,NA,NA
"Psychiatric patient hospitalisations","S12000005","4","2005/06 to 2007/08 financial years; 3-year aggregates",19.7,203.7,120.2,320.7,"Age-sex standardised rate per 100,000",NA,NA,NA,NA,NA,NA,NA
"Psychiatric patient hospitalisations","S12000005","5 - least deprived","2005/06 to 2007/08 financial years; 3-year aggregates",15.7,180.9,100.7,298,"Age-sex standardised rate per 100,000",NA,NA,NA,NA,NA,NA,NA
"Psychiatric patient hospitalisations","S12000005","Total","2005/06 to 2007/08 financial years; 3-year aggregates",149,318.1,267.3,375.4,"Age-sex standardised rate per 100,000",63.7,40.7,86.7,405.2,259,551.4,44
"Psychiatric patient hospitalisations","S12000005","1 - most deprived","2006/07 to 2008/09 financial years; 3-year aggregates",41.3,491.5,319,709.1,"Age-sex standardised rate per 100,000",NA,NA,NA,NA,NA,NA,NA
"Psychiatric patient hospitalisations","S12000005","2","2006/07 to 2008/09 financial years; 3-year aggregates",42.3,454.5,312.4,633.2,"Age-sex standardised rate per 100,000",NA,NA,NA,NA,NA,NA,NA
"Psychiatric patient hospitalisations","S12000005","3","2006/07 to 2008/09 financial years; 3-year aggregates",30.7,339.8,227.1,487.5,"Age-sex standardised rate per 100,000",NA,NA,NA,NA,NA,NA,NA
"Psychiatric patient hospitalisations","S12000005","4","2006/07 to 2008/09 financial years; 3-year aggregates",19,190.8,111.1,303.1,"Age-sex standardised rate per 100,000",NA,NA,NA,NA,NA,NA,NA
"Psychiatric patient hospitalisations","S12000005","5 - least deprived","2006/07 to 2008/09 financial years; 3-year aggregates",14.7,164,88.9,275,"Age-sex standardised rate per 100,000",NA,NA,NA,NA,NA,NA,NA
"Psychiatric patient hospitalisations","S12000005","Total","2006/07 to 2008/09 financial years; 3-year aggregates",148,318.5,266.7,377,"Age-sex standardised rate per 100,000",72.4,41.5,103.3,461.3,264.4,658.1,49.9
"Psychiatric patient hospitalisations","S12000005","1 - most deprived","2007/08 to 2009/10 financial years; 3-year aggregates",42.7,455.2,322.5,622.1,"Age-sex standardised rate per 100,000",NA,NA,NA,NA,NA,NA,NA
"Psychiatric patient hospitalisations","S12000005","2","2007/08 to 2009/10 financial years; 3-year aggregates",39.7,432.7,285.6,619.1,"Age-sex standardised rate per 100,000",NA,NA,NA,NA,NA,NA,NA
"Psychiatric patient hospitalisations","S12000005","3","2007/08 to 2009/10 financial years; 3-year aggregates",29.7,350,226.1,513,"Age-sex standardised rate per 100,000",NA,NA,NA,NA,NA,NA,NA
"Psychiatric patient hospitalisations","S12000005","4","2007/08 to 2009/10 financial years; 3-year aggregates",15,157.4,83.8,265.8,"Age-sex standardised rate per 100,000",NA,NA,NA,NA,NA,NA,NA
"Psychiatric patient hospitalisations","S12000005","5 - least deprived","2007/08 to 2009/10 financial years; 3-year aggregates",17,187.4,105.6,305.1,"Age-sex standardised rate per 100,000",NA,NA,NA,NA,NA,NA,NA
"Psychiatric patient hospitalisations","S12000005","Total","2007/08 to 2009/10 financial years; 3-year aggregates",144,307.1,256.3,364.6,"Age-sex standardised rate per 100,000",66.8,17.6,115.9,410,108.1,711.9,40.4
"Psychiatric patient hospitalisations","S12000005","1 - most deprived","2008/09 to 2010/11 financial years; 3-year aggregates",46.3,534.1,357,754.7,"Age-sex standardised rate per 100,000",NA,NA,NA,NA,NA,NA,NA
"Psychiatric patient hospitalisations","S12000005","2","2008/09 to 2010/11 financial years; 3-year aggregates",39.3,427.3,289.7,601.8,"Age-sex standardised rate per 100,000",NA,NA,NA,NA,NA,NA,NA
"Psychiatric patient hospitalisations","S12000005","3","2008/09 to 2010/11 financial years; 3-year aggregates",28.3,332.2,211.2,492.4,"Age-sex standardised rate per 100,000",NA,NA,NA,NA,NA,NA,NA
"Psychiatric patient hospitalisations","S12000005","4","2008/09 to 2010/11 financial years; 3-year aggregates",17.7,188.7,107.1,305.4,"Age-sex standardised rate per 100,000",NA,NA,NA,NA,NA,NA,NA
"Psychiatric patient hospitalisations","S12000005","5 - least deprived","2008/09 to 2010/11 financial years; 3-year aggregates",16.7,184.1,102.9,301.3,"Age-sex standardised rate per 100,000",NA,NA,NA,NA,NA,NA,NA
"Psychiatric patient hospitalisations","S12000005","Total","2008/09 to 2010/11 financial years; 3-year aggregates",148.3,322.5,269.5,382.5,"Age-sex standardised rate per 100,000",73.2,43.3,103.1,472.2,279,665.3,44.8
"Psychiatric patient hospitalisations","S12000005","1 - most deprived","2009/10 to 2011/12 financial years; 3-year aggregates",51.3,576.2,411.5,778.9,"Age-sex standardised rate per 100,000",NA,NA,NA,NA,NA,NA,NA
"Psychiatric patient hospitalisations","S12000005","2","2009/10 to 2011/12 financial years; 3-year aggregates",38.3,389.5,274.3,536.1,"Age-sex standardised rate per 100,000",NA,NA,NA,NA,NA,NA,NA
"Psychiatric patient hospitalisations","S12000005","3","2009/10 to 2011/12 financial years; 3-year aggregates",25.7,298.3,185.9,449.4,"Age-sex standardised rate per 100,000",NA,NA,NA,NA,NA,NA,NA
"Psychiatric patient hospitalisations","S12000005","4","2009/10 to 2011/12 financial years; 3-year aggregates",21.7,245.3,148.7,378.7,"Age-sex standardised rate per 100,000",NA,NA,NA,NA,NA,NA,NA
"Psychiatric patient hospitalisations","S12000005","5 - least deprived","2009/10 to 2011/12 financial years; 3-year aggregates",19,203.3,117,325.1,"Age-sex standardised rate per 100,000",NA,NA,NA,NA,NA,NA,NA
"Psychiatric patient hospitalisations","S12000005","Total","2009/10 to 2011/12 financial years; 3-year aggregates",156,335.6,282.2,395.6,"Age-sex standardised rate per 100,000",67,27.6,106.4,449.7,185.2,714.2,40.9
"Psychiatric patient hospitalisations","S12000005","1 - most deprived","2010/11 to 2012/13 financial years; 3-year aggregates",54.7,594.3,435,789.1,"Age-sex standardised rate per 100,000",NA,NA,NA,NA,NA,NA,NA
"Psychiatric patient hospitalisations","S12000005","2","2010/11 to 2012/13 financial years; 3-year aggregates",40.7,433.6,308.9,591.3,"Age-sex standardised rate per 100,000",NA,NA,NA,NA,NA,NA,NA
"Psychiatric patient hospitalisations","S12000005","3","2010/11 to 2012/13 financial years; 3-year aggregates",24.3,253,159.8,379.3,"Age-sex standardised rate per 100,000",NA,NA,NA,NA,NA,NA,NA
"Psychiatric patient hospitalisations","S12000005","4","2010/11 to 2012/13 financial years; 3-year aggregates",24.3,309.6,193.2,467.3,"Age-sex standardised rate per 100,000",NA,NA,NA,NA,NA,NA,NA
"Psychiatric patient hospitalisations","S12000005","5 - least deprived","2010/11 to 2012/13 financial years; 3-year aggregates",17.7,191.2,106.3,312.5,"Age-sex standardised rate per 100,000",NA,NA,NA,NA,NA,NA,NA
"Psychiatric patient hospitalisations","S12000005","Total","2010/11 to 2012/13 financial years; 3-year aggregates",161.7,347.5,293.6,408.1,"Age-sex standardised rate per 100,000",68.3,15.1,121.5,474.6,105,844.2,46.4
"Psychiatric patient hospitalisations","S12000005","1 - most deprived","2011/12 to 2013/14 financial years; 3-year aggregates",48.7,522.7,378.6,701.2,"Age-sex standardised rate per 100,000",NA,NA,NA,NA,NA,NA,NA
"Psychiatric patient hospitalisations","S12000005","2","2011/12 to 2013/14 financial years; 3-year aggregates",39.7,419.5,297.6,574,"Age-sex standardised rate per 100,000",NA,NA,NA,NA,NA,NA,NA
"Psychiatric patient hospitalisations","S12000005","3","2011/12 to 2013/14 financial years; 3-year aggregates",28,284.1,185.8,414.5,"Age-sex standardised rate per 100,000",NA,NA,NA,NA,NA,NA,NA
"Psychiatric patient hospitalisations","S12000005","4","2011/12 to 2013/14 financial years; 3-year aggregates",20.3,263.3,155.5,413.6,"Age-sex standardised rate per 100,000",NA,NA,NA,NA,NA,NA,NA
"Psychiatric patient hospitalisations","S12000005","5 - least deprived","2011/12 to 2013/14 financial years; 3-year aggregates",18.7,201.9,114.1,326,"Age-sex standardised rate per 100,000",NA,NA,NA,NA,NA,NA,NA
"Psychiatric patient hospitalisations","S12000005","Total","2011/12 to 2013/14 financial years; 3-year aggregates",155.3,332,280,390.6,"Age-sex standardised rate per 100,000",60.8,32.9,88.7,403.6,218.1,589.1,40.5
"Psychiatric patient hospitalisations","S12000005","1 - most deprived","2012/13 to 2014/15 financial years; 3-year aggregates",46.7,491,355.5,659.7,"Age-sex standardised rate per 100,000",NA,NA,NA,NA,NA,NA,NA
"Psychiatric patient hospitalisations","S12000005","2","2012/13 to 2014/15 financial years; 3-year aggregates",37.3,402.4,275.4,564.5,"Age-sex standardised rate per 100,000",NA,NA,NA,NA,NA,NA,NA
"Psychiatric patient hospitalisations","S12000005","3","2012/13 to 2014/15 financial years; 3-year aggregates",30.3,304.4,203,437.5,"Age-sex standardised rate per 100,000",NA,NA,NA,NA,NA,NA,NA
"Psychiatric patient hospitalisations","S12000005","4","2012/13 to 2014/15 financial years; 3-year aggregates",21,257.1,155.7,397.6,"Age-sex standardised rate per 100,000",NA,NA,NA,NA,NA,NA,NA
"Psychiatric patient hospitalisations","S12000005","5 - least deprived","2012/13 to 2014/15 financial years; 3-year aggregates",18,191.2,108.2,309.5,"Age-sex standardised rate per 100,000",NA,NA,NA,NA,NA,NA,NA
"Psychiatric patient hospitalisations","S12000005","Total","2012/13 to 2014/15 financial years; 3-year aggregates",153.3,324.8,273.9,382.3,"Age-sex standardised rate per 100,000",57.8,44.7,70.8,375.3,290.5,460.1,42
"Psychiatric patient hospitalisations","S12000005","1 - most deprived","2013/14 to 2015/16 financial years; 3-year aggregates",49.3,529,388.6,702.6,"Age-sex standardised rate per 100,000",NA,NA,NA,NA,NA,NA,NA
"Psychiatric patient hospitalisations","S12000005","2","2013/14 to 2015/16 financial years; 3-year aggregates",36,381.4,256.4,541.8,"Age-sex standardised rate per 100,000",NA,NA,NA,NA,NA,NA,NA
"Psychiatric patient hospitalisations","S12000005","3","2013/14 to 2015/16 financial years; 3-year aggregates",31.3,322.4,215.5,462,"Age-sex standardised rate per 100,000",NA,NA,NA,NA,NA,NA,NA
"Psychiatric patient hospitalisations","S12000005","4","2013/14 to 2015/16 financial years; 3-year aggregates",23,252.7,157.7,382.4,"Age-sex standardised rate per 100,000",NA,NA,NA,NA,NA,NA,NA
"Psychiatric patient hospitalisations","S12000005","5 - least deprived","2013/14 to 2015/16 financial years; 3-year aggregates",18,194.9,109,317.1,"Age-sex standardised rate per 100,000",NA,NA,NA,NA,NA,NA,NA
"Psychiatric patient hospitalisations","S12000005","Total","2013/14 to 2015/16 financial years; 3-year aggregates",157.7,329.6,278.5,387,"Age-sex standardised rate per 100,000",60.8,37.5,84,400.5,247.3,553.7,42
"Psychiatric patient hospitalisations","S12000005","1 - most deprived","2014/15 to 2016/17 financial years; 3-year aggregates",55,590.4,442.6,771.2,"Age-sex standardised rate per 100,000",NA,NA,NA,NA,NA,NA,NA
"Psychiatric patient hospitalisations","S12000005","2","2014/15 to 2016/17 financial years; 3-year aggregates",37.3,391.9,267.4,550.9,"Age-sex standardised rate per 100,000",NA,NA,NA,NA,NA,NA,NA
"Psychiatric patient hospitalisations","S12000005","3","2014/15 to 2016/17 financial years; 3-year aggregates",31.7,329,221.4,469.2,"Age-sex standardised rate per 100,000",NA,NA,NA,NA,NA,NA,NA
"Psychiatric patient hospitalisations","S12000005","4","2014/15 to 2016/17 financial years; 3-year aggregates",28,292,191.3,425.6,"Age-sex standardised rate per 100,000",NA,NA,NA,NA,NA,NA,NA
"Psychiatric patient hospitalisations","S12000005","5 - least deprived","2014/15 to 2016/17 financial years; 3-year aggregates",16.3,177.4,94.4,297.6,"Age-sex standardised rate per 100,000",NA,NA,NA,NA,NA,NA,NA
"Psychiatric patient hospitalisations","S12000005","Total","2014/15 to 2016/17 financial years; 3-year aggregates",168.3,348.2,296.1,406.5,"Age-sex standardised rate per 100,000",66.7,31.7,101.7,464.5,220.7,708.3,50
"Psychiatric patient hospitalisations","S12000005","1 - most deprived","2015/16 to 2017/18 financial years; 3-year aggregates",57,615.4,464.2,799.7,"Age-sex standardised rate per 100,000",NA,NA,NA,NA,NA,NA,NA
"Psychiatric patient hospitalisations","S12000005","2","2015/16 to 2017/18 financial years; 3-year aggregates",40.3,410,287.3,565.2,"Age-sex standardised rate per 100,000",NA,NA,NA,NA,NA,NA,NA
"Psychiatric patient hospitalisations","S12000005","3","2015/16 to 2017/18 financial years; 3-year aggregates",32,322,218.3,457,"Age-sex standardised rate per 100,000",NA,NA,NA,NA,NA,NA,NA
"Psychiatric patient hospitalisations","S12000005","4","2015/16 to 2017/18 financial years; 3-year aggregates",25.3,263.4,167.4,392.7,"Age-sex standardised rate per 100,000",NA,NA,NA,NA,NA,NA,NA
"Psychiatric patient hospitalisations","S12000005","5 - least deprived","2015/16 to 2017/18 financial years; 3-year aggregates",14.7,158.2,82.1,270.9,"Age-sex standardised rate per 100,000",NA,NA,NA,NA,NA,NA,NA
"Psychiatric patient hospitalisations","S12000005","Total","2015/16 to 2017/18 financial years; 3-year aggregates",169.3,346.7,295.3,404.3,"Age-sex standardised rate per 100,000",76.4,43.1,109.7,529.8,298.9,760.7,55.1
"Psychiatric patient hospitalisations","S12000005","1 - most deprived","2016/17 to 2018/19 financial years; 3-year aggregates",52.7,561.7,418.8,737.3,"Age-sex standardised rate per 100,000",NA,NA,NA,NA,NA,NA,NA
"Psychiatric patient hospitalisations","S12000005","2","2016/17 to 2018/19 financial years; 3-year aggregates",43,425.8,307.2,574.8,"Age-sex standardised rate per 100,000",NA,NA,NA,NA,NA,NA,NA
"Psychiatric patient hospitalisations","S12000005","3","2016/17 to 2018/19 financial years; 3-year aggregates",32,317.8,215.5,451,"Age-sex standardised rate per 100,000",NA,NA,NA,NA,NA,NA,NA
"Psychiatric patient hospitalisations","S12000005","4","2016/17 to 2018/19 financial years; 3-year aggregates",23,237.5,147.6,360.3,"Age-sex standardised rate per 100,000",NA,NA,NA,NA,NA,NA,NA
"Psychiatric patient hospitalisations","S12000005","5 - least deprived","2016/17 to 2018/19 financial years; 3-year aggregates",13,132.8,69,229.6,"Age-sex standardised rate per 100,000",NA,NA,NA,NA,NA,NA,NA
"Psychiatric patient hospitalisations","S12000005","Total","2016/17 to 2018/19 financial years; 3-year aggregates",163.7,332.7,282.9,388.5,"Age-sex standardised rate per 100,000",78.3,65.8,90.9,521.2,437.7,604.7,60.3
"Psychiatric patient hospitalisations","S12000005","1 - most deprived","2017/18 to 2019/20 financial years; 3-year aggregates",46,488.5,356.2,653.3,"Age-sex standardised rate per 100,000",NA,NA,NA,NA,NA,NA,NA
"Psychiatric patient hospitalisations","S12000005","2","2017/18 to 2019/20 financial years; 3-year aggregates",43,417.7,301.4,563.7,"Age-sex standardised rate per 100,000",NA,NA,NA,NA,NA,NA,NA
"Psychiatric patient hospitalisations","S12000005","3","2017/18 to 2019/20 financial years; 3-year aggregates",26,257.6,166.2,380.2,"Age-sex standardised rate per 100,000",NA,NA,NA,NA,NA,NA,NA
"Psychiatric patient hospitalisations","S12000005","4","2017/18 to 2019/20 financial years; 3-year aggregates",19.7,200.7,119.8,314.2,"Age-sex standardised rate per 100,000",NA,NA,NA,NA,NA,NA,NA
"Psychiatric patient hospitalisations","S12000005","5 - least deprived","2017/18 to 2019/20 financial years; 3-year aggregates",14.3,149.9,80.6,253,"Age-sex standardised rate per 100,000",NA,NA,NA,NA,NA,NA,NA
"Psychiatric patient hospitalisations","S12000005","Total","2017/18 to 2019/20 financial years; 3-year aggregates",149,301.4,254.3,354.6,"Age-sex standardised rate per 100,000",73.8,45.5,102,444.6,274.2,615,50.5
