"indicator","geography_code","quintile","period","numerator","indicator_measure","lower_confidence_interval","upper_confidence_interval","definition","relative_inequality_gap","lower_confidence_interval_relative_ineq","upper_confidence_interval_relative_ineq","absolute_inequality_gap","lower_confidence_interval_absolute_ineq","upper_confidence_interval_absolute_ineq","population_attributable_risk"
"Psychiatric patient hospitalisations","S12000038","1 - most deprived","2002/03 to 2004/05 financial years; 3-year aggregates",284.3,879.5,774.7,993.9,"Age-sex standardised rate per 100,000",NA,NA,NA,NA,NA,NA,NA
"Psychiatric patient hospitalisations","S12000038","2","2002/03 to 2004/05 financial years; 3-year aggregates",234.3,697.4,607.9,796,"Age-sex standardised rate per 100,000",NA,NA,NA,NA,NA,NA,NA
"Psychiatric patient hospitalisations","S12000038","3","2002/03 to 2004/05 financial years; 3-year aggregates",154,453.4,381.9,534.1,"Age-sex standardised rate per 100,000",NA,NA,NA,NA,NA,NA,NA
"Psychiatric patient hospitalisations","S12000038","4","2002/03 to 2004/05 financial years; 3-year aggregates",88.7,295.8,231.5,371.1,"Age-sex standardised rate per 100,000",NA,NA,NA,NA,NA,NA,NA
"Psychiatric patient hospitalisations","S12000038","5 - least deprived","2002/03 to 2004/05 financial years; 3-year aggregates",62.3,234,174.2,306.3,"Age-sex standardised rate per 100,000",NA,NA,NA,NA,NA,NA,NA
"Psychiatric patient hospitalisations","S12000038","Total","2002/03 to 2004/05 financial years; 3-year aggregates",823.7,508,472.1,545.9,"Age-sex standardised rate per 100,000",83.1,53.7,112.4,843.9,545.5,1142.3,54.2
"Psychiatric patient hospitalisations","S12000038","1 - most deprived","2003/04 to 2005/06 financial years; 3-year aggregates",282,868.4,765.2,981.1,"Age-sex standardised rate per 100,000",NA,NA,NA,NA,NA,NA,NA
"Psychiatric patient hospitalisations","S12000038","2","2003/04 to 2005/06 financial years; 3-year aggregates",213.3,626.3,542.7,718.8,"Age-sex standardised rate per 100,000",NA,NA,NA,NA,NA,NA,NA
"Psychiatric patient hospitalisations","S12000038","3","2003/04 to 2005/06 financial years; 3-year aggregates",146,429.6,359.9,508.3,"Age-sex standardised rate per 100,000",NA,NA,NA,NA,NA,NA,NA
"Psychiatric patient hospitalisations","S12000038","4","2003/04 to 2005/06 financial years; 3-year aggregates",85.3,290.4,226.2,365.7,"Age-sex standardised rate per 100,000",NA,NA,NA,NA,NA,NA,NA
"Psychiatric patient hospitalisations","S12000038","5 - least deprived","2003/04 to 2005/06 financial years; 3-year aggregates",52.7,193.1,139.8,258.6,"Age-sex standardised rate per 100,000",NA,NA,NA,NA,NA,NA,NA
"Psychiatric patient hospitalisations","S12000038","Total","2003/04 to 2005/06 financial years; 3-year aggregates",779.3,477.9,443.2,514.4,"Age-sex standardised rate per 100,000",88,59.7,116.3,841.1,571.1,1111.1,59.9
"Psychiatric patient hospitalisations","S12000038","1 - most deprived","2004/05 to 2006/07 financial years; 3-year aggregates",280,845.9,745.9,955.2,"Age-sex standardised rate per 100,000",NA,NA,NA,NA,NA,NA,NA
"Psychiatric patient hospitalisations","S12000038","2","2004/05 to 2006/07 financial years; 3-year aggregates",184.3,537.3,461.5,621.9,"Age-sex standardised rate per 100,000",NA,NA,NA,NA,NA,NA,NA
"Psychiatric patient hospitalisations","S12000038","3","2004/05 to 2006/07 financial years; 3-year aggregates",134.3,389.8,324.9,463.7,"Age-sex standardised rate per 100,000",NA,NA,NA,NA,NA,NA,NA
"Psychiatric patient hospitalisations","S12000038","4","2004/05 to 2006/07 financial years; 3-year aggregates",81.7,278.5,217,350.9,"Age-sex standardised rate per 100,000",NA,NA,NA,NA,NA,NA,NA
"Psychiatric patient hospitalisations","S12000038","5 - least deprived","2004/05 to 2006/07 financial years; 3-year aggregates",49.7,181.1,130.9,243.1,"Age-sex standardised rate per 100,000",NA,NA,NA,NA,NA,NA,NA
"Psychiatric patient hospitalisations","S12000038","Total","2004/05 to 2006/07 financial years; 3-year aggregates",730,443.5,410.8,478.1,"Age-sex standardised rate per 100,000",89.5,46.7,132.3,794.1,414.6,1173.6,59.6
"Psychiatric patient hospitalisations","S12000038","1 - most deprived","2005/06 to 2007/08 financial years; 3-year aggregates",274.7,812,715.6,917.4,"Age-sex standardised rate per 100,000",NA,NA,NA,NA,NA,NA,NA
"Psychiatric patient hospitalisations","S12000038","2","2005/06 to 2007/08 financial years; 3-year aggregates",174,513.9,438.2,598.6,"Age-sex standardised rate per 100,000",NA,NA,NA,NA,NA,NA,NA
"Psychiatric patient hospitalisations","S12000038","3","2005/06 to 2007/08 financial years; 3-year aggregates",124.3,360,298.4,430.3,"Age-sex standardised rate per 100,000",NA,NA,NA,NA,NA,NA,NA
"Psychiatric patient hospitalisations","S12000038","4","2005/06 to 2007/08 financial years; 3-year aggregates",70,236.9,180.5,304.2,"Age-sex standardised rate per 100,000",NA,NA,NA,NA,NA,NA,NA
"Psychiatric patient hospitalisations","S12000038","5 - least deprived","2005/06 to 2007/08 financial years; 3-year aggregates",49,175.6,124,239.4,"Age-sex standardised rate per 100,000",NA,NA,NA,NA,NA,NA,NA
"Psychiatric patient hospitalisations","S12000038","Total","2005/06 to 2007/08 financial years; 3-year aggregates",692,417.5,385.9,450.9,"Age-sex standardised rate per 100,000",93,45.6,140.5,776.9,380.7,1173.1,58.4
"Psychiatric patient hospitalisations","S12000038","1 - most deprived","2006/07 to 2008/09 financial years; 3-year aggregates",275.7,790.5,698.1,891.5,"Age-sex standardised rate per 100,000",NA,NA,NA,NA,NA,NA,NA
"Psychiatric patient hospitalisations","S12000038","2","2006/07 to 2008/09 financial years; 3-year aggregates",174,513.6,437.6,598.6,"Age-sex standardised rate per 100,000",NA,NA,NA,NA,NA,NA,NA
"Psychiatric patient hospitalisations","S12000038","3","2006/07 to 2008/09 financial years; 3-year aggregates",122.3,358.7,297.3,429,"Age-sex standardised rate per 100,000",NA,NA,NA,NA,NA,NA,NA
"Psychiatric patient hospitalisations","S12000038","4","2006/07 to 2008/09 financial years; 3-year aggregates",70,232.2,178,297.1,"Age-sex standardised rate per 100,000",NA,NA,NA,NA,NA,NA,NA
"Psychiatric patient hospitalisations","S12000038","5 - least deprived","2006/07 to 2008/09 financial years; 3-year aggregates",50.7,184.7,131.8,250,"Age-sex standardised rate per 100,000",NA,NA,NA,NA,NA,NA,NA
"Psychiatric patient hospitalisations","S12000038","Total","2006/07 to 2008/09 financial years; 3-year aggregates",692.7,415.2,384,448.1,"Age-sex standardised rate per 100,000",90.4,45.2,135.6,750.8,375.4,1126.1,56
"Psychiatric patient hospitalisations","S12000038","1 - most deprived","2007/08 to 2009/10 financial years; 3-year aggregates",268,755.4,665.9,853.5,"Age-sex standardised rate per 100,000",NA,NA,NA,NA,NA,NA,NA
"Psychiatric patient hospitalisations","S12000038","2","2007/08 to 2009/10 financial years; 3-year aggregates",177.7,518.3,442.4,603.1,"Age-sex standardised rate per 100,000",NA,NA,NA,NA,NA,NA,NA
"Psychiatric patient hospitalisations","S12000038","3","2007/08 to 2009/10 financial years; 3-year aggregates",118,346.2,285.9,415.4,"Age-sex standardised rate per 100,000",NA,NA,NA,NA,NA,NA,NA
"Psychiatric patient hospitalisations","S12000038","4","2007/08 to 2009/10 financial years; 3-year aggregates",65.7,217.6,162.9,283.4,"Age-sex standardised rate per 100,000",NA,NA,NA,NA,NA,NA,NA
"Psychiatric patient hospitalisations","S12000038","5 - least deprived","2007/08 to 2009/10 financial years; 3-year aggregates",51.3,183.2,131.5,246.9,"Age-sex standardised rate per 100,000",NA,NA,NA,NA,NA,NA,NA
"Psychiatric patient hospitalisations","S12000038","Total","2007/08 to 2009/10 financial years; 3-year aggregates",680.7,405.8,374.9,438.5,"Age-sex standardised rate per 100,000",89.7,47.8,131.7,728.2,387.9,1068.6,55.1
"Psychiatric patient hospitalisations","S12000038","1 - most deprived","2008/09 to 2010/11 financial years; 3-year aggregates",239,669.8,584.3,763.9,"Age-sex standardised rate per 100,000",NA,NA,NA,NA,NA,NA,NA
"Psychiatric patient hospitalisations","S12000038","2","2008/09 to 2010/11 financial years; 3-year aggregates",164.3,475.1,402.6,556.4,"Age-sex standardised rate per 100,000",NA,NA,NA,NA,NA,NA,NA
"Psychiatric patient hospitalisations","S12000038","3","2008/09 to 2010/11 financial years; 3-year aggregates",103.3,302.2,245.9,367.4,"Age-sex standardised rate per 100,000",NA,NA,NA,NA,NA,NA,NA
"Psychiatric patient hospitalisations","S12000038","4","2008/09 to 2010/11 financial years; 3-year aggregates",61.3,199.2,149,260,"Age-sex standardised rate per 100,000",NA,NA,NA,NA,NA,NA,NA
"Psychiatric patient hospitalisations","S12000038","5 - least deprived","2008/09 to 2010/11 financial years; 3-year aggregates",45.7,159.5,114.8,215.2,"Age-sex standardised rate per 100,000",NA,NA,NA,NA,NA,NA,NA
"Psychiatric patient hospitalisations","S12000038","Total","2008/09 to 2010/11 financial years; 3-year aggregates",613.7,366.4,337,397.6,"Age-sex standardised rate per 100,000",89.2,50.2,128.1,653.5,368,939.1,56.4
"Psychiatric patient hospitalisations","S12000038","1 - most deprived","2009/10 to 2011/12 financial years; 3-year aggregates",196.7,541.8,466.1,626,"Age-sex standardised rate per 100,000",NA,NA,NA,NA,NA,NA,NA
"Psychiatric patient hospitalisations","S12000038","2","2009/10 to 2011/12 financial years; 3-year aggregates",133.7,382.2,318,455.2,"Age-sex standardised rate per 100,000",NA,NA,NA,NA,NA,NA,NA
"Psychiatric patient hospitalisations","S12000038","3","2009/10 to 2011/12 financial years; 3-year aggregates",89,257,205.5,317.2,"Age-sex standardised rate per 100,000",NA,NA,NA,NA,NA,NA,NA
"Psychiatric patient hospitalisations","S12000038","4","2009/10 to 2011/12 financial years; 3-year aggregates",49.7,161,117,215.4,"Age-sex standardised rate per 100,000",NA,NA,NA,NA,NA,NA,NA
"Psychiatric patient hospitalisations","S12000038","5 - least deprived","2009/10 to 2011/12 financial years; 3-year aggregates",38.7,128.5,89.7,177.9,"Age-sex standardised rate per 100,000",NA,NA,NA,NA,NA,NA,NA
"Psychiatric patient hospitalisations","S12000038","Total","2009/10 to 2011/12 financial years; 3-year aggregates",507.7,301.5,275.1,329.6,"Age-sex standardised rate per 100,000",87.6,52.7,122.5,528.2,317.8,738.7,56.9
"Psychiatric patient hospitalisations","S12000038","1 - most deprived","2010/11 to 2012/13 financial years; 3-year aggregates",161,448.6,379.2,526.7,"Age-sex standardised rate per 100,000",NA,NA,NA,NA,NA,NA,NA
"Psychiatric patient hospitalisations","S12000038","2","2010/11 to 2012/13 financial years; 3-year aggregates",111.3,316.6,258.4,383.7,"Age-sex standardised rate per 100,000",NA,NA,NA,NA,NA,NA,NA
"Psychiatric patient hospitalisations","S12000038","3","2010/11 to 2012/13 financial years; 3-year aggregates",82.7,238,188.8,296,"Age-sex standardised rate per 100,000",NA,NA,NA,NA,NA,NA,NA
"Psychiatric patient hospitalisations","S12000038","4","2010/11 to 2012/13 financial years; 3-year aggregates",46.3,149.2,108,200.5,"Age-sex standardised rate per 100,000",NA,NA,NA,NA,NA,NA,NA
"Psychiatric patient hospitalisations","S12000038","5 - least deprived","2010/11 to 2012/13 financial years; 3-year aggregates",35,118.6,80.9,167.2,"Age-sex standardised rate per 100,000",NA,NA,NA,NA,NA,NA,NA
"Psychiatric patient hospitalisations","S12000038","Total","2010/11 to 2012/13 financial years; 3-year aggregates",436.3,261.6,237,287.9,"Age-sex standardised rate per 100,000",79.7,51.7,107.8,417,270.4,563.7,54
"Psychiatric patient hospitalisations","S12000038","1 - most deprived","2011/12 to 2013/14 financial years; 3-year aggregates",166,463.7,393.8,542.3,"Age-sex standardised rate per 100,000",NA,NA,NA,NA,NA,NA,NA
"Psychiatric patient hospitalisations","S12000038","2","2011/12 to 2013/14 financial years; 3-year aggregates",106.7,298.7,243.7,362.2,"Age-sex standardised rate per 100,000",NA,NA,NA,NA,NA,NA,NA
"Psychiatric patient hospitalisations","S12000038","3","2011/12 to 2013/14 financial years; 3-year aggregates",85.7,243.6,194.2,301.7,"Age-sex standardised rate per 100,000",NA,NA,NA,NA,NA,NA,NA
"Psychiatric patient hospitalisations","S12000038","4","2011/12 to 2013/14 financial years; 3-year aggregates",41.3,135.3,95.5,185.5,"Age-sex standardised rate per 100,000",NA,NA,NA,NA,NA,NA,NA
"Psychiatric patient hospitalisations","S12000038","5 - least deprived","2011/12 to 2013/14 financial years; 3-year aggregates",37.7,125.9,87.4,175.1,"Age-sex standardised rate per 100,000",NA,NA,NA,NA,NA,NA,NA
"Psychiatric patient hospitalisations","S12000038","Total","2011/12 to 2013/14 financial years; 3-year aggregates",437.3,259.7,235.5,285.7,"Age-sex standardised rate per 100,000",81.5,39.2,123.8,423.4,203.8,643,51.1
"Psychiatric patient hospitalisations","S12000038","1 - most deprived","2012/13 to 2014/15 financial years; 3-year aggregates",177.3,506.8,432.7,589.6,"Age-sex standardised rate per 100,000",NA,NA,NA,NA,NA,NA,NA
"Psychiatric patient hospitalisations","S12000038","2","2012/13 to 2014/15 financial years; 3-year aggregates",116,329.2,271,396.1,"Age-sex standardised rate per 100,000",NA,NA,NA,NA,NA,NA,NA
"Psychiatric patient hospitalisations","S12000038","3","2012/13 to 2014/15 financial years; 3-year aggregates",86.3,247.6,197.7,306.3,"Age-sex standardised rate per 100,000",NA,NA,NA,NA,NA,NA,NA
"Psychiatric patient hospitalisations","S12000038","4","2012/13 to 2014/15 financial years; 3-year aggregates",44,139.1,99.7,188.3,"Age-sex standardised rate per 100,000",NA,NA,NA,NA,NA,NA,NA
"Psychiatric patient hospitalisations","S12000038","5 - least deprived","2012/13 to 2014/15 financial years; 3-year aggregates",42.3,139.4,99,190.2,"Age-sex standardised rate per 100,000",NA,NA,NA,NA,NA,NA,NA
"Psychiatric patient hospitalisations","S12000038","Total","2012/13 to 2014/15 financial years; 3-year aggregates",466,275.9,251,302.6,"Age-sex standardised rate per 100,000",84.4,36.6,132.1,465.4,202.1,728.8,49.3
"Psychiatric patient hospitalisations","S12000038","1 - most deprived","2013/14 to 2015/16 financial years; 3-year aggregates",187.3,539.9,463.5,625.1,"Age-sex standardised rate per 100,000",NA,NA,NA,NA,NA,NA,NA
"Psychiatric patient hospitalisations","S12000038","2","2013/14 to 2015/16 financial years; 3-year aggregates",120.3,345,285.1,413.7,"Age-sex standardised rate per 100,000",NA,NA,NA,NA,NA,NA,NA
"Psychiatric patient hospitalisations","S12000038","3","2013/14 to 2015/16 financial years; 3-year aggregates",84.7,244.3,194.5,302.8,"Age-sex standardised rate per 100,000",NA,NA,NA,NA,NA,NA,NA
"Psychiatric patient hospitalisations","S12000038","4","2013/14 to 2015/16 financial years; 3-year aggregates",48,146.3,107.1,195,"Age-sex standardised rate per 100,000",NA,NA,NA,NA,NA,NA,NA
"Psychiatric patient hospitalisations","S12000038","5 - least deprived","2013/14 to 2015/16 financial years; 3-year aggregates",40,125,88.1,171.8,"Age-sex standardised rate per 100,000",NA,NA,NA,NA,NA,NA,NA
"Psychiatric patient hospitalisations","S12000038","Total","2013/14 to 2015/16 financial years; 3-year aggregates",480.3,282.3,257.2,309.1,"Age-sex standardised rate per 100,000",91.3,42.8,139.8,515.4,241.5,789.2,55.6
"Psychiatric patient hospitalisations","S12000038","1 - most deprived","2014/15 to 2016/17 financial years; 3-year aggregates",177.7,515,440.2,598.5,"Age-sex standardised rate per 100,000",NA,NA,NA,NA,NA,NA,NA
"Psychiatric patient hospitalisations","S12000038","2","2014/15 to 2016/17 financial years; 3-year aggregates",122,347.8,287.7,416.5,"Age-sex standardised rate per 100,000",NA,NA,NA,NA,NA,NA,NA
"Psychiatric patient hospitalisations","S12000038","3","2014/15 to 2016/17 financial years; 3-year aggregates",83.3,240.1,190.8,298.2,"Age-sex standardised rate per 100,000",NA,NA,NA,NA,NA,NA,NA
"Psychiatric patient hospitalisations","S12000038","4","2014/15 to 2016/17 financial years; 3-year aggregates",55.7,165.2,124,215.4,"Age-sex standardised rate per 100,000",NA,NA,NA,NA,NA,NA,NA
"Psychiatric patient hospitalisations","S12000038","5 - least deprived","2014/15 to 2016/17 financial years; 3-year aggregates",38,115.3,80.6,159.4,"Age-sex standardised rate per 100,000",NA,NA,NA,NA,NA,NA,NA
"Psychiatric patient hospitalisations","S12000038","Total","2014/15 to 2016/17 financial years; 3-year aggregates",476.7,278.3,253.6,304.8,"Age-sex standardised rate per 100,000",88.1,50.4,125.8,490.5,280.7,700.4,58.3
"Psychiatric patient hospitalisations","S12000038","1 - most deprived","2015/16 to 2017/18 financial years; 3-year aggregates",173,492,419.8,572.7,"Age-sex standardised rate per 100,000",NA,NA,NA,NA,NA,NA,NA
"Psychiatric patient hospitalisations","S12000038","2","2015/16 to 2017/18 financial years; 3-year aggregates",119.3,339.1,280,406.8,"Age-sex standardised rate per 100,000",NA,NA,NA,NA,NA,NA,NA
"Psychiatric patient hospitalisations","S12000038","3","2015/16 to 2017/18 financial years; 3-year aggregates",86.7,249,198.8,307.9,"Age-sex standardised rate per 100,000",NA,NA,NA,NA,NA,NA,NA
"Psychiatric patient hospitalisations","S12000038","4","2015/16 to 2017/18 financial years; 3-year aggregates",54,158,118,206.9,"Age-sex standardised rate per 100,000",NA,NA,NA,NA,NA,NA,NA
"Psychiatric patient hospitalisations","S12000038","5 - least deprived","2015/16 to 2017/18 financial years; 3-year aggregates",36.7,106.3,74,147.5,"Age-sex standardised rate per 100,000",NA,NA,NA,NA,NA,NA,NA
"Psychiatric patient hospitalisations","S12000038","Total","2015/16 to 2017/18 financial years; 3-year aggregates",469.7,272.1,247.8,298.1,"Age-sex standardised rate per 100,000",87.5,57.7,117.4,476.2,313.8,638.7,60.5
"Psychiatric patient hospitalisations","S12000038","1 - most deprived","2016/17 to 2018/19 financial years; 3-year aggregates",194.3,542.3,467.1,626,"Age-sex standardised rate per 100,000",NA,NA,NA,NA,NA,NA,NA
"Psychiatric patient hospitalisations","S12000038","2","2016/17 to 2018/19 financial years; 3-year aggregates",118.7,337.9,279.1,405.2,"Age-sex standardised rate per 100,000",NA,NA,NA,NA,NA,NA,NA
"Psychiatric patient hospitalisations","S12000038","3","2016/17 to 2018/19 financial years; 3-year aggregates",102.7,292,237.6,355,"Age-sex standardised rate per 100,000",NA,NA,NA,NA,NA,NA,NA
"Psychiatric patient hospitalisations","S12000038","4","2016/17 to 2018/19 financial years; 3-year aggregates",55.7,160.9,120.8,209.9,"Age-sex standardised rate per 100,000",NA,NA,NA,NA,NA,NA,NA
"Psychiatric patient hospitalisations","S12000038","5 - least deprived","2016/17 to 2018/19 financial years; 3-year aggregates",38.7,113.9,79.6,157.6,"Age-sex standardised rate per 100,000",NA,NA,NA,NA,NA,NA,NA
"Psychiatric patient hospitalisations","S12000038","Total","2016/17 to 2018/19 financial years; 3-year aggregates",510,292.9,267.7,319.7,"Age-sex standardised rate per 100,000",88.3,47.4,129.2,517.3,277.8,756.7,60.6
"Psychiatric patient hospitalisations","S12000038","1 - most deprived","2017/18 to 2019/20 financial years; 3-year aggregates",214.7,588.1,510.6,674,"Age-sex standardised rate per 100,000",NA,NA,NA,NA,NA,NA,NA
"Psychiatric patient hospitalisations","S12000038","2","2017/18 to 2019/20 financial years; 3-year aggregates",127,365.9,304.1,436.5,"Age-sex standardised rate per 100,000",NA,NA,NA,NA,NA,NA,NA
"Psychiatric patient hospitalisations","S12000038","3","2017/18 to 2019/20 financial years; 3-year aggregates",113,319.4,262.4,384.9,"Age-sex standardised rate per 100,000",NA,NA,NA,NA,NA,NA,NA
"Psychiatric patient hospitalisations","S12000038","4","2017/18 to 2019/20 financial years; 3-year aggregates",54.7,154.1,115.3,201.6,"Age-sex standardised rate per 100,000",NA,NA,NA,NA,NA,NA,NA
"Psychiatric patient hospitalisations","S12000038","5 - least deprived","2017/18 to 2019/20 financial years; 3-year aggregates",41.3,118.8,84.3,162.3,"Age-sex standardised rate per 100,000",NA,NA,NA,NA,NA,NA,NA
"Psychiatric patient hospitalisations","S12000038","Total","2017/18 to 2019/20 financial years; 3-year aggregates",550.7,313.4,287.5,341,"Age-sex standardised rate per 100,000",91.9,47.6,136.2,576.1,298.4,853.8,61.6
