"indicator","geography_code","quintile","period","numerator","indicator_measure","lower_confidence_interval","upper_confidence_interval","definition","relative_inequality_gap","lower_confidence_interval_relative_ineq","upper_confidence_interval_relative_ineq","absolute_inequality_gap","lower_confidence_interval_absolute_ineq","upper_confidence_interval_absolute_ineq","population_attributable_risk"
"Psychiatric patient hospitalisations","S12000042","1 - most deprived","2002/03 to 2004/05 financial years; 3-year aggregates",187.3,713.2,610.9,827.1,"Age-sex standardised rate per 100,000",NA,NA,NA,NA,NA,NA,NA
"Psychiatric patient hospitalisations","S12000042","2","2002/03 to 2004/05 financial years; 3-year aggregates",156.7,580.3,488.4,683.8,"Age-sex standardised rate per 100,000",NA,NA,NA,NA,NA,NA,NA
"Psychiatric patient hospitalisations","S12000042","3","2002/03 to 2004/05 financial years; 3-year aggregates",143,509.6,426.4,603.7,"Age-sex standardised rate per 100,000",NA,NA,NA,NA,NA,NA,NA
"Psychiatric patient hospitalisations","S12000042","4","2002/03 to 2004/05 financial years; 3-year aggregates",93.3,336.2,269,414.7,"Age-sex standardised rate per 100,000",NA,NA,NA,NA,NA,NA,NA
"Psychiatric patient hospitalisations","S12000042","5 - least deprived","2002/03 to 2004/05 financial years; 3-year aggregates",62.3,243.1,179.4,320,"Age-sex standardised rate per 100,000",NA,NA,NA,NA,NA,NA,NA
"Psychiatric patient hospitalisations","S12000042","Total","2002/03 to 2004/05 financial years; 3-year aggregates",642.7,468.6,431.5,507.9,"Age-sex standardised rate per 100,000",63.2,50.3,76.1,592,471.1,712.9,48.8
"Psychiatric patient hospitalisations","S12000042","1 - most deprived","2003/04 to 2005/06 financial years; 3-year aggregates",190.3,723.9,621.3,838.2,"Age-sex standardised rate per 100,000",NA,NA,NA,NA,NA,NA,NA
"Psychiatric patient hospitalisations","S12000042","2","2003/04 to 2005/06 financial years; 3-year aggregates",163.3,594.7,504.1,696.6,"Age-sex standardised rate per 100,000",NA,NA,NA,NA,NA,NA,NA
"Psychiatric patient hospitalisations","S12000042","3","2003/04 to 2005/06 financial years; 3-year aggregates",131.7,465.1,386.2,554.8,"Age-sex standardised rate per 100,000",NA,NA,NA,NA,NA,NA,NA
"Psychiatric patient hospitalisations","S12000042","4","2003/04 to 2005/06 financial years; 3-year aggregates",88.3,322.3,255.8,400.2,"Age-sex standardised rate per 100,000",NA,NA,NA,NA,NA,NA,NA
"Psychiatric patient hospitalisations","S12000042","5 - least deprived","2003/04 to 2005/06 financial years; 3-year aggregates",50.3,189.1,136.2,254.3,"Age-sex standardised rate per 100,000",NA,NA,NA,NA,NA,NA,NA
"Psychiatric patient hospitalisations","S12000042","Total","2003/04 to 2005/06 financial years; 3-year aggregates",624,452.4,416.4,490.7,"Age-sex standardised rate per 100,000",74,71.9,76.2,669.9,650.5,689.3,58.8
"Psychiatric patient hospitalisations","S12000042","1 - most deprived","2004/05 to 2006/07 financial years; 3-year aggregates",179.7,672.7,575.7,781.1,"Age-sex standardised rate per 100,000",NA,NA,NA,NA,NA,NA,NA
"Psychiatric patient hospitalisations","S12000042","2","2004/05 to 2006/07 financial years; 3-year aggregates",158.3,575.8,486.7,676.1,"Age-sex standardised rate per 100,000",NA,NA,NA,NA,NA,NA,NA
"Psychiatric patient hospitalisations","S12000042","3","2004/05 to 2006/07 financial years; 3-year aggregates",121.3,426,350.7,512.3,"Age-sex standardised rate per 100,000",NA,NA,NA,NA,NA,NA,NA
"Psychiatric patient hospitalisations","S12000042","4","2004/05 to 2006/07 financial years; 3-year aggregates",80,296.9,232.4,373,"Age-sex standardised rate per 100,000",NA,NA,NA,NA,NA,NA,NA
"Psychiatric patient hospitalisations","S12000042","5 - least deprived","2004/05 to 2006/07 financial years; 3-year aggregates",43,156.1,111.1,212.7,"Age-sex standardised rate per 100,000",NA,NA,NA,NA,NA,NA,NA
"Psychiatric patient hospitalisations","S12000042","Total","2004/05 to 2006/07 financial years; 3-year aggregates",582.3,420.5,386,457.1,"Age-sex standardised rate per 100,000",77.8,68.8,86.8,654.4,578.9,729.9,63.4
"Psychiatric patient hospitalisations","S12000042","1 - most deprived","2005/06 to 2007/08 financial years; 3-year aggregates",170.7,639.7,545.2,745.6,"Age-sex standardised rate per 100,000",NA,NA,NA,NA,NA,NA,NA
"Psychiatric patient hospitalisations","S12000042","2","2005/06 to 2007/08 financial years; 3-year aggregates",144,526.7,440.3,624.5,"Age-sex standardised rate per 100,000",NA,NA,NA,NA,NA,NA,NA
"Psychiatric patient hospitalisations","S12000042","3","2005/06 to 2007/08 financial years; 3-year aggregates",111,391.7,320,474.3,"Age-sex standardised rate per 100,000",NA,NA,NA,NA,NA,NA,NA
"Psychiatric patient hospitalisations","S12000042","4","2005/06 to 2007/08 financial years; 3-year aggregates",79.3,299.5,234.1,376.9,"Age-sex standardised rate per 100,000",NA,NA,NA,NA,NA,NA,NA
"Psychiatric patient hospitalisations","S12000042","5 - least deprived","2005/06 to 2007/08 financial years; 3-year aggregates",35,125.3,86.6,175.2,"Age-sex standardised rate per 100,000",NA,NA,NA,NA,NA,NA,NA
"Psychiatric patient hospitalisations","S12000042","Total","2005/06 to 2007/08 financial years; 3-year aggregates",540,392,358.8,427.4,"Age-sex standardised rate per 100,000",80,66,94,627.1,517.2,737.1,68.6
"Psychiatric patient hospitalisations","S12000042","1 - most deprived","2006/07 to 2008/09 financial years; 3-year aggregates",166.3,614.7,522.9,717.7,"Age-sex standardised rate per 100,000",NA,NA,NA,NA,NA,NA,NA
"Psychiatric patient hospitalisations","S12000042","2","2006/07 to 2008/09 financial years; 3-year aggregates",131.3,475.7,394.4,568.2,"Age-sex standardised rate per 100,000",NA,NA,NA,NA,NA,NA,NA
"Psychiatric patient hospitalisations","S12000042","3","2006/07 to 2008/09 financial years; 3-year aggregates",114,417.7,342.3,504.4,"Age-sex standardised rate per 100,000",NA,NA,NA,NA,NA,NA,NA
"Psychiatric patient hospitalisations","S12000042","4","2006/07 to 2008/09 financial years; 3-year aggregates",83.3,317.6,249.8,397.4,"Age-sex standardised rate per 100,000",NA,NA,NA,NA,NA,NA,NA
"Psychiatric patient hospitalisations","S12000042","5 - least deprived","2006/07 to 2008/09 financial years; 3-year aggregates",41,143.4,102.3,195.3,"Age-sex standardised rate per 100,000",NA,NA,NA,NA,NA,NA,NA
"Psychiatric patient hospitalisations","S12000042","Total","2006/07 to 2008/09 financial years; 3-year aggregates",536,390.5,357.4,425.8,"Age-sex standardised rate per 100,000",70.5,48.2,92.7,550.5,376.8,724.3,63.9
"Psychiatric patient hospitalisations","S12000042","1 - most deprived","2007/08 to 2009/10 financial years; 3-year aggregates",182.3,663.5,568.5,769.5,"Age-sex standardised rate per 100,000",NA,NA,NA,NA,NA,NA,NA
"Psychiatric patient hospitalisations","S12000042","2","2007/08 to 2009/10 financial years; 3-year aggregates",134,492.6,406.8,590.1,"Age-sex standardised rate per 100,000",NA,NA,NA,NA,NA,NA,NA
"Psychiatric patient hospitalisations","S12000042","3","2007/08 to 2009/10 financial years; 3-year aggregates",130.3,486.7,404,581,"Age-sex standardised rate per 100,000",NA,NA,NA,NA,NA,NA,NA
"Psychiatric patient hospitalisations","S12000042","4","2007/08 to 2009/10 financial years; 3-year aggregates",87.3,334.3,264.4,416.3,"Age-sex standardised rate per 100,000",NA,NA,NA,NA,NA,NA,NA
"Psychiatric patient hospitalisations","S12000042","5 - least deprived","2007/08 to 2009/10 financial years; 3-year aggregates",47.7,162.8,119,217.2,"Age-sex standardised rate per 100,000",NA,NA,NA,NA,NA,NA,NA
"Psychiatric patient hospitalisations","S12000042","Total","2007/08 to 2009/10 financial years; 3-year aggregates",581.7,422.8,388.3,459.5,"Age-sex standardised rate per 100,000",68.7,38.2,99.2,581.1,323.4,838.9,62.3
"Psychiatric patient hospitalisations","S12000042","1 - most deprived","2008/09 to 2010/11 financial years; 3-year aggregates",189,679,583.7,785.1,"Age-sex standardised rate per 100,000",NA,NA,NA,NA,NA,NA,NA
"Psychiatric patient hospitalisations","S12000042","2","2008/09 to 2010/11 financial years; 3-year aggregates",137.3,496.6,414.2,590,"Age-sex standardised rate per 100,000",NA,NA,NA,NA,NA,NA,NA
"Psychiatric patient hospitalisations","S12000042","3","2008/09 to 2010/11 financial years; 3-year aggregates",137.7,514.1,428.8,611,"Age-sex standardised rate per 100,000",NA,NA,NA,NA,NA,NA,NA
"Psychiatric patient hospitalisations","S12000042","4","2008/09 to 2010/11 financial years; 3-year aggregates",87,323.1,256,401.8,"Age-sex standardised rate per 100,000",NA,NA,NA,NA,NA,NA,NA
"Psychiatric patient hospitalisations","S12000042","5 - least deprived","2008/09 to 2010/11 financial years; 3-year aggregates",53.3,181.8,134.8,239.4,"Age-sex standardised rate per 100,000",NA,NA,NA,NA,NA,NA,NA
"Psychiatric patient hospitalisations","S12000042","Total","2008/09 to 2010/11 financial years; 3-year aggregates",604.3,436.3,401.4,473.4,"Age-sex standardised rate per 100,000",67,33.9,100.1,584.7,295.5,873.8,59
"Psychiatric patient hospitalisations","S12000042","1 - most deprived","2009/10 to 2011/12 financial years; 3-year aggregates",172.3,629.3,536.3,733.3,"Age-sex standardised rate per 100,000",NA,NA,NA,NA,NA,NA,NA
"Psychiatric patient hospitalisations","S12000042","2","2009/10 to 2011/12 financial years; 3-year aggregates",135.3,487.1,406,579.3,"Age-sex standardised rate per 100,000",NA,NA,NA,NA,NA,NA,NA
"Psychiatric patient hospitalisations","S12000042","3","2009/10 to 2011/12 financial years; 3-year aggregates",136,497.5,414,592.4,"Age-sex standardised rate per 100,000",NA,NA,NA,NA,NA,NA,NA
"Psychiatric patient hospitalisations","S12000042","4","2009/10 to 2011/12 financial years; 3-year aggregates",76,274.7,214.5,346.1,"Age-sex standardised rate per 100,000",NA,NA,NA,NA,NA,NA,NA
"Psychiatric patient hospitalisations","S12000042","5 - least deprived","2009/10 to 2011/12 financial years; 3-year aggregates",51.3,176.6,129.8,234.2,"Age-sex standardised rate per 100,000",NA,NA,NA,NA,NA,NA,NA
"Psychiatric patient hospitalisations","S12000042","Total","2009/10 to 2011/12 financial years; 3-year aggregates",571,411.7,377.8,447.9,"Age-sex standardised rate per 100,000",67.7,33,102.5,557.7,271.4,844.1,57.6
"Psychiatric patient hospitalisations","S12000042","1 - most deprived","2010/11 to 2012/13 financial years; 3-year aggregates",154,566.6,478.1,666.4,"Age-sex standardised rate per 100,000",NA,NA,NA,NA,NA,NA,NA
"Psychiatric patient hospitalisations","S12000042","2","2010/11 to 2012/13 financial years; 3-year aggregates",123.3,433.9,358.2,520.3,"Age-sex standardised rate per 100,000",NA,NA,NA,NA,NA,NA,NA
"Psychiatric patient hospitalisations","S12000042","3","2010/11 to 2012/13 financial years; 3-year aggregates",112.3,406.2,331.4,492.2,"Age-sex standardised rate per 100,000",NA,NA,NA,NA,NA,NA,NA
"Psychiatric patient hospitalisations","S12000042","4","2010/11 to 2012/13 financial years; 3-year aggregates",65.3,235.1,180.4,301,"Age-sex standardised rate per 100,000",NA,NA,NA,NA,NA,NA,NA
"Psychiatric patient hospitalisations","S12000042","5 - least deprived","2010/11 to 2012/13 financial years; 3-year aggregates",49,171.3,124.7,229,"Age-sex standardised rate per 100,000",NA,NA,NA,NA,NA,NA,NA
"Psychiatric patient hospitalisations","S12000042","Total","2010/11 to 2012/13 financial years; 3-year aggregates",504,363.2,331.3,397.2,"Age-sex standardised rate per 100,000",68,44.1,92,494.1,320.2,668,53.1
"Psychiatric patient hospitalisations","S12000042","1 - most deprived","2011/12 to 2013/14 financial years; 3-year aggregates",145.7,535.6,449.2,633.2,"Age-sex standardised rate per 100,000",NA,NA,NA,NA,NA,NA,NA
"Psychiatric patient hospitalisations","S12000042","2","2011/12 to 2013/14 financial years; 3-year aggregates",119,416.6,342.5,501.5,"Age-sex standardised rate per 100,000",NA,NA,NA,NA,NA,NA,NA
"Psychiatric patient hospitalisations","S12000042","3","2011/12 to 2013/14 financial years; 3-year aggregates",112.3,404,329.1,490.2,"Age-sex standardised rate per 100,000",NA,NA,NA,NA,NA,NA,NA
"Psychiatric patient hospitalisations","S12000042","4","2011/12 to 2013/14 financial years; 3-year aggregates",66.7,238.1,183.2,304,"Age-sex standardised rate per 100,000",NA,NA,NA,NA,NA,NA,NA
"Psychiatric patient hospitalisations","S12000042","5 - least deprived","2011/12 to 2013/14 financial years; 3-year aggregates",51,174.6,128.1,231.9,"Age-sex standardised rate per 100,000",NA,NA,NA,NA,NA,NA,NA
"Psychiatric patient hospitalisations","S12000042","Total","2011/12 to 2013/14 financial years; 3-year aggregates",494.7,353.5,322.1,387,"Age-sex standardised rate per 100,000",63.5,37.5,89.5,448.8,264.8,632.8,51
"Psychiatric patient hospitalisations","S12000042","1 - most deprived","2012/13 to 2014/15 financial years; 3-year aggregates",157.3,579.5,489.9,680.4,"Age-sex standardised rate per 100,000",NA,NA,NA,NA,NA,NA,NA
"Psychiatric patient hospitalisations","S12000042","2","2012/13 to 2014/15 financial years; 3-year aggregates",118.3,415.7,341.6,500.6,"Age-sex standardised rate per 100,000",NA,NA,NA,NA,NA,NA,NA
"Psychiatric patient hospitalisations","S12000042","3","2012/13 to 2014/15 financial years; 3-year aggregates",108.7,382.9,310.8,466,"Age-sex standardised rate per 100,000",NA,NA,NA,NA,NA,NA,NA
"Psychiatric patient hospitalisations","S12000042","4","2012/13 to 2014/15 financial years; 3-year aggregates",71,251.8,195.2,319.5,"Age-sex standardised rate per 100,000",NA,NA,NA,NA,NA,NA,NA
"Psychiatric patient hospitalisations","S12000042","5 - least deprived","2012/13 to 2014/15 financial years; 3-year aggregates",49.3,164,119.8,218.8,"Age-sex standardised rate per 100,000",NA,NA,NA,NA,NA,NA,NA
"Psychiatric patient hospitalisations","S12000042","Total","2012/13 to 2014/15 financial years; 3-year aggregates",504.7,357.5,326.1,391,"Age-sex standardised rate per 100,000",69.4,47.3,91.5,496.3,338.4,654.3,54.5
"Psychiatric patient hospitalisations","S12000042","1 - most deprived","2013/14 to 2015/16 financial years; 3-year aggregates",173.7,645.1,549.1,752.6,"Age-sex standardised rate per 100,000",NA,NA,NA,NA,NA,NA,NA
"Psychiatric patient hospitalisations","S12000042","2","2013/14 to 2015/16 financial years; 3-year aggregates",129.7,458.9,380.8,547.8,"Age-sex standardised rate per 100,000",NA,NA,NA,NA,NA,NA,NA
"Psychiatric patient hospitalisations","S12000042","3","2013/14 to 2015/16 financial years; 3-year aggregates",120.7,420.8,345.8,506.7,"Age-sex standardised rate per 100,000",NA,NA,NA,NA,NA,NA,NA
"Psychiatric patient hospitalisations","S12000042","4","2013/14 to 2015/16 financial years; 3-year aggregates",73.7,258.1,200.7,326.4,"Age-sex standardised rate per 100,000",NA,NA,NA,NA,NA,NA,NA
"Psychiatric patient hospitalisations","S12000042","5 - least deprived","2013/14 to 2015/16 financial years; 3-year aggregates",48.7,161.1,117.8,214.8,"Age-sex standardised rate per 100,000",NA,NA,NA,NA,NA,NA,NA
"Psychiatric patient hospitalisations","S12000042","Total","2013/14 to 2015/16 financial years; 3-year aggregates",546.3,384.8,352.3,419.4,"Age-sex standardised rate per 100,000",75.8,51.9,99.6,583,399.8,766.3,58.7
"Psychiatric patient hospitalisations","S12000042","1 - most deprived","2014/15 to 2016/17 financial years; 3-year aggregates",184.3,691.6,590.8,804.1,"Age-sex standardised rate per 100,000",NA,NA,NA,NA,NA,NA,NA
"Psychiatric patient hospitalisations","S12000042","2","2014/15 to 2016/17 financial years; 3-year aggregates",138,495.3,413.4,588.2,"Age-sex standardised rate per 100,000",NA,NA,NA,NA,NA,NA,NA
"Psychiatric patient hospitalisations","S12000042","3","2014/15 to 2016/17 financial years; 3-year aggregates",125.3,435.3,359.6,521.7,"Age-sex standardised rate per 100,000",NA,NA,NA,NA,NA,NA,NA
"Psychiatric patient hospitalisations","S12000042","4","2014/15 to 2016/17 financial years; 3-year aggregates",72.7,253.8,196.4,322.1,"Age-sex standardised rate per 100,000",NA,NA,NA,NA,NA,NA,NA
"Psychiatric patient hospitalisations","S12000042","5 - least deprived","2014/15 to 2016/17 financial years; 3-year aggregates",43.7,139.4,100.3,188.4,"Age-sex standardised rate per 100,000",NA,NA,NA,NA,NA,NA,NA
"Psychiatric patient hospitalisations","S12000042","Total","2014/15 to 2016/17 financial years; 3-year aggregates",564,397.5,364.4,432.6,"Age-sex standardised rate per 100,000",84.4,62.8,106.1,671.2,499.3,843.1,65.5
"Psychiatric patient hospitalisations","S12000042","1 - most deprived","2015/16 to 2017/18 financial years; 3-year aggregates",188,711.9,609.3,826.3,"Age-sex standardised rate per 100,000",NA,NA,NA,NA,NA,NA,NA
"Psychiatric patient hospitalisations","S12000042","2","2015/16 to 2017/18 financial years; 3-year aggregates",139.3,502.3,419.8,595.9,"Age-sex standardised rate per 100,000",NA,NA,NA,NA,NA,NA,NA
"Psychiatric patient hospitalisations","S12000042","3","2015/16 to 2017/18 financial years; 3-year aggregates",131.7,462,383.7,551.1,"Age-sex standardised rate per 100,000",NA,NA,NA,NA,NA,NA,NA
"Psychiatric patient hospitalisations","S12000042","4","2015/16 to 2017/18 financial years; 3-year aggregates",73.7,265.6,206,336.5,"Age-sex standardised rate per 100,000",NA,NA,NA,NA,NA,NA,NA
"Psychiatric patient hospitalisations","S12000042","5 - least deprived","2015/16 to 2017/18 financial years; 3-year aggregates",46.3,148,107.6,198.2,"Age-sex standardised rate per 100,000",NA,NA,NA,NA,NA,NA,NA
"Psychiatric patient hospitalisations","S12000042","Total","2015/16 to 2017/18 financial years; 3-year aggregates",579,410,376.4,445.7,"Age-sex standardised rate per 100,000",83,56.8,109.2,680.6,466.1,895,64.6
"Psychiatric patient hospitalisations","S12000042","1 - most deprived","2016/17 to 2018/19 financial years; 3-year aggregates",189,723.2,620,838.2,"Age-sex standardised rate per 100,000",NA,NA,NA,NA,NA,NA,NA
"Psychiatric patient hospitalisations","S12000042","2","2016/17 to 2018/19 financial years; 3-year aggregates",141,508.4,425.2,602.7,"Age-sex standardised rate per 100,000",NA,NA,NA,NA,NA,NA,NA
"Psychiatric patient hospitalisations","S12000042","3","2016/17 to 2018/19 financial years; 3-year aggregates",137.3,474.8,395.8,564.4,"Age-sex standardised rate per 100,000",NA,NA,NA,NA,NA,NA,NA
"Psychiatric patient hospitalisations","S12000042","4","2016/17 to 2018/19 financial years; 3-year aggregates",79,283.2,221.8,355.8,"Age-sex standardised rate per 100,000",NA,NA,NA,NA,NA,NA,NA
"Psychiatric patient hospitalisations","S12000042","5 - least deprived","2016/17 to 2018/19 financial years; 3-year aggregates",51.3,160.1,118.4,211.6,"Age-sex standardised rate per 100,000",NA,NA,NA,NA,NA,NA,NA
"Psychiatric patient hospitalisations","S12000042","Total","2016/17 to 2018/19 financial years; 3-year aggregates",597.7,420.7,386.8,456.8,"Age-sex standardised rate per 100,000",80.1,53.3,106.9,673.8,448.5,899.2,62.7
"Psychiatric patient hospitalisations","S12000042","1 - most deprived","2017/18 to 2019/20 financial years; 3-year aggregates",195,744.5,640.1,860.7,"Age-sex standardised rate per 100,000",NA,NA,NA,NA,NA,NA,NA
"Psychiatric patient hospitalisations","S12000042","2","2017/18 to 2019/20 financial years; 3-year aggregates",138.3,495.8,414,588.6,"Age-sex standardised rate per 100,000",NA,NA,NA,NA,NA,NA,NA
"Psychiatric patient hospitalisations","S12000042","3","2017/18 to 2019/20 financial years; 3-year aggregates",138.7,478.4,399.4,568,"Age-sex standardised rate per 100,000",NA,NA,NA,NA,NA,NA,NA
"Psychiatric patient hospitalisations","S12000042","4","2017/18 to 2019/20 financial years; 3-year aggregates",79.3,283.8,222.4,356.4,"Age-sex standardised rate per 100,000",NA,NA,NA,NA,NA,NA,NA
"Psychiatric patient hospitalisations","S12000042","5 - least deprived","2017/18 to 2019/20 financial years; 3-year aggregates",52.3,162.9,120.8,214.6,"Age-sex standardised rate per 100,000",NA,NA,NA,NA,NA,NA,NA
"Psychiatric patient hospitalisations","S12000042","Total","2017/18 to 2019/20 financial years; 3-year aggregates",603.7,424.1,390.1,460.2,"Age-sex standardised rate per 100,000",80.8,47.7,113.8,685.2,404.9,965.5,62.3
