"indicator","geography_code","quintile","period","numerator","indicator_measure","lower_confidence_interval","upper_confidence_interval","definition","relative_inequality_gap","lower_confidence_interval_relative_ineq","upper_confidence_interval_relative_ineq","absolute_inequality_gap","lower_confidence_interval_absolute_ineq","upper_confidence_interval_absolute_ineq","population_attributable_risk"
"Psychiatric patient hospitalisations","S12000040","1 - most deprived","2002/03 to 2004/05 financial years; 3-year aggregates",191.3,667.2,567.3,778.3,"Age-sex standardised rate per 100,000",NA,NA,NA,NA,NA,NA,NA
"Psychiatric patient hospitalisations","S12000040","2","2002/03 to 2004/05 financial years; 3-year aggregates",153.3,538.6,446.9,642,"Age-sex standardised rate per 100,000",NA,NA,NA,NA,NA,NA,NA
"Psychiatric patient hospitalisations","S12000040","3","2002/03 to 2004/05 financial years; 3-year aggregates",127.3,438.2,358.6,529,"Age-sex standardised rate per 100,000",NA,NA,NA,NA,NA,NA,NA
"Psychiatric patient hospitalisations","S12000040","4","2002/03 to 2004/05 financial years; 3-year aggregates",103.7,398.3,315.4,494.3,"Age-sex standardised rate per 100,000",NA,NA,NA,NA,NA,NA,NA
"Psychiatric patient hospitalisations","S12000040","5 - least deprived","2002/03 to 2004/05 financial years; 3-year aggregates",47,199.3,137.4,276.1,"Age-sex standardised rate per 100,000",NA,NA,NA,NA,NA,NA,NA
"Psychiatric patient hospitalisations","S12000040","Total","2002/03 to 2004/05 financial years; 3-year aggregates",622.7,447.5,408.9,488.6,"Age-sex standardised rate per 100,000",59.9,37.2,82.7,536.4,332.6,740.3,55.5
"Psychiatric patient hospitalisations","S12000040","1 - most deprived","2003/04 to 2005/06 financial years; 3-year aggregates",193,651.4,557.2,756.3,"Age-sex standardised rate per 100,000",NA,NA,NA,NA,NA,NA,NA
"Psychiatric patient hospitalisations","S12000040","2","2003/04 to 2005/06 financial years; 3-year aggregates",166,573.6,481.5,676.9,"Age-sex standardised rate per 100,000",NA,NA,NA,NA,NA,NA,NA
"Psychiatric patient hospitalisations","S12000040","3","2003/04 to 2005/06 financial years; 3-year aggregates",130.3,430.7,356.1,515.7,"Age-sex standardised rate per 100,000",NA,NA,NA,NA,NA,NA,NA
"Psychiatric patient hospitalisations","S12000040","4","2003/04 to 2005/06 financial years; 3-year aggregates",97.7,355,282.1,439.8,"Age-sex standardised rate per 100,000",NA,NA,NA,NA,NA,NA,NA
"Psychiatric patient hospitalisations","S12000040","5 - least deprived","2003/04 to 2005/06 financial years; 3-year aggregates",49.3,201.8,141.7,276,"Age-sex standardised rate per 100,000",NA,NA,NA,NA,NA,NA,NA
"Psychiatric patient hospitalisations","S12000040","Total","2003/04 to 2005/06 financial years; 3-year aggregates",636.3,442.4,405.7,481.4,"Age-sex standardised rate per 100,000",63,49.9,76.2,557.7,441.4,674,54.4
"Psychiatric patient hospitalisations","S12000040","1 - most deprived","2004/05 to 2006/07 financial years; 3-year aggregates",189,612.9,524.2,711.8,"Age-sex standardised rate per 100,000",NA,NA,NA,NA,NA,NA,NA
"Psychiatric patient hospitalisations","S12000040","2","2004/05 to 2006/07 financial years; 3-year aggregates",157.7,534.6,446.8,633.3,"Age-sex standardised rate per 100,000",NA,NA,NA,NA,NA,NA,NA
"Psychiatric patient hospitalisations","S12000040","3","2004/05 to 2006/07 financial years; 3-year aggregates",130,426.6,352.7,510.7,"Age-sex standardised rate per 100,000",NA,NA,NA,NA,NA,NA,NA
"Psychiatric patient hospitalisations","S12000040","4","2004/05 to 2006/07 financial years; 3-year aggregates",90.7,321.2,252.8,401.2,"Age-sex standardised rate per 100,000",NA,NA,NA,NA,NA,NA,NA
"Psychiatric patient hospitalisations","S12000040","5 - least deprived","2004/05 to 2006/07 financial years; 3-year aggregates",47.3,198.8,137.5,274.9,"Age-sex standardised rate per 100,000",NA,NA,NA,NA,NA,NA,NA
"Psychiatric patient hospitalisations","S12000040","Total","2004/05 to 2006/07 financial years; 3-year aggregates",614.7,419,383.8,456.4,"Age-sex standardised rate per 100,000",62,53.6,70.5,519.9,449,590.7,52.6
"Psychiatric patient hospitalisations","S12000040","1 - most deprived","2005/06 to 2007/08 financial years; 3-year aggregates",178.7,565.4,482.1,658.5,"Age-sex standardised rate per 100,000",NA,NA,NA,NA,NA,NA,NA
"Psychiatric patient hospitalisations","S12000040","2","2005/06 to 2007/08 financial years; 3-year aggregates",149.7,492.5,411.9,583.5,"Age-sex standardised rate per 100,000",NA,NA,NA,NA,NA,NA,NA
"Psychiatric patient hospitalisations","S12000040","3","2005/06 to 2007/08 financial years; 3-year aggregates",127,411,339,493.1,"Age-sex standardised rate per 100,000",NA,NA,NA,NA,NA,NA,NA
"Psychiatric patient hospitalisations","S12000040","4","2005/06 to 2007/08 financial years; 3-year aggregates",82.7,295.6,230.2,372.6,"Age-sex standardised rate per 100,000",NA,NA,NA,NA,NA,NA,NA
"Psychiatric patient hospitalisations","S12000040","5 - least deprived","2005/06 to 2007/08 financial years; 3-year aggregates",49.3,208.1,144.7,286.4,"Age-sex standardised rate per 100,000",NA,NA,NA,NA,NA,NA,NA
"Psychiatric patient hospitalisations","S12000040","Total","2005/06 to 2007/08 financial years; 3-year aggregates",587.3,394.7,361.2,430.3,"Age-sex standardised rate per 100,000",57.7,49.1,66.2,455.2,387.5,522.9,47.4
"Psychiatric patient hospitalisations","S12000040","1 - most deprived","2006/07 to 2008/09 financial years; 3-year aggregates",166,521.6,440.4,612.8,"Age-sex standardised rate per 100,000",NA,NA,NA,NA,NA,NA,NA
"Psychiatric patient hospitalisations","S12000040","2","2006/07 to 2008/09 financial years; 3-year aggregates",144.7,470.3,392.2,558.7,"Age-sex standardised rate per 100,000",NA,NA,NA,NA,NA,NA,NA
"Psychiatric patient hospitalisations","S12000040","3","2006/07 to 2008/09 financial years; 3-year aggregates",113.7,364.5,296.9,442.3,"Age-sex standardised rate per 100,000",NA,NA,NA,NA,NA,NA,NA
"Psychiatric patient hospitalisations","S12000040","4","2006/07 to 2008/09 financial years; 3-year aggregates",78.7,281.8,218.2,356.9,"Age-sex standardised rate per 100,000",NA,NA,NA,NA,NA,NA,NA
"Psychiatric patient hospitalisations","S12000040","5 - least deprived","2006/07 to 2008/09 financial years; 3-year aggregates",49,225.5,153.1,315.2,"Age-sex standardised rate per 100,000",NA,NA,NA,NA,NA,NA,NA
"Psychiatric patient hospitalisations","S12000040","Total","2006/07 to 2008/09 financial years; 3-year aggregates",552,371.7,338.6,406.9,"Age-sex standardised rate per 100,000",52.5,41.8,63.2,390.2,310.7,469.8,39.6
"Psychiatric patient hospitalisations","S12000040","1 - most deprived","2007/08 to 2009/10 financial years; 3-year aggregates",157,487.1,409.9,574.1,"Age-sex standardised rate per 100,000",NA,NA,NA,NA,NA,NA,NA
"Psychiatric patient hospitalisations","S12000040","2","2007/08 to 2009/10 financial years; 3-year aggregates",155.3,491.8,414.6,578.7,"Age-sex standardised rate per 100,000",NA,NA,NA,NA,NA,NA,NA
"Psychiatric patient hospitalisations","S12000040","3","2007/08 to 2009/10 financial years; 3-year aggregates",104,321.5,261.1,391.3,"Age-sex standardised rate per 100,000",NA,NA,NA,NA,NA,NA,NA
"Psychiatric patient hospitalisations","S12000040","4","2007/08 to 2009/10 financial years; 3-year aggregates",77,262.7,203.3,333.1,"Age-sex standardised rate per 100,000",NA,NA,NA,NA,NA,NA,NA
"Psychiatric patient hospitalisations","S12000040","5 - least deprived","2007/08 to 2009/10 financial years; 3-year aggregates",52.7,218.2,151.5,300.2,"Age-sex standardised rate per 100,000",NA,NA,NA,NA,NA,NA,NA
"Psychiatric patient hospitalisations","S12000040","Total","2007/08 to 2009/10 financial years; 3-year aggregates",546,355.3,324.1,388.5,"Age-sex standardised rate per 100,000",53.9,23,84.9,383.2,163.3,603.1,38.9
"Psychiatric patient hospitalisations","S12000040","1 - most deprived","2008/09 to 2010/11 financial years; 3-year aggregates",159.7,482.3,407.4,566.6,"Age-sex standardised rate per 100,000",NA,NA,NA,NA,NA,NA,NA
"Psychiatric patient hospitalisations","S12000040","2","2008/09 to 2010/11 financial years; 3-year aggregates",152.3,467.2,394.1,549.8,"Age-sex standardised rate per 100,000",NA,NA,NA,NA,NA,NA,NA
"Psychiatric patient hospitalisations","S12000040","3","2008/09 to 2010/11 financial years; 3-year aggregates",99,313.3,251.3,385.3,"Age-sex standardised rate per 100,000",NA,NA,NA,NA,NA,NA,NA
"Psychiatric patient hospitalisations","S12000040","4","2008/09 to 2010/11 financial years; 3-year aggregates",80,266.8,205.8,338.9,"Age-sex standardised rate per 100,000",NA,NA,NA,NA,NA,NA,NA
"Psychiatric patient hospitalisations","S12000040","5 - least deprived","2008/09 to 2010/11 financial years; 3-year aggregates",53.7,223,154.3,307.3,"Age-sex standardised rate per 100,000",NA,NA,NA,NA,NA,NA,NA
"Psychiatric patient hospitalisations","S12000040","Total","2008/09 to 2010/11 financial years; 3-year aggregates",544.7,350.2,319.3,383.2,"Age-sex standardised rate per 100,000",51.3,25.2,77.3,359.3,176.8,541.7,36.6
"Psychiatric patient hospitalisations","S12000040","1 - most deprived","2009/10 to 2011/12 financial years; 3-year aggregates",166.3,493.4,419.7,576.1,"Age-sex standardised rate per 100,000",NA,NA,NA,NA,NA,NA,NA
"Psychiatric patient hospitalisations","S12000040","2","2009/10 to 2011/12 financial years; 3-year aggregates",157.7,469.3,397.5,550.2,"Age-sex standardised rate per 100,000",NA,NA,NA,NA,NA,NA,NA
"Psychiatric patient hospitalisations","S12000040","3","2009/10 to 2011/12 financial years; 3-year aggregates",105.7,332.2,268.1,406.2,"Age-sex standardised rate per 100,000",NA,NA,NA,NA,NA,NA,NA
"Psychiatric patient hospitalisations","S12000040","4","2009/10 to 2011/12 financial years; 3-year aggregates",75.7,238.6,183.5,304.1,"Age-sex standardised rate per 100,000",NA,NA,NA,NA,NA,NA,NA
"Psychiatric patient hospitalisations","S12000040","5 - least deprived","2009/10 to 2011/12 financial years; 3-year aggregates",52,212.4,147.2,292.6,"Age-sex standardised rate per 100,000",NA,NA,NA,NA,NA,NA,NA
"Psychiatric patient hospitalisations","S12000040","Total","2009/10 to 2011/12 financial years; 3-year aggregates",557.3,349.3,319.2,381.4,"Age-sex standardised rate per 100,000",56.7,31.8,81.6,396.1,222,570.2,39.5
"Psychiatric patient hospitalisations","S12000040","1 - most deprived","2010/11 to 2012/13 financial years; 3-year aggregates",171,499.6,426.3,581.8,"Age-sex standardised rate per 100,000",NA,NA,NA,NA,NA,NA,NA
"Psychiatric patient hospitalisations","S12000040","2","2010/11 to 2012/13 financial years; 3-year aggregates",157.3,457.6,387.8,536.2,"Age-sex standardised rate per 100,000",NA,NA,NA,NA,NA,NA,NA
"Psychiatric patient hospitalisations","S12000040","3","2010/11 to 2012/13 financial years; 3-year aggregates",106.7,332.4,268.6,406.1,"Age-sex standardised rate per 100,000",NA,NA,NA,NA,NA,NA,NA
"Psychiatric patient hospitalisations","S12000040","4","2010/11 to 2012/13 financial years; 3-year aggregates",77,245.2,188.1,312.8,"Age-sex standardised rate per 100,000",NA,NA,NA,NA,NA,NA,NA
"Psychiatric patient hospitalisations","S12000040","5 - least deprived","2010/11 to 2012/13 financial years; 3-year aggregates",45.7,187,127.2,261.6,"Age-sex standardised rate per 100,000",NA,NA,NA,NA,NA,NA,NA
"Psychiatric patient hospitalisations","S12000040","Total","2010/11 to 2012/13 financial years; 3-year aggregates",557.7,344.8,315.3,376.2,"Age-sex standardised rate per 100,000",60.6,44.2,76.9,417.6,305.1,530.1,46.1
"Psychiatric patient hospitalisations","S12000040","1 - most deprived","2011/12 to 2013/14 financial years; 3-year aggregates",162.3,482.5,409.1,565,"Age-sex standardised rate per 100,000",NA,NA,NA,NA,NA,NA,NA
"Psychiatric patient hospitalisations","S12000040","2","2011/12 to 2013/14 financial years; 3-year aggregates",164.7,474.9,404,554.6,"Age-sex standardised rate per 100,000",NA,NA,NA,NA,NA,NA,NA
"Psychiatric patient hospitalisations","S12000040","3","2011/12 to 2013/14 financial years; 3-year aggregates",101.3,310.2,249.8,380.3,"Age-sex standardised rate per 100,000",NA,NA,NA,NA,NA,NA,NA
"Psychiatric patient hospitalisations","S12000040","4","2011/12 to 2013/14 financial years; 3-year aggregates",83,260,200.8,329.6,"Age-sex standardised rate per 100,000",NA,NA,NA,NA,NA,NA,NA
"Psychiatric patient hospitalisations","S12000040","5 - least deprived","2011/12 to 2013/14 financial years; 3-year aggregates",41,156.4,105.8,220.3,"Age-sex standardised rate per 100,000",NA,NA,NA,NA,NA,NA,NA
"Psychiatric patient hospitalisations","S12000040","Total","2011/12 to 2013/14 financial years; 3-year aggregates",552.3,337.6,308.7,368.4,"Age-sex standardised rate per 100,000",63.8,35.2,92.4,430.8,237.8,623.8,53.9
"Psychiatric patient hospitalisations","S12000040","1 - most deprived","2012/13 to 2014/15 financial years; 3-year aggregates",161.3,486.5,412.1,570.2,"Age-sex standardised rate per 100,000",NA,NA,NA,NA,NA,NA,NA
"Psychiatric patient hospitalisations","S12000040","2","2012/13 to 2014/15 financial years; 3-year aggregates",154,441.2,373.4,517.5,"Age-sex standardised rate per 100,000",NA,NA,NA,NA,NA,NA,NA
"Psychiatric patient hospitalisations","S12000040","3","2012/13 to 2014/15 financial years; 3-year aggregates",97.3,290.9,234.2,356.9,"Age-sex standardised rate per 100,000",NA,NA,NA,NA,NA,NA,NA
"Psychiatric patient hospitalisations","S12000040","4","2012/13 to 2014/15 financial years; 3-year aggregates",79.3,255.3,194,327.8,"Age-sex standardised rate per 100,000",NA,NA,NA,NA,NA,NA,NA
"Psychiatric patient hospitalisations","S12000040","5 - least deprived","2012/13 to 2014/15 financial years; 3-year aggregates",45,149.7,106.6,203.4,"Age-sex standardised rate per 100,000",NA,NA,NA,NA,NA,NA,NA
"Psychiatric patient hospitalisations","S12000040","Total","2012/13 to 2014/15 financial years; 3-year aggregates",537,324.1,296.1,353.8,"Age-sex standardised rate per 100,000",66,43.7,88.4,427.8,283,572.6,54.1
"Psychiatric patient hospitalisations","S12000040","1 - most deprived","2013/14 to 2015/16 financial years; 3-year aggregates",167.7,519.9,441.3,608,"Age-sex standardised rate per 100,000",NA,NA,NA,NA,NA,NA,NA
"Psychiatric patient hospitalisations","S12000040","2","2013/14 to 2015/16 financial years; 3-year aggregates",141.7,407.5,342.5,481.1,"Age-sex standardised rate per 100,000",NA,NA,NA,NA,NA,NA,NA
"Psychiatric patient hospitalisations","S12000040","3","2013/14 to 2015/16 financial years; 3-year aggregates",93,271.9,218.5,334.3,"Age-sex standardised rate per 100,000",NA,NA,NA,NA,NA,NA,NA
"Psychiatric patient hospitalisations","S12000040","4","2013/14 to 2015/16 financial years; 3-year aggregates",78.7,262,198.1,337.4,"Age-sex standardised rate per 100,000",NA,NA,NA,NA,NA,NA,NA
"Psychiatric patient hospitalisations","S12000040","5 - least deprived","2013/14 to 2015/16 financial years; 3-year aggregates",44.3,146.3,103.8,199.4,"Age-sex standardised rate per 100,000",NA,NA,NA,NA,NA,NA,NA
"Psychiatric patient hospitalisations","S12000040","Total","2013/14 to 2015/16 financial years; 3-year aggregates",525.3,317.1,289.5,346.5,"Age-sex standardised rate per 100,000",70.1,41.9,98.2,444.3,265.7,622.9,54.5
"Psychiatric patient hospitalisations","S12000040","1 - most deprived","2014/15 to 2016/17 financial years; 3-year aggregates",166.3,510.2,433.3,596.5,"Age-sex standardised rate per 100,000",NA,NA,NA,NA,NA,NA,NA
"Psychiatric patient hospitalisations","S12000040","2","2014/15 to 2016/17 financial years; 3-year aggregates",124.3,359.4,298.5,428.9,"Age-sex standardised rate per 100,000",NA,NA,NA,NA,NA,NA,NA
"Psychiatric patient hospitalisations","S12000040","3","2014/15 to 2016/17 financial years; 3-year aggregates",100,287,233,349.6,"Age-sex standardised rate per 100,000",NA,NA,NA,NA,NA,NA,NA
"Psychiatric patient hospitalisations","S12000040","4","2014/15 to 2016/17 financial years; 3-year aggregates",70.3,229.3,172,297.7,"Age-sex standardised rate per 100,000",NA,NA,NA,NA,NA,NA,NA
"Psychiatric patient hospitalisations","S12000040","5 - least deprived","2014/15 to 2016/17 financial years; 3-year aggregates",49,155.6,112.8,208.5,"Age-sex standardised rate per 100,000",NA,NA,NA,NA,NA,NA,NA
"Psychiatric patient hospitalisations","S12000040","Total","2014/15 to 2016/17 financial years; 3-year aggregates",510,301.2,275,329.2,"Age-sex standardised rate per 100,000",69.3,42.8,95.9,417.7,257.7,577.7,49.4
"Psychiatric patient hospitalisations","S12000040","1 - most deprived","2015/16 to 2017/18 financial years; 3-year aggregates",158.3,480.7,407.1,563.5,"Age-sex standardised rate per 100,000",NA,NA,NA,NA,NA,NA,NA
"Psychiatric patient hospitalisations","S12000040","2","2015/16 to 2017/18 financial years; 3-year aggregates",121.3,348.7,288.7,417.3,"Age-sex standardised rate per 100,000",NA,NA,NA,NA,NA,NA,NA
"Psychiatric patient hospitalisations","S12000040","3","2015/16 to 2017/18 financial years; 3-year aggregates",93.7,263.4,212.4,322.8,"Age-sex standardised rate per 100,000",NA,NA,NA,NA,NA,NA,NA
"Psychiatric patient hospitalisations","S12000040","4","2015/16 to 2017/18 financial years; 3-year aggregates",70.7,223.7,170.9,286.6,"Age-sex standardised rate per 100,000",NA,NA,NA,NA,NA,NA,NA
"Psychiatric patient hospitalisations","S12000040","5 - least deprived","2015/16 to 2017/18 financial years; 3-year aggregates",44.3,141,100.7,191.3,"Age-sex standardised rate per 100,000",NA,NA,NA,NA,NA,NA,NA
"Psychiatric patient hospitalisations","S12000040","Total","2015/16 to 2017/18 financial years; 3-year aggregates",488.3,285.9,260.6,313,"Age-sex standardised rate per 100,000",70,44.7,95.4,400.5,255.5,545.6,51.5
"Psychiatric patient hospitalisations","S12000040","1 - most deprived","2016/17 to 2018/19 financial years; 3-year aggregates",150.7,448.1,378.4,526.8,"Age-sex standardised rate per 100,000",NA,NA,NA,NA,NA,NA,NA
"Psychiatric patient hospitalisations","S12000040","2","2016/17 to 2018/19 financial years; 3-year aggregates",118.3,336.5,277.9,403.6,"Age-sex standardised rate per 100,000",NA,NA,NA,NA,NA,NA,NA
"Psychiatric patient hospitalisations","S12000040","3","2016/17 to 2018/19 financial years; 3-year aggregates",97.3,271,219.6,330.9,"Age-sex standardised rate per 100,000",NA,NA,NA,NA,NA,NA,NA
"Psychiatric patient hospitalisations","S12000040","4","2016/17 to 2018/19 financial years; 3-year aggregates",69.7,207.7,160,264.7,"Age-sex standardised rate per 100,000",NA,NA,NA,NA,NA,NA,NA
"Psychiatric patient hospitalisations","S12000040","5 - least deprived","2016/17 to 2018/19 financial years; 3-year aggregates",43.7,136.3,97.6,184.8,"Age-sex standardised rate per 100,000",NA,NA,NA,NA,NA,NA,NA
"Psychiatric patient hospitalisations","S12000040","Total","2016/17 to 2018/19 financial years; 3-year aggregates",479.7,276.3,251.9,302.5,"Age-sex standardised rate per 100,000",67.9,52.6,83.1,375,290.7,459.4,51.2
"Psychiatric patient hospitalisations","S12000040","1 - most deprived","2017/18 to 2019/20 financial years; 3-year aggregates",157,463.9,393.3,543.4,"Age-sex standardised rate per 100,000",NA,NA,NA,NA,NA,NA,NA
"Psychiatric patient hospitalisations","S12000040","2","2017/18 to 2019/20 financial years; 3-year aggregates",129.7,366.1,305.3,435.4,"Age-sex standardised rate per 100,000",NA,NA,NA,NA,NA,NA,NA
"Psychiatric patient hospitalisations","S12000040","3","2017/18 to 2019/20 financial years; 3-year aggregates",92.7,254.9,205.3,312.7,"Age-sex standardised rate per 100,000",NA,NA,NA,NA,NA,NA,NA
"Psychiatric patient hospitalisations","S12000040","4","2017/18 to 2019/20 financial years; 3-year aggregates",70,206.3,159.4,262.4,"Age-sex standardised rate per 100,000",NA,NA,NA,NA,NA,NA,NA
"Psychiatric patient hospitalisations","S12000040","5 - least deprived","2017/18 to 2019/20 financial years; 3-year aggregates",34.7,106,72.7,148.9,"Age-sex standardised rate per 100,000",NA,NA,NA,NA,NA,NA,NA
"Psychiatric patient hospitalisations","S12000040","Total","2017/18 to 2019/20 financial years; 3-year aggregates",484,276,251.7,302,"Age-sex standardised rate per 100,000",79,62.6,95.4,435.9,345.5,526.4,62
