"indicator","geography_code","quintile","period","numerator","indicator_measure","lower_confidence_interval","upper_confidence_interval","definition","relative_inequality_gap","lower_confidence_interval_relative_ineq","upper_confidence_interval_relative_ineq","absolute_inequality_gap","lower_confidence_interval_absolute_ineq","upper_confidence_interval_absolute_ineq","population_attributable_risk"
"Psychiatric patient hospitalisations","S12000028","1 - most deprived","2002/03 to 2004/05 financial years; 3-year aggregates",166,784.1,665.4,917.4,"Age-sex standardised rate per 100,000",NA,NA,NA,NA,NA,NA,NA
"Psychiatric patient hospitalisations","S12000028","2","2002/03 to 2004/05 financial years; 3-year aggregates",98,441.3,356.4,539.9,"Age-sex standardised rate per 100,000",NA,NA,NA,NA,NA,NA,NA
"Psychiatric patient hospitalisations","S12000028","3","2002/03 to 2004/05 financial years; 3-year aggregates",88.7,391.9,313,484.2,"Age-sex standardised rate per 100,000",NA,NA,NA,NA,NA,NA,NA
"Psychiatric patient hospitalisations","S12000028","4","2002/03 to 2004/05 financial years; 3-year aggregates",62.3,275.6,208.3,356.8,"Age-sex standardised rate per 100,000",NA,NA,NA,NA,NA,NA,NA
"Psychiatric patient hospitalisations","S12000028","5 - least deprived","2002/03 to 2004/05 financial years; 3-year aggregates",42.7,191.7,136.5,261.1,"Age-sex standardised rate per 100,000",NA,NA,NA,NA,NA,NA,NA
"Psychiatric patient hospitalisations","S12000028","Total","2002/03 to 2004/05 financial years; 3-year aggregates",457.7,417.1,378.8,458.1,"Age-sex standardised rate per 100,000",80.7,26.3,135.2,673.5,219.5,1127.5,54
"Psychiatric patient hospitalisations","S12000028","1 - most deprived","2003/04 to 2005/06 financial years; 3-year aggregates",157,722.7,611.1,848.4,"Age-sex standardised rate per 100,000",NA,NA,NA,NA,NA,NA,NA
"Psychiatric patient hospitalisations","S12000028","2","2003/04 to 2005/06 financial years; 3-year aggregates",93,422.7,339.4,520,"Age-sex standardised rate per 100,000",NA,NA,NA,NA,NA,NA,NA
"Psychiatric patient hospitalisations","S12000028","3","2003/04 to 2005/06 financial years; 3-year aggregates",85,377.2,299.6,468.5,"Age-sex standardised rate per 100,000",NA,NA,NA,NA,NA,NA,NA
"Psychiatric patient hospitalisations","S12000028","4","2003/04 to 2005/06 financial years; 3-year aggregates",60.3,268.8,202.7,348.9,"Age-sex standardised rate per 100,000",NA,NA,NA,NA,NA,NA,NA
"Psychiatric patient hospitalisations","S12000028","5 - least deprived","2003/04 to 2005/06 financial years; 3-year aggregates",47,220,158.9,296,"Age-sex standardised rate per 100,000",NA,NA,NA,NA,NA,NA,NA
"Psychiatric patient hospitalisations","S12000028","Total","2003/04 to 2005/06 financial years; 3-year aggregates",442.3,403.4,365.7,443.8,"Age-sex standardised rate per 100,000",72,20.7,123.3,581,167,994.9,45.5
"Psychiatric patient hospitalisations","S12000028","1 - most deprived","2004/05 to 2006/07 financial years; 3-year aggregates",155,693.4,586.3,814.1,"Age-sex standardised rate per 100,000",NA,NA,NA,NA,NA,NA,NA
"Psychiatric patient hospitalisations","S12000028","2","2004/05 to 2006/07 financial years; 3-year aggregates",90.7,413,331,508.9,"Age-sex standardised rate per 100,000",NA,NA,NA,NA,NA,NA,NA
"Psychiatric patient hospitalisations","S12000028","3","2004/05 to 2006/07 financial years; 3-year aggregates",83.3,376,296.8,469.2,"Age-sex standardised rate per 100,000",NA,NA,NA,NA,NA,NA,NA
"Psychiatric patient hospitalisations","S12000028","4","2004/05 to 2006/07 financial years; 3-year aggregates",55,244.4,182.2,320.4,"Age-sex standardised rate per 100,000",NA,NA,NA,NA,NA,NA,NA
"Psychiatric patient hospitalisations","S12000028","5 - least deprived","2004/05 to 2006/07 financial years; 3-year aggregates",44.7,211.7,151.5,287.1,"Age-sex standardised rate per 100,000",NA,NA,NA,NA,NA,NA,NA
"Psychiatric patient hospitalisations","S12000028","Total","2004/05 to 2006/07 financial years; 3-year aggregates",428.7,389.7,353,429.2,"Age-sex standardised rate per 100,000",73.1,23.9,122.3,569.9,186.3,953.6,45.7
"Psychiatric patient hospitalisations","S12000028","1 - most deprived","2005/06 to 2007/08 financial years; 3-year aggregates",159.3,710.7,603.7,831.1,"Age-sex standardised rate per 100,000",NA,NA,NA,NA,NA,NA,NA
"Psychiatric patient hospitalisations","S12000028","2","2005/06 to 2007/08 financial years; 3-year aggregates",90,403.6,323.4,497.4,"Age-sex standardised rate per 100,000",NA,NA,NA,NA,NA,NA,NA
"Psychiatric patient hospitalisations","S12000028","3","2005/06 to 2007/08 financial years; 3-year aggregates",73.7,332.9,259,420.7,"Age-sex standardised rate per 100,000",NA,NA,NA,NA,NA,NA,NA
"Psychiatric patient hospitalisations","S12000028","4","2005/06 to 2007/08 financial years; 3-year aggregates",49.7,217.7,159.5,289.7,"Age-sex standardised rate per 100,000",NA,NA,NA,NA,NA,NA,NA
"Psychiatric patient hospitalisations","S12000028","5 - least deprived","2005/06 to 2007/08 financial years; 3-year aggregates",47,218.6,157.2,294.9,"Age-sex standardised rate per 100,000",NA,NA,NA,NA,NA,NA,NA
"Psychiatric patient hospitalisations","S12000028","Total","2005/06 to 2007/08 financial years; 3-year aggregates",419.7,379.7,343.6,418.6,"Age-sex standardised rate per 100,000",77.8,14.5,141,590.6,110.2,1071,42.3
"Psychiatric patient hospitalisations","S12000028","1 - most deprived","2006/07 to 2008/09 financial years; 3-year aggregates",153,681.1,576.6,798.9,"Age-sex standardised rate per 100,000",NA,NA,NA,NA,NA,NA,NA
"Psychiatric patient hospitalisations","S12000028","2","2006/07 to 2008/09 financial years; 3-year aggregates",84.7,375.6,299.1,465.6,"Age-sex standardised rate per 100,000",NA,NA,NA,NA,NA,NA,NA
"Psychiatric patient hospitalisations","S12000028","3","2006/07 to 2008/09 financial years; 3-year aggregates",69,312,240.8,397.1,"Age-sex standardised rate per 100,000",NA,NA,NA,NA,NA,NA,NA
"Psychiatric patient hospitalisations","S12000028","4","2006/07 to 2008/09 financial years; 3-year aggregates",47,207.4,149.4,279.7,"Age-sex standardised rate per 100,000",NA,NA,NA,NA,NA,NA,NA
"Psychiatric patient hospitalisations","S12000028","5 - least deprived","2006/07 to 2008/09 financial years; 3-year aggregates",41,182.2,128,250.6,"Age-sex standardised rate per 100,000",NA,NA,NA,NA,NA,NA,NA
"Psychiatric patient hospitalisations","S12000028","Total","2006/07 to 2008/09 financial years; 3-year aggregates",394.7,355.6,320.6,393.2,"Age-sex standardised rate per 100,000",82.8,19.6,146,588.7,139.1,1038.2,48.5
"Psychiatric patient hospitalisations","S12000028","1 - most deprived","2007/08 to 2009/10 financial years; 3-year aggregates",154,684.4,579.8,802.3,"Age-sex standardised rate per 100,000",NA,NA,NA,NA,NA,NA,NA
"Psychiatric patient hospitalisations","S12000028","2","2007/08 to 2009/10 financial years; 3-year aggregates",80.7,358.5,283.9,446.5,"Age-sex standardised rate per 100,000",NA,NA,NA,NA,NA,NA,NA
"Psychiatric patient hospitalisations","S12000028","3","2007/08 to 2009/10 financial years; 3-year aggregates",61.7,273.1,208.1,351.6,"Age-sex standardised rate per 100,000",NA,NA,NA,NA,NA,NA,NA
"Psychiatric patient hospitalisations","S12000028","4","2007/08 to 2009/10 financial years; 3-year aggregates",46,207.2,147.2,281.9,"Age-sex standardised rate per 100,000",NA,NA,NA,NA,NA,NA,NA
"Psychiatric patient hospitalisations","S12000028","5 - least deprived","2007/08 to 2009/10 financial years; 3-year aggregates",36.7,162.4,110.8,228.5,"Age-sex standardised rate per 100,000",NA,NA,NA,NA,NA,NA,NA
"Psychiatric patient hospitalisations","S12000028","Total","2007/08 to 2009/10 financial years; 3-year aggregates",379,341.6,307.4,378.6,"Age-sex standardised rate per 100,000",88.4,15.6,161.2,604,106.7,1101.3,52.2
"Psychiatric patient hospitalisations","S12000028","1 - most deprived","2008/09 to 2010/11 financial years; 3-year aggregates",141.3,617.1,518.8,728.5,"Age-sex standardised rate per 100,000",NA,NA,NA,NA,NA,NA,NA
"Psychiatric patient hospitalisations","S12000028","2","2008/09 to 2010/11 financial years; 3-year aggregates",83.7,373,296.8,462.8,"Age-sex standardised rate per 100,000",NA,NA,NA,NA,NA,NA,NA
"Psychiatric patient hospitalisations","S12000028","3","2008/09 to 2010/11 financial years; 3-year aggregates",54,238.9,178.5,312.8,"Age-sex standardised rate per 100,000",NA,NA,NA,NA,NA,NA,NA
"Psychiatric patient hospitalisations","S12000028","4","2008/09 to 2010/11 financial years; 3-year aggregates",43.7,200.9,141.8,275,"Age-sex standardised rate per 100,000",NA,NA,NA,NA,NA,NA,NA
"Psychiatric patient hospitalisations","S12000028","5 - least deprived","2008/09 to 2010/11 financial years; 3-year aggregates",32.3,140.3,93.4,201.3,"Age-sex standardised rate per 100,000",NA,NA,NA,NA,NA,NA,NA
"Psychiatric patient hospitalisations","S12000028","Total","2008/09 to 2010/11 financial years; 3-year aggregates",355,319.6,286.6,355.4,"Age-sex standardised rate per 100,000",88.9,30.1,147.8,568.5,192.2,944.9,55.7
"Psychiatric patient hospitalisations","S12000028","1 - most deprived","2009/10 to 2011/12 financial years; 3-year aggregates",141.3,619.9,520.8,732.2,"Age-sex standardised rate per 100,000",NA,NA,NA,NA,NA,NA,NA
"Psychiatric patient hospitalisations","S12000028","2","2009/10 to 2011/12 financial years; 3-year aggregates",91,403,323.7,495.8,"Age-sex standardised rate per 100,000",NA,NA,NA,NA,NA,NA,NA
"Psychiatric patient hospitalisations","S12000028","3","2009/10 to 2011/12 financial years; 3-year aggregates",54.7,243.1,182.1,317.7,"Age-sex standardised rate per 100,000",NA,NA,NA,NA,NA,NA,NA
"Psychiatric patient hospitalisations","S12000028","4","2009/10 to 2011/12 financial years; 3-year aggregates",41,187,131.8,256.6,"Age-sex standardised rate per 100,000",NA,NA,NA,NA,NA,NA,NA
"Psychiatric patient hospitalisations","S12000028","5 - least deprived","2009/10 to 2011/12 financial years; 3-year aggregates",32.3,136.9,90.7,196.9,"Age-sex standardised rate per 100,000",NA,NA,NA,NA,NA,NA,NA
"Psychiatric patient hospitalisations","S12000028","Total","2009/10 to 2011/12 financial years; 3-year aggregates",360.3,324.8,291.6,360.8,"Age-sex standardised rate per 100,000",91.8,39.4,144.1,596.1,255.9,936.4,57.3
"Psychiatric patient hospitalisations","S12000028","1 - most deprived","2010/11 to 2012/13 financial years; 3-year aggregates",130.3,572.8,477.7,681.1,"Age-sex standardised rate per 100,000",NA,NA,NA,NA,NA,NA,NA
"Psychiatric patient hospitalisations","S12000028","2","2010/11 to 2012/13 financial years; 3-year aggregates",88.3,389.9,311.8,481.4,"Age-sex standardised rate per 100,000",NA,NA,NA,NA,NA,NA,NA
"Psychiatric patient hospitalisations","S12000028","3","2010/11 to 2012/13 financial years; 3-year aggregates",51.3,226.6,168,298.9,"Age-sex standardised rate per 100,000",NA,NA,NA,NA,NA,NA,NA
"Psychiatric patient hospitalisations","S12000028","4","2010/11 to 2012/13 financial years; 3-year aggregates",39.7,179.8,126.3,247.7,"Age-sex standardised rate per 100,000",NA,NA,NA,NA,NA,NA,NA
"Psychiatric patient hospitalisations","S12000028","5 - least deprived","2010/11 to 2012/13 financial years; 3-year aggregates",35.7,155,104.6,219.8,"Age-sex standardised rate per 100,000",NA,NA,NA,NA,NA,NA,NA
"Psychiatric patient hospitalisations","S12000028","Total","2010/11 to 2012/13 financial years; 3-year aggregates",345.3,309.3,277,344.3,"Age-sex standardised rate per 100,000",85.3,31,139.7,527.8,191.6,864.1,49.6
"Psychiatric patient hospitalisations","S12000028","1 - most deprived","2011/12 to 2013/14 financial years; 3-year aggregates",128.7,569.8,474.7,678.3,"Age-sex standardised rate per 100,000",NA,NA,NA,NA,NA,NA,NA
"Psychiatric patient hospitalisations","S12000028","2","2011/12 to 2013/14 financial years; 3-year aggregates",78.7,349.3,275.3,436.9,"Age-sex standardised rate per 100,000",NA,NA,NA,NA,NA,NA,NA
"Psychiatric patient hospitalisations","S12000028","3","2011/12 to 2013/14 financial years; 3-year aggregates",55.3,244.2,183.1,319,"Age-sex standardised rate per 100,000",NA,NA,NA,NA,NA,NA,NA
"Psychiatric patient hospitalisations","S12000028","4","2011/12 to 2013/14 financial years; 3-year aggregates",35.7,155.1,106.7,217.3,"Age-sex standardised rate per 100,000",NA,NA,NA,NA,NA,NA,NA
"Psychiatric patient hospitalisations","S12000028","5 - least deprived","2011/12 to 2013/14 financial years; 3-year aggregates",36.3,165.2,111.4,234.2,"Age-sex standardised rate per 100,000",NA,NA,NA,NA,NA,NA,NA
"Psychiatric patient hospitalisations","S12000028","Total","2011/12 to 2013/14 financial years; 3-year aggregates",334.7,299.5,267.7,334,"Age-sex standardised rate per 100,000",84.5,22.6,146.5,506.4,135.4,877.3,44.8
"Psychiatric patient hospitalisations","S12000028","1 - most deprived","2012/13 to 2014/15 financial years; 3-year aggregates",110.3,492.2,403.9,593.9,"Age-sex standardised rate per 100,000",NA,NA,NA,NA,NA,NA,NA
"Psychiatric patient hospitalisations","S12000028","2","2012/13 to 2014/15 financial years; 3-year aggregates",76.3,342,268.3,429.3,"Age-sex standardised rate per 100,000",NA,NA,NA,NA,NA,NA,NA
"Psychiatric patient hospitalisations","S12000028","3","2012/13 to 2014/15 financial years; 3-year aggregates",48.3,221.4,162.1,294.9,"Age-sex standardised rate per 100,000",NA,NA,NA,NA,NA,NA,NA
"Psychiatric patient hospitalisations","S12000028","4","2012/13 to 2014/15 financial years; 3-year aggregates",34.7,147.8,101.1,207.9,"Age-sex standardised rate per 100,000",NA,NA,NA,NA,NA,NA,NA
"Psychiatric patient hospitalisations","S12000028","5 - least deprived","2012/13 to 2014/15 financial years; 3-year aggregates",34.7,162.1,107.4,232.7,"Age-sex standardised rate per 100,000",NA,NA,NA,NA,NA,NA,NA
"Psychiatric patient hospitalisations","S12000028","Total","2012/13 to 2014/15 financial years; 3-year aggregates",304.3,274.5,243.9,307.8,"Age-sex standardised rate per 100,000",78.3,24.7,131.9,429.9,135.8,724.1,40.9
"Psychiatric patient hospitalisations","S12000028","1 - most deprived","2013/14 to 2015/16 financial years; 3-year aggregates",102,464.2,377.5,564.5,"Age-sex standardised rate per 100,000",NA,NA,NA,NA,NA,NA,NA
"Psychiatric patient hospitalisations","S12000028","2","2013/14 to 2015/16 financial years; 3-year aggregates",83.3,373.5,296.1,464.7,"Age-sex standardised rate per 100,000",NA,NA,NA,NA,NA,NA,NA
"Psychiatric patient hospitalisations","S12000028","3","2013/14 to 2015/16 financial years; 3-year aggregates",47.7,217.3,158.8,289.9,"Age-sex standardised rate per 100,000",NA,NA,NA,NA,NA,NA,NA
"Psychiatric patient hospitalisations","S12000028","4","2013/14 to 2015/16 financial years; 3-year aggregates",35,149.6,102.9,209.7,"Age-sex standardised rate per 100,000",NA,NA,NA,NA,NA,NA,NA
"Psychiatric patient hospitalisations","S12000028","5 - least deprived","2013/14 to 2015/16 financial years; 3-year aggregates",31,140.1,89.7,206.1,"Age-sex standardised rate per 100,000",NA,NA,NA,NA,NA,NA,NA
"Psychiatric patient hospitalisations","S12000028","Total","2013/14 to 2015/16 financial years; 3-year aggregates",299,271.4,240.8,304.7,"Age-sex standardised rate per 100,000",80.6,37.4,123.7,437.3,203.1,671.5,48
"Psychiatric patient hospitalisations","S12000028","1 - most deprived","2014/15 to 2016/17 financial years; 3-year aggregates",95.3,438.9,354.3,537.5,"Age-sex standardised rate per 100,000",NA,NA,NA,NA,NA,NA,NA
"Psychiatric patient hospitalisations","S12000028","2","2014/15 to 2016/17 financial years; 3-year aggregates",81.7,371.4,293.5,463.2,"Age-sex standardised rate per 100,000",NA,NA,NA,NA,NA,NA,NA
"Psychiatric patient hospitalisations","S12000028","3","2014/15 to 2016/17 financial years; 3-year aggregates",42.7,194.9,139.7,264.2,"Age-sex standardised rate per 100,000",NA,NA,NA,NA,NA,NA,NA
"Psychiatric patient hospitalisations","S12000028","4","2014/15 to 2016/17 financial years; 3-year aggregates",34.7,149.7,102.7,210.3,"Age-sex standardised rate per 100,000",NA,NA,NA,NA,NA,NA,NA
"Psychiatric patient hospitalisations","S12000028","5 - least deprived","2014/15 to 2016/17 financial years; 3-year aggregates",28.7,124.4,77,187,"Age-sex standardised rate per 100,000",NA,NA,NA,NA,NA,NA,NA
"Psychiatric patient hospitalisations","S12000028","Total","2014/15 to 2016/17 financial years; 3-year aggregates",283,259,229,291.7,"Age-sex standardised rate per 100,000",82.2,36,128.5,426,186.3,665.7,51.4
"Psychiatric patient hospitalisations","S12000028","1 - most deprived","2015/16 to 2017/18 financial years; 3-year aggregates",102.3,473.4,385.3,575.5,"Age-sex standardised rate per 100,000",NA,NA,NA,NA,NA,NA,NA
"Psychiatric patient hospitalisations","S12000028","2","2015/16 to 2017/18 financial years; 3-year aggregates",73.3,335.4,261.4,423.4,"Age-sex standardised rate per 100,000",NA,NA,NA,NA,NA,NA,NA
"Psychiatric patient hospitalisations","S12000028","3","2015/16 to 2017/18 financial years; 3-year aggregates",42.3,187.5,134.4,254.2,"Age-sex standardised rate per 100,000",NA,NA,NA,NA,NA,NA,NA
"Psychiatric patient hospitalisations","S12000028","4","2015/16 to 2017/18 financial years; 3-year aggregates",37,155.1,107.7,215.7,"Age-sex standardised rate per 100,000",NA,NA,NA,NA,NA,NA,NA
"Psychiatric patient hospitalisations","S12000028","5 - least deprived","2015/16 to 2017/18 financial years; 3-year aggregates",27.7,113.9,70.5,171.5,"Age-sex standardised rate per 100,000",NA,NA,NA,NA,NA,NA,NA
"Psychiatric patient hospitalisations","S12000028","Total","2015/16 to 2017/18 financial years; 3-year aggregates",282.7,257.8,227.9,290.4,"Age-sex standardised rate per 100,000",87.4,37.9,136.9,450.4,195.2,705.6,55
"Psychiatric patient hospitalisations","S12000028","1 - most deprived","2016/17 to 2018/19 financial years; 3-year aggregates",108.3,501.2,410.4,606,"Age-sex standardised rate per 100,000",NA,NA,NA,NA,NA,NA,NA
"Psychiatric patient hospitalisations","S12000028","2","2016/17 to 2018/19 financial years; 3-year aggregates",64.7,300.2,229.9,384.7,"Age-sex standardised rate per 100,000",NA,NA,NA,NA,NA,NA,NA
"Psychiatric patient hospitalisations","S12000028","3","2016/17 to 2018/19 financial years; 3-year aggregates",45,204.5,147.9,275.1,"Age-sex standardised rate per 100,000",NA,NA,NA,NA,NA,NA,NA
"Psychiatric patient hospitalisations","S12000028","4","2016/17 to 2018/19 financial years; 3-year aggregates",31.7,129.8,87.1,185.4,"Age-sex standardised rate per 100,000",NA,NA,NA,NA,NA,NA,NA
"Psychiatric patient hospitalisations","S12000028","5 - least deprived","2016/17 to 2018/19 financial years; 3-year aggregates",30,124.8,79.1,184.7,"Age-sex standardised rate per 100,000",NA,NA,NA,NA,NA,NA,NA
"Psychiatric patient hospitalisations","S12000028","Total","2016/17 to 2018/19 financial years; 3-year aggregates",279.7,256.6,226.6,289.3,"Age-sex standardised rate per 100,000",90.1,26.5,153.7,462.5,136.1,788.9,50.5
"Psychiatric patient hospitalisations","S12000028","1 - most deprived","2017/18 to 2019/20 financial years; 3-year aggregates",100,464.2,376.8,565.6,"Age-sex standardised rate per 100,000",NA,NA,NA,NA,NA,NA,NA
"Psychiatric patient hospitalisations","S12000028","2","2017/18 to 2019/20 financial years; 3-year aggregates",62,285.6,217.4,368,"Age-sex standardised rate per 100,000",NA,NA,NA,NA,NA,NA,NA
"Psychiatric patient hospitalisations","S12000028","3","2017/18 to 2019/20 financial years; 3-year aggregates",46,206.6,149.8,277.3,"Age-sex standardised rate per 100,000",NA,NA,NA,NA,NA,NA,NA
"Psychiatric patient hospitalisations","S12000028","4","2017/18 to 2019/20 financial years; 3-year aggregates",30.7,126.6,84.2,182.1,"Age-sex standardised rate per 100,000",NA,NA,NA,NA,NA,NA,NA
"Psychiatric patient hospitalisations","S12000028","5 - least deprived","2017/18 to 2019/20 financial years; 3-year aggregates",30,122.3,78.3,180.1,"Age-sex standardised rate per 100,000",NA,NA,NA,NA,NA,NA,NA
"Psychiatric patient hospitalisations","S12000028","Total","2017/18 to 2019/20 financial years; 3-year aggregates",268.7,247.3,217.8,279.6,"Age-sex standardised rate per 100,000",85.3,29.1,141.5,421.9,143.8,700,49.3
