"indicator","geography_code","quintile","period","numerator","indicator_measure","lower_confidence_interval","upper_confidence_interval","definition","relative_inequality_gap","lower_confidence_interval_relative_ineq","upper_confidence_interval_relative_ineq","absolute_inequality_gap","lower_confidence_interval_absolute_ineq","upper_confidence_interval_absolute_ineq","population_attributable_risk"
"Psychiatric patient hospitalisations","S12000027","1 - most deprived","2002/03 to 2004/05 financial years; 3-year aggregates",NA,142.1,49.4,314.1,"Age-sex standardised rate per 100,000",NA,NA,NA,NA,NA,NA,NA
"Psychiatric patient hospitalisations","S12000027","2","2002/03 to 2004/05 financial years; 3-year aggregates",NA,97.6,25.2,252.2,"Age-sex standardised rate per 100,000",NA,NA,NA,NA,NA,NA,NA
"Psychiatric patient hospitalisations","S12000027","3","2002/03 to 2004/05 financial years; 3-year aggregates",NA,73.8,16.5,205.3,"Age-sex standardised rate per 100,000",NA,NA,NA,NA,NA,NA,NA
"Psychiatric patient hospitalisations","S12000027","4","2002/03 to 2004/05 financial years; 3-year aggregates",NA,144,53.5,308.9,"Age-sex standardised rate per 100,000",NA,NA,NA,NA,NA,NA,NA
"Psychiatric patient hospitalisations","S12000027","5 - least deprived","2002/03 to 2004/05 financial years; 3-year aggregates",NA,112.8,37.2,258.4,"Age-sex standardised rate per 100,000",NA,NA,NA,NA,NA,NA,NA
"Psychiatric patient hospitalisations","S12000027","Total","2002/03 to 2004/05 financial years; 3-year aggregates",25,114.2,73.5,169.2,"Age-sex standardised rate per 100,000",2.8,-73,78.7,6.5,-166.9,179.9,1.4
"Psychiatric patient hospitalisations","S12000027","1 - most deprived","2003/04 to 2005/06 financial years; 3-year aggregates",NA,112.3,30.2,282.3,"Age-sex standardised rate per 100,000",NA,NA,NA,NA,NA,NA,NA
"Psychiatric patient hospitalisations","S12000027","2","2003/04 to 2005/06 financial years; 3-year aggregates",NA,106.1,29.7,264.3,"Age-sex standardised rate per 100,000",NA,NA,NA,NA,NA,NA,NA
"Psychiatric patient hospitalisations","S12000027","3","2003/04 to 2005/06 financial years; 3-year aggregates",NA,65,12.6,191,"Age-sex standardised rate per 100,000",NA,NA,NA,NA,NA,NA,NA
"Psychiatric patient hospitalisations","S12000027","4","2003/04 to 2005/06 financial years; 3-year aggregates",NA,140.4,50.2,307.5,"Age-sex standardised rate per 100,000",NA,NA,NA,NA,NA,NA,NA
"Psychiatric patient hospitalisations","S12000027","5 - least deprived","2003/04 to 2005/06 financial years; 3-year aggregates",NA,120.5,40.4,271.7,"Age-sex standardised rate per 100,000",NA,NA,NA,NA,NA,NA,NA
"Psychiatric patient hospitalisations","S12000027","Total","2003/04 to 2005/06 financial years; 3-year aggregates",23.3,107.4,67.8,161.3,"Age-sex standardised rate per 100,000",-12.1,-84.4,60.2,-26,-181.3,129.4,-11.1
"Psychiatric patient hospitalisations","S12000027","1 - most deprived","2004/05 to 2006/07 financial years; 3-year aggregates",NA,85.2,17.9,239.8,"Age-sex standardised rate per 100,000",NA,NA,NA,NA,NA,NA,NA
"Psychiatric patient hospitalisations","S12000027","2","2004/05 to 2006/07 financial years; 3-year aggregates",NA,129.7,43,296.5,"Age-sex standardised rate per 100,000",NA,NA,NA,NA,NA,NA,NA
"Psychiatric patient hospitalisations","S12000027","3","2004/05 to 2006/07 financial years; 3-year aggregates",NA,109.3,36.2,250.1,"Age-sex standardised rate per 100,000",NA,NA,NA,NA,NA,NA,NA
"Psychiatric patient hospitalisations","S12000027","4","2004/05 to 2006/07 financial years; 3-year aggregates",NA,126.4,39.8,296.6,"Age-sex standardised rate per 100,000",NA,NA,NA,NA,NA,NA,NA
"Psychiatric patient hospitalisations","S12000027","5 - least deprived","2004/05 to 2006/07 financial years; 3-year aggregates",NA,88.5,23.5,223.2,"Age-sex standardised rate per 100,000",NA,NA,NA,NA,NA,NA,NA
"Psychiatric patient hospitalisations","S12000027","Total","2004/05 to 2006/07 financial years; 3-year aggregates",23.3,106.4,67.3,159.5,"Age-sex standardised rate per 100,000",0.6,-55.1,56.3,1.3,-117.3,119.8,17.3
"Psychiatric patient hospitalisations","S12000027","1 - most deprived","2005/06 to 2007/08 financial years; 3-year aggregates",NA,151.6,54.6,328.3,"Age-sex standardised rate per 100,000",NA,NA,NA,NA,NA,NA,NA
"Psychiatric patient hospitalisations","S12000027","2","2005/06 to 2007/08 financial years; 3-year aggregates",NA,147.2,53.4,321,"Age-sex standardised rate per 100,000",NA,NA,NA,NA,NA,NA,NA
"Psychiatric patient hospitalisations","S12000027","3","2005/06 to 2007/08 financial years; 3-year aggregates",NA,158.9,66.4,318.5,"Age-sex standardised rate per 100,000",NA,NA,NA,NA,NA,NA,NA
"Psychiatric patient hospitalisations","S12000027","4","2005/06 to 2007/08 financial years; 3-year aggregates",NA,111.1,33.7,267.3,"Age-sex standardised rate per 100,000",NA,NA,NA,NA,NA,NA,NA
"Psychiatric patient hospitalisations","S12000027","5 - least deprived","2005/06 to 2007/08 financial years; 3-year aggregates",NA,69.5,14,197,"Age-sex standardised rate per 100,000",NA,NA,NA,NA,NA,NA,NA
"Psychiatric patient hospitalisations","S12000027","Total","2005/06 to 2007/08 financial years; 3-year aggregates",28,126,83.4,182.6,"Age-sex standardised rate per 100,000",41,-4.9,86.9,103.3,-12.4,219,45.2
"Psychiatric patient hospitalisations","S12000027","1 - most deprived","2006/07 to 2008/09 financial years; 3-year aggregates",NA,149.2,58,310.4,"Age-sex standardised rate per 100,000",NA,NA,NA,NA,NA,NA,NA
"Psychiatric patient hospitalisations","S12000027","2","2006/07 to 2008/09 financial years; 3-year aggregates",NA,141.8,49.6,315.9,"Age-sex standardised rate per 100,000",NA,NA,NA,NA,NA,NA,NA
"Psychiatric patient hospitalisations","S12000027","3","2006/07 to 2008/09 financial years; 3-year aggregates",NA,188.5,85.4,359,"Age-sex standardised rate per 100,000",NA,NA,NA,NA,NA,NA,NA
"Psychiatric patient hospitalisations","S12000027","4","2006/07 to 2008/09 financial years; 3-year aggregates",NA,103.2,31,248.7,"Age-sex standardised rate per 100,000",NA,NA,NA,NA,NA,NA,NA
"Psychiatric patient hospitalisations","S12000027","5 - least deprived","2006/07 to 2008/09 financial years; 3-year aggregates",NA,40.8,4.5,147.6,"Age-sex standardised rate per 100,000",NA,NA,NA,NA,NA,NA,NA
"Psychiatric patient hospitalisations","S12000027","Total","2006/07 to 2008/09 financial years; 3-year aggregates",28.3,124.1,82.4,179.3,"Age-sex standardised rate per 100,000",53.6,-36.9,144.2,133.1,-91.7,357.9,67.1
"Psychiatric patient hospitalisations","S12000027","1 - most deprived","2007/08 to 2009/10 financial years; 3-year aggregates",NA,155.6,62.8,317.8,"Age-sex standardised rate per 100,000",NA,NA,NA,NA,NA,NA,NA
"Psychiatric patient hospitalisations","S12000027","2","2007/08 to 2009/10 financial years; 3-year aggregates",NA,117.4,35.8,281.9,"Age-sex standardised rate per 100,000",NA,NA,NA,NA,NA,NA,NA
"Psychiatric patient hospitalisations","S12000027","3","2007/08 to 2009/10 financial years; 3-year aggregates",NA,163.6,67.5,329.3,"Age-sex standardised rate per 100,000",NA,NA,NA,NA,NA,NA,NA
"Psychiatric patient hospitalisations","S12000027","4","2007/08 to 2009/10 financial years; 3-year aggregates",NA,119.4,41.5,266.5,"Age-sex standardised rate per 100,000",NA,NA,NA,NA,NA,NA,NA
"Psychiatric patient hospitalisations","S12000027","5 - least deprived","2007/08 to 2009/10 financial years; 3-year aggregates",NA,44.4,4.4,162.3,"Age-sex standardised rate per 100,000",NA,NA,NA,NA,NA,NA,NA
"Psychiatric patient hospitalisations","S12000027","Total","2007/08 to 2009/10 financial years; 3-year aggregates",27.3,119.7,78.8,174.1,"Age-sex standardised rate per 100,000",48.2,-27.7,124.1,115.5,-66.2,297.2,62.9
"Psychiatric patient hospitalisations","S12000027","1 - most deprived","2008/09 to 2010/11 financial years; 3-year aggregates",NA,110.5,36.7,252.6,"Age-sex standardised rate per 100,000",NA,NA,NA,NA,NA,NA,NA
"Psychiatric patient hospitalisations","S12000027","2","2008/09 to 2010/11 financial years; 3-year aggregates",NA,75.3,15,220.4,"Age-sex standardised rate per 100,000",NA,NA,NA,NA,NA,NA,NA
"Psychiatric patient hospitalisations","S12000027","3","2008/09 to 2010/11 financial years; 3-year aggregates",NA,170.4,73.6,333.8,"Age-sex standardised rate per 100,000",NA,NA,NA,NA,NA,NA,NA
"Psychiatric patient hospitalisations","S12000027","4","2008/09 to 2010/11 financial years; 3-year aggregates",NA,123.5,44.6,269.8,"Age-sex standardised rate per 100,000",NA,NA,NA,NA,NA,NA,NA
"Psychiatric patient hospitalisations","S12000027","5 - least deprived","2008/09 to 2010/11 financial years; 3-year aggregates",NA,75,16.4,209.7,"Age-sex standardised rate per 100,000",NA,NA,NA,NA,NA,NA,NA
"Psychiatric patient hospitalisations","S12000027","Total","2008/09 to 2010/11 financial years; 3-year aggregates",26,111.9,72.8,164.2,"Age-sex standardised rate per 100,000",6.8,-95.7,109.3,15.2,-214,244.5,33.2
"Psychiatric patient hospitalisations","S12000027","1 - most deprived","2009/10 to 2011/12 financial years; 3-year aggregates",NA,100.2,30.2,241.5,"Age-sex standardised rate per 100,000",NA,NA,NA,NA,NA,NA,NA
"Psychiatric patient hospitalisations","S12000027","2","2009/10 to 2011/12 financial years; 3-year aggregates",NA,72.4,14,212.9,"Age-sex standardised rate per 100,000",NA,NA,NA,NA,NA,NA,NA
"Psychiatric patient hospitalisations","S12000027","3","2009/10 to 2011/12 financial years; 3-year aggregates",NA,172.5,76.3,333.1,"Age-sex standardised rate per 100,000",NA,NA,NA,NA,NA,NA,NA
"Psychiatric patient hospitalisations","S12000027","4","2009/10 to 2011/12 financial years; 3-year aggregates",NA,126.4,45.7,275.9,"Age-sex standardised rate per 100,000",NA,NA,NA,NA,NA,NA,NA
"Psychiatric patient hospitalisations","S12000027","5 - least deprived","2009/10 to 2011/12 financial years; 3-year aggregates",NA,97.1,23,255.4,"Age-sex standardised rate per 100,000",NA,NA,NA,NA,NA,NA,NA
"Psychiatric patient hospitalisations","S12000027","Total","2009/10 to 2011/12 financial years; 3-year aggregates",26.3,114.4,74.6,167.5,"Age-sex standardised rate per 100,000",-9.6,-105.2,86,-22,-240.6,196.7,15.7
"Psychiatric patient hospitalisations","S12000027","1 - most deprived","2010/11 to 2012/13 financial years; 3-year aggregates",NA,132.3,47.3,289.9,"Age-sex standardised rate per 100,000",NA,NA,NA,NA,NA,NA,NA
"Psychiatric patient hospitalisations","S12000027","2","2010/11 to 2012/13 financial years; 3-year aggregates",NA,61.8,10.1,193.1,"Age-sex standardised rate per 100,000",NA,NA,NA,NA,NA,NA,NA
"Psychiatric patient hospitalisations","S12000027","3","2010/11 to 2012/13 financial years; 3-year aggregates",NA,162.6,71,317,"Age-sex standardised rate per 100,000",NA,NA,NA,NA,NA,NA,NA
"Psychiatric patient hospitalisations","S12000027","4","2010/11 to 2012/13 financial years; 3-year aggregates",NA,135.7,50.7,290.6,"Age-sex standardised rate per 100,000",NA,NA,NA,NA,NA,NA,NA
"Psychiatric patient hospitalisations","S12000027","5 - least deprived","2010/11 to 2012/13 financial years; 3-year aggregates",NA,74.9,10.8,229.2,"Age-sex standardised rate per 100,000",NA,NA,NA,NA,NA,NA,NA
"Psychiatric patient hospitalisations","S12000027","Total","2010/11 to 2012/13 financial years; 3-year aggregates",26.3,114,74.3,167,"Age-sex standardised rate per 100,000",8.1,-100.6,116.9,18.5,-229.4,266.4,34.9
"Psychiatric patient hospitalisations","S12000027","1 - most deprived","2011/12 to 2013/14 financial years; 3-year aggregates",NA,172.8,69.3,353.6,"Age-sex standardised rate per 100,000",NA,NA,NA,NA,NA,NA,NA
"Psychiatric patient hospitalisations","S12000027","2","2011/12 to 2013/14 financial years; 3-year aggregates",NA,68.9,13.3,202.6,"Age-sex standardised rate per 100,000",NA,NA,NA,NA,NA,NA,NA
"Psychiatric patient hospitalisations","S12000027","3","2011/12 to 2013/14 financial years; 3-year aggregates",NA,179.9,79.3,347.7,"Age-sex standardised rate per 100,000",NA,NA,NA,NA,NA,NA,NA
"Psychiatric patient hospitalisations","S12000027","4","2011/12 to 2013/14 financial years; 3-year aggregates",NA,128.1,44.5,285.8,"Age-sex standardised rate per 100,000",NA,NA,NA,NA,NA,NA,NA
"Psychiatric patient hospitalisations","S12000027","5 - least deprived","2011/12 to 2013/14 financial years; 3-year aggregates",NA,115.1,31.5,283.6,"Age-sex standardised rate per 100,000",NA,NA,NA,NA,NA,NA,NA
"Psychiatric patient hospitalisations","S12000027","Total","2011/12 to 2013/14 financial years; 3-year aggregates",29.3,131.9,88.1,189.6,"Age-sex standardised rate per 100,000",10.2,-87.7,108.2,26.9,-231.5,285.4,14.2
"Psychiatric patient hospitalisations","S12000027","1 - most deprived","2012/13 to 2014/15 financial years; 3-year aggregates",NA,210.3,92.6,406.8,"Age-sex standardised rate per 100,000",NA,NA,NA,NA,NA,NA,NA
"Psychiatric patient hospitalisations","S12000027","2","2012/13 to 2014/15 financial years; 3-year aggregates",NA,105.4,31.6,254,"Age-sex standardised rate per 100,000",NA,NA,NA,NA,NA,NA,NA
"Psychiatric patient hospitalisations","S12000027","3","2012/13 to 2014/15 financial years; 3-year aggregates",NA,165.5,70.4,327.5,"Age-sex standardised rate per 100,000",NA,NA,NA,NA,NA,NA,NA
"Psychiatric patient hospitalisations","S12000027","4","2012/13 to 2014/15 financial years; 3-year aggregates",NA,115.3,36.7,270.1,"Age-sex standardised rate per 100,000",NA,NA,NA,NA,NA,NA,NA
"Psychiatric patient hospitalisations","S12000027","5 - least deprived","2012/13 to 2014/15 financial years; 3-year aggregates",NA,160.7,65.5,326.8,"Age-sex standardised rate per 100,000",NA,NA,NA,NA,NA,NA,NA
"Psychiatric patient hospitalisations","S12000027","Total","2012/13 to 2014/15 financial years; 3-year aggregates",33.7,150.8,103.8,211.6,"Age-sex standardised rate per 100,000",14.2,-61.9,90.3,42.9,-186.7,272.5,-6.1
"Psychiatric patient hospitalisations","S12000027","1 - most deprived","2013/14 to 2015/16 financial years; 3-year aggregates",NA,148.9,53,326.8,"Age-sex standardised rate per 100,000",NA,NA,NA,NA,NA,NA,NA
"Psychiatric patient hospitalisations","S12000027","2","2013/14 to 2015/16 financial years; 3-year aggregates",NA,100.8,28.4,251,"Age-sex standardised rate per 100,000",NA,NA,NA,NA,NA,NA,NA
"Psychiatric patient hospitalisations","S12000027","3","2013/14 to 2015/16 financial years; 3-year aggregates",NA,141.2,54.3,297.2,"Age-sex standardised rate per 100,000",NA,NA,NA,NA,NA,NA,NA
"Psychiatric patient hospitalisations","S12000027","4","2013/14 to 2015/16 financial years; 3-year aggregates",NA,78.5,17.4,219,"Age-sex standardised rate per 100,000",NA,NA,NA,NA,NA,NA,NA
"Psychiatric patient hospitalisations","S12000027","5 - least deprived","2013/14 to 2015/16 financial years; 3-year aggregates",NA,174.1,75.3,340.7,"Age-sex standardised rate per 100,000",NA,NA,NA,NA,NA,NA,NA
"Psychiatric patient hospitalisations","S12000027","Total","2013/14 to 2015/16 financial years; 3-year aggregates",28.7,129.1,85.9,186.2,"Age-sex standardised rate per 100,000",-6.9,-92.9,79.2,-17.7,-239.8,204.5,-34.5
"Psychiatric patient hospitalisations","S12000027","1 - most deprived","2014/15 to 2016/17 financial years; 3-year aggregates",NA,96.5,24.9,249.4,"Age-sex standardised rate per 100,000",NA,NA,NA,NA,NA,NA,NA
"Psychiatric patient hospitalisations","S12000027","2","2014/15 to 2016/17 financial years; 3-year aggregates",NA,115.6,34.1,279.9,"Age-sex standardised rate per 100,000",NA,NA,NA,NA,NA,NA,NA
"Psychiatric patient hospitalisations","S12000027","3","2014/15 to 2016/17 financial years; 3-year aggregates",NA,73.3,17.8,196.1,"Age-sex standardised rate per 100,000",NA,NA,NA,NA,NA,NA,NA
"Psychiatric patient hospitalisations","S12000027","4","2014/15 to 2016/17 financial years; 3-year aggregates",NA,85.3,20.8,227.8,"Age-sex standardised rate per 100,000",NA,NA,NA,NA,NA,NA,NA
"Psychiatric patient hospitalisations","S12000027","5 - least deprived","2014/15 to 2016/17 financial years; 3-year aggregates",NA,123.4,45.7,265.1,"Age-sex standardised rate per 100,000",NA,NA,NA,NA,NA,NA,NA
"Psychiatric patient hospitalisations","S12000027","Total","2014/15 to 2016/17 financial years; 3-year aggregates",22.3,98.6,61.8,149.1,"Age-sex standardised rate per 100,000",-7.7,-68.3,52.8,-15.3,-134.6,104,-24.6
"Psychiatric patient hospitalisations","S12000027","1 - most deprived","2015/16 to 2017/18 financial years; 3-year aggregates",NA,85.8,20.7,229.4,"Age-sex standardised rate per 100,000",NA,NA,NA,NA,NA,NA,NA
"Psychiatric patient hospitalisations","S12000027","2","2015/16 to 2017/18 financial years; 3-year aggregates",NA,85.8,20.3,230.5,"Age-sex standardised rate per 100,000",NA,NA,NA,NA,NA,NA,NA
"Psychiatric patient hospitalisations","S12000027","3","2015/16 to 2017/18 financial years; 3-year aggregates",NA,63.2,12.5,185.1,"Age-sex standardised rate per 100,000",NA,NA,NA,NA,NA,NA,NA
"Psychiatric patient hospitalisations","S12000027","4","2015/16 to 2017/18 financial years; 3-year aggregates",NA,74.9,16.5,209,"Age-sex standardised rate per 100,000",NA,NA,NA,NA,NA,NA,NA
"Psychiatric patient hospitalisations","S12000027","5 - least deprived","2015/16 to 2017/18 financial years; 3-year aggregates",NA,84.9,22.2,218.8,"Age-sex standardised rate per 100,000",NA,NA,NA,NA,NA,NA,NA
"Psychiatric patient hospitalisations","S12000027","Total","2015/16 to 2017/18 financial years; 3-year aggregates",17.7,77.1,45.3,122.6,"Age-sex standardised rate per 100,000",3.6,-33.1,40.4,5.6,-51.1,62.2,-7.6
"Psychiatric patient hospitalisations","S12000027","1 - most deprived","2016/17 to 2018/19 financial years; 3-year aggregates",NA,96.7,27.3,240.4,"Age-sex standardised rate per 100,000",NA,NA,NA,NA,NA,NA,NA
"Psychiatric patient hospitalisations","S12000027","2","2016/17 to 2018/19 financial years; 3-year aggregates",NA,85.8,19.8,231.4,"Age-sex standardised rate per 100,000",NA,NA,NA,NA,NA,NA,NA
"Psychiatric patient hospitalisations","S12000027","3","2016/17 to 2018/19 financial years; 3-year aggregates",NA,73,16.4,202.9,"Age-sex standardised rate per 100,000",NA,NA,NA,NA,NA,NA,NA
"Psychiatric patient hospitalisations","S12000027","4","2016/17 to 2018/19 financial years; 3-year aggregates",NA,71.2,16,198,"Age-sex standardised rate per 100,000",NA,NA,NA,NA,NA,NA,NA
"Psychiatric patient hospitalisations","S12000027","5 - least deprived","2016/17 to 2018/19 financial years; 3-year aggregates",NA,71.7,15.7,200.4,"Age-sex standardised rate per 100,000",NA,NA,NA,NA,NA,NA,NA
"Psychiatric patient hospitalisations","S12000027","Total","2016/17 to 2018/19 financial years; 3-year aggregates",18,78.9,46.6,124.9,"Age-sex standardised rate per 100,000",20.7,3.3,38.1,32.6,5.2,60.1,10.2
"Psychiatric patient hospitalisations","S12000027","1 - most deprived","2017/18 to 2019/20 financial years; 3-year aggregates",NA,91.4,25.9,227.1,"Age-sex standardised rate per 100,000",NA,NA,NA,NA,NA,NA,NA
"Psychiatric patient hospitalisations","S12000027","2","2017/18 to 2019/20 financial years; 3-year aggregates",NA,73.6,15.3,207.5,"Age-sex standardised rate per 100,000",NA,NA,NA,NA,NA,NA,NA
"Psychiatric patient hospitalisations","S12000027","3","2017/18 to 2019/20 financial years; 3-year aggregates",NA,76,17.1,211.4,"Age-sex standardised rate per 100,000",NA,NA,NA,NA,NA,NA,NA
"Psychiatric patient hospitalisations","S12000027","4","2017/18 to 2019/20 financial years; 3-year aggregates",NA,65.2,12.4,192.1,"Age-sex standardised rate per 100,000",NA,NA,NA,NA,NA,NA,NA
"Psychiatric patient hospitalisations","S12000027","5 - least deprived","2017/18 to 2019/20 financial years; 3-year aggregates",NA,60.3,10,187.9,"Age-sex standardised rate per 100,000",NA,NA,NA,NA,NA,NA,NA
"Psychiatric patient hospitalisations","S12000027","Total","2017/18 to 2019/20 financial years; 3-year aggregates",16.7,73.9,42.6,119.1,"Age-sex standardised rate per 100,000",24.4,8.1,40.7,36.1,12,60.2,18.2
