"indicator","geography_code","quintile","period","numerator","indicator_measure","lower_confidence_interval","upper_confidence_interval","definition","relative_inequality_gap","lower_confidence_interval_relative_ineq","upper_confidence_interval_relative_ineq","absolute_inequality_gap","lower_confidence_interval_absolute_ineq","upper_confidence_interval_absolute_ineq","population_attributable_risk"
"Psychiatric patient hospitalisations","S12000045","1 - most deprived","2002/03 to 2004/05 financial years; 3-year aggregates",97,460,371.1,563.3,"Age-sex standardised rate per 100,000",NA,NA,NA,NA,NA,NA,NA
"Psychiatric patient hospitalisations","S12000045","2","2002/03 to 2004/05 financial years; 3-year aggregates",47.3,235.8,172,315.1,"Age-sex standardised rate per 100,000",NA,NA,NA,NA,NA,NA,NA
"Psychiatric patient hospitalisations","S12000045","3","2002/03 to 2004/05 financial years; 3-year aggregates",32,179.8,118.8,259.2,"Age-sex standardised rate per 100,000",NA,NA,NA,NA,NA,NA,NA
"Psychiatric patient hospitalisations","S12000045","4","2002/03 to 2004/05 financial years; 3-year aggregates",30.3,161.5,102.2,239.2,"Age-sex standardised rate per 100,000",NA,NA,NA,NA,NA,NA,NA
"Psychiatric patient hospitalisations","S12000045","5 - least deprived","2002/03 to 2004/05 financial years; 3-year aggregates",38.7,179.8,126.3,247.8,"Age-sex standardised rate per 100,000",NA,NA,NA,NA,NA,NA,NA
"Psychiatric patient hospitalisations","S12000045","Total","2002/03 to 2004/05 financial years; 3-year aggregates",245.3,246.9,216.1,280.8,"Age-sex standardised rate per 100,000",65,-21.4,151.4,320.9,-105.9,747.6,26.4
"Psychiatric patient hospitalisations","S12000045","1 - most deprived","2003/04 to 2005/06 financial years; 3-year aggregates",94,446.1,358.9,547.9,"Age-sex standardised rate per 100,000",NA,NA,NA,NA,NA,NA,NA
"Psychiatric patient hospitalisations","S12000045","2","2003/04 to 2005/06 financial years; 3-year aggregates",49,239.9,175.9,319,"Age-sex standardised rate per 100,000",NA,NA,NA,NA,NA,NA,NA
"Psychiatric patient hospitalisations","S12000045","3","2003/04 to 2005/06 financial years; 3-year aggregates",32,178.5,118.6,256.4,"Age-sex standardised rate per 100,000",NA,NA,NA,NA,NA,NA,NA
"Psychiatric patient hospitalisations","S12000045","4","2003/04 to 2005/06 financial years; 3-year aggregates",31.3,149.1,100,213.2,"Age-sex standardised rate per 100,000",NA,NA,NA,NA,NA,NA,NA
"Psychiatric patient hospitalisations","S12000045","5 - least deprived","2003/04 to 2005/06 financial years; 3-year aggregates",36.7,176.9,122.9,246,"Age-sex standardised rate per 100,000",NA,NA,NA,NA,NA,NA,NA
"Psychiatric patient hospitalisations","S12000045","Total","2003/04 to 2005/06 financial years; 3-year aggregates",243,241.9,211.7,275,"Age-sex standardised rate per 100,000",66,-16.7,148.8,319.4,-80.8,719.6,26.1
"Psychiatric patient hospitalisations","S12000045","1 - most deprived","2004/05 to 2006/07 financial years; 3-year aggregates",85,399.1,317.4,495.2,"Age-sex standardised rate per 100,000",NA,NA,NA,NA,NA,NA,NA
"Psychiatric patient hospitalisations","S12000045","2","2004/05 to 2006/07 financial years; 3-year aggregates",45.7,223.2,161.6,300.1,"Age-sex standardised rate per 100,000",NA,NA,NA,NA,NA,NA,NA
"Psychiatric patient hospitalisations","S12000045","3","2004/05 to 2006/07 financial years; 3-year aggregates",31.3,171.6,114.2,246.5,"Age-sex standardised rate per 100,000",NA,NA,NA,NA,NA,NA,NA
"Psychiatric patient hospitalisations","S12000045","4","2004/05 to 2006/07 financial years; 3-year aggregates",35,159.4,109.7,223.4,"Age-sex standardised rate per 100,000",NA,NA,NA,NA,NA,NA,NA
"Psychiatric patient hospitalisations","S12000045","5 - least deprived","2004/05 to 2006/07 financial years; 3-year aggregates",32.3,162.8,110.1,231.3,"Age-sex standardised rate per 100,000",NA,NA,NA,NA,NA,NA,NA
"Psychiatric patient hospitalisations","S12000045","Total","2004/05 to 2006/07 financial years; 3-year aggregates",229.3,226.9,197.9,258.9,"Age-sex standardised rate per 100,000",60.4,-11.4,132.1,273.9,-51.7,599.5,27.6
"Psychiatric patient hospitalisations","S12000045","1 - most deprived","2005/06 to 2007/08 financial years; 3-year aggregates",83.7,394.6,313.4,490.1,"Age-sex standardised rate per 100,000",NA,NA,NA,NA,NA,NA,NA
"Psychiatric patient hospitalisations","S12000045","2","2005/06 to 2007/08 financial years; 3-year aggregates",45.3,220.2,159.4,296.1,"Age-sex standardised rate per 100,000",NA,NA,NA,NA,NA,NA,NA
"Psychiatric patient hospitalisations","S12000045","3","2005/06 to 2007/08 financial years; 3-year aggregates",28.7,147.8,97.2,214.8,"Age-sex standardised rate per 100,000",NA,NA,NA,NA,NA,NA,NA
"Psychiatric patient hospitalisations","S12000045","4","2005/06 to 2007/08 financial years; 3-year aggregates",40.3,185.2,131.2,253.5,"Age-sex standardised rate per 100,000",NA,NA,NA,NA,NA,NA,NA
"Psychiatric patient hospitalisations","S12000045","5 - least deprived","2005/06 to 2007/08 financial years; 3-year aggregates",34.3,172.4,118,242.6,"Age-sex standardised rate per 100,000",NA,NA,NA,NA,NA,NA,NA
"Psychiatric patient hospitalisations","S12000045","Total","2005/06 to 2007/08 financial years; 3-year aggregates",232.3,229.5,200.4,261.6,"Age-sex standardised rate per 100,000",53.3,-26.8,133.4,244.5,-123.1,612.1,23.6
"Psychiatric patient hospitalisations","S12000045","1 - most deprived","2006/07 to 2008/09 financial years; 3-year aggregates",89,421,337,519.3,"Age-sex standardised rate per 100,000",NA,NA,NA,NA,NA,NA,NA
"Psychiatric patient hospitalisations","S12000045","2","2006/07 to 2008/09 financial years; 3-year aggregates",45,227.2,163.8,306.4,"Age-sex standardised rate per 100,000",NA,NA,NA,NA,NA,NA,NA
"Psychiatric patient hospitalisations","S12000045","3","2006/07 to 2008/09 financial years; 3-year aggregates",27.3,139.2,90.7,203.6,"Age-sex standardised rate per 100,000",NA,NA,NA,NA,NA,NA,NA
"Psychiatric patient hospitalisations","S12000045","4","2006/07 to 2008/09 financial years; 3-year aggregates",41,193.6,135.6,266.9,"Age-sex standardised rate per 100,000",NA,NA,NA,NA,NA,NA,NA
"Psychiatric patient hospitalisations","S12000045","5 - least deprived","2006/07 to 2008/09 financial years; 3-year aggregates",33,158.5,107.4,224.9,"Age-sex standardised rate per 100,000",NA,NA,NA,NA,NA,NA,NA
"Psychiatric patient hospitalisations","S12000045","Total","2006/07 to 2008/09 financial years; 3-year aggregates",235.3,232.8,203.3,265.2,"Age-sex standardised rate per 100,000",60.8,-26.9,148.5,282.9,-125.4,691.2,30.9
"Psychiatric patient hospitalisations","S12000045","1 - most deprived","2007/08 to 2009/10 financial years; 3-year aggregates",86,409.8,326.9,507.2,"Age-sex standardised rate per 100,000",NA,NA,NA,NA,NA,NA,NA
"Psychiatric patient hospitalisations","S12000045","2","2007/08 to 2009/10 financial years; 3-year aggregates",46.3,237.7,172.5,318.9,"Age-sex standardised rate per 100,000",NA,NA,NA,NA,NA,NA,NA
"Psychiatric patient hospitalisations","S12000045","3","2007/08 to 2009/10 financial years; 3-year aggregates",23.3,117.6,73.8,177.3,"Age-sex standardised rate per 100,000",NA,NA,NA,NA,NA,NA,NA
"Psychiatric patient hospitalisations","S12000045","4","2007/08 to 2009/10 financial years; 3-year aggregates",36,175.9,119.8,247.9,"Age-sex standardised rate per 100,000",NA,NA,NA,NA,NA,NA,NA
"Psychiatric patient hospitalisations","S12000045","5 - least deprived","2007/08 to 2009/10 financial years; 3-year aggregates",26,121.1,77.4,179.6,"Age-sex standardised rate per 100,000",NA,NA,NA,NA,NA,NA,NA
"Psychiatric patient hospitalisations","S12000045","Total","2007/08 to 2009/10 financial years; 3-year aggregates",217.7,216.9,188.3,248.4,"Age-sex standardised rate per 100,000",74,-13.5,161.5,321,-58.7,700.7,43.3
"Psychiatric patient hospitalisations","S12000045","1 - most deprived","2008/09 to 2010/11 financial years; 3-year aggregates",77.3,370.3,291.5,463.5,"Age-sex standardised rate per 100,000",NA,NA,NA,NA,NA,NA,NA
"Psychiatric patient hospitalisations","S12000045","2","2008/09 to 2010/11 financial years; 3-year aggregates",53.7,277.8,206.9,364.7,"Age-sex standardised rate per 100,000",NA,NA,NA,NA,NA,NA,NA
"Psychiatric patient hospitalisations","S12000045","3","2008/09 to 2010/11 financial years; 3-year aggregates",24,125.5,77.6,190.5,"Age-sex standardised rate per 100,000",NA,NA,NA,NA,NA,NA,NA
"Psychiatric patient hospitalisations","S12000045","4","2008/09 to 2010/11 financial years; 3-year aggregates",29.7,144.7,94.5,210.6,"Age-sex standardised rate per 100,000",NA,NA,NA,NA,NA,NA,NA
"Psychiatric patient hospitalisations","S12000045","5 - least deprived","2008/09 to 2010/11 financial years; 3-year aggregates",23,105.4,65.3,160.2,"Age-sex standardised rate per 100,000",NA,NA,NA,NA,NA,NA,NA
"Psychiatric patient hospitalisations","S12000045","Total","2008/09 to 2010/11 financial years; 3-year aggregates",207.7,207.7,179.6,238.8,"Age-sex standardised rate per 100,000",80.1,16.5,143.8,332.8,68.4,597.3,48.8
"Psychiatric patient hospitalisations","S12000045","1 - most deprived","2009/10 to 2011/12 financial years; 3-year aggregates",66.7,322.3,248.9,410.4,"Age-sex standardised rate per 100,000",NA,NA,NA,NA,NA,NA,NA
"Psychiatric patient hospitalisations","S12000045","2","2009/10 to 2011/12 financial years; 3-year aggregates",54.7,273.9,204.7,358.5,"Age-sex standardised rate per 100,000",NA,NA,NA,NA,NA,NA,NA
"Psychiatric patient hospitalisations","S12000045","3","2009/10 to 2011/12 financial years; 3-year aggregates",23.7,121.7,74.9,185.3,"Age-sex standardised rate per 100,000",NA,NA,NA,NA,NA,NA,NA
"Psychiatric patient hospitalisations","S12000045","4","2009/10 to 2011/12 financial years; 3-year aggregates",27,132.3,85.2,195,"Age-sex standardised rate per 100,000",NA,NA,NA,NA,NA,NA,NA
"Psychiatric patient hospitalisations","S12000045","5 - least deprived","2009/10 to 2011/12 financial years; 3-year aggregates",22.3,111.4,67.7,171.4,"Age-sex standardised rate per 100,000",NA,NA,NA,NA,NA,NA,NA
"Psychiatric patient hospitalisations","S12000045","Total","2009/10 to 2011/12 financial years; 3-year aggregates",194.3,194.5,167.5,224.7,"Age-sex standardised rate per 100,000",72.8,11.4,134.2,283.2,44.3,522.2,42.4
"Psychiatric patient hospitalisations","S12000045","1 - most deprived","2010/11 to 2012/13 financial years; 3-year aggregates",71.7,350.3,272.8,442.7,"Age-sex standardised rate per 100,000",NA,NA,NA,NA,NA,NA,NA
"Psychiatric patient hospitalisations","S12000045","2","2010/11 to 2012/13 financial years; 3-year aggregates",61,299.2,227,386.5,"Age-sex standardised rate per 100,000",NA,NA,NA,NA,NA,NA,NA
"Psychiatric patient hospitalisations","S12000045","3","2010/11 to 2012/13 financial years; 3-year aggregates",26,129.9,82.3,193.7,"Age-sex standardised rate per 100,000",NA,NA,NA,NA,NA,NA,NA
"Psychiatric patient hospitalisations","S12000045","4","2010/11 to 2012/13 financial years; 3-year aggregates",31.3,160.2,106.3,230.6,"Age-sex standardised rate per 100,000",NA,NA,NA,NA,NA,NA,NA
"Psychiatric patient hospitalisations","S12000045","5 - least deprived","2010/11 to 2012/13 financial years; 3-year aggregates",27.3,133.7,85.8,197.5,"Age-sex standardised rate per 100,000",NA,NA,NA,NA,NA,NA,NA
"Psychiatric patient hospitalisations","S12000045","Total","2010/11 to 2012/13 financial years; 3-year aggregates",217.3,216.5,187.9,248.3,"Age-sex standardised rate per 100,000",66.5,2.1,131,288.2,9.2,567.2,38.1
"Psychiatric patient hospitalisations","S12000045","1 - most deprived","2011/12 to 2013/14 financial years; 3-year aggregates",76.7,375.7,295.3,471.1,"Age-sex standardised rate per 100,000",NA,NA,NA,NA,NA,NA,NA
"Psychiatric patient hospitalisations","S12000045","2","2011/12 to 2013/14 financial years; 3-year aggregates",58.3,278.9,210.2,362.5,"Age-sex standardised rate per 100,000",NA,NA,NA,NA,NA,NA,NA
"Psychiatric patient hospitalisations","S12000045","3","2011/12 to 2013/14 financial years; 3-year aggregates",29.7,142.7,94.4,206.3,"Age-sex standardised rate per 100,000",NA,NA,NA,NA,NA,NA,NA
"Psychiatric patient hospitalisations","S12000045","4","2011/12 to 2013/14 financial years; 3-year aggregates",30,156.3,102.2,227.3,"Age-sex standardised rate per 100,000",NA,NA,NA,NA,NA,NA,NA
"Psychiatric patient hospitalisations","S12000045","5 - least deprived","2011/12 to 2013/14 financial years; 3-year aggregates",26.3,127.8,81,190.6,"Age-sex standardised rate per 100,000",NA,NA,NA,NA,NA,NA,NA
"Psychiatric patient hospitalisations","S12000045","Total","2011/12 to 2013/14 financial years; 3-year aggregates",221,218.4,189.8,250.1,"Age-sex standardised rate per 100,000",71.2,13.4,129,310.9,58.3,563.4,41.2
"Psychiatric patient hospitalisations","S12000045","1 - most deprived","2012/13 to 2014/15 financial years; 3-year aggregates",81,397.5,314.6,495.4,"Age-sex standardised rate per 100,000",NA,NA,NA,NA,NA,NA,NA
"Psychiatric patient hospitalisations","S12000045","2","2012/13 to 2014/15 financial years; 3-year aggregates",62.3,297.6,226.7,383.3,"Age-sex standardised rate per 100,000",NA,NA,NA,NA,NA,NA,NA
"Psychiatric patient hospitalisations","S12000045","3","2012/13 to 2014/15 financial years; 3-year aggregates",33.3,154.7,105.3,218.7,"Age-sex standardised rate per 100,000",NA,NA,NA,NA,NA,NA,NA
"Psychiatric patient hospitalisations","S12000045","4","2012/13 to 2014/15 financial years; 3-year aggregates",26.7,135.9,86.7,201.7,"Age-sex standardised rate per 100,000",NA,NA,NA,NA,NA,NA,NA
"Psychiatric patient hospitalisations","S12000045","5 - least deprived","2012/13 to 2014/15 financial years; 3-year aggregates",25.7,114.6,73.6,169.6,"Age-sex standardised rate per 100,000",NA,NA,NA,NA,NA,NA,NA
"Psychiatric patient hospitalisations","S12000045","Total","2012/13 to 2014/15 financial years; 3-year aggregates",229,224.1,195.3,255.9,"Age-sex standardised rate per 100,000",81.4,28.3,134.4,364.7,127.1,602.3,48.2
"Psychiatric patient hospitalisations","S12000045","1 - most deprived","2013/14 to 2015/16 financial years; 3-year aggregates",77,380,298.9,476.2,"Age-sex standardised rate per 100,000",NA,NA,NA,NA,NA,NA,NA
"Psychiatric patient hospitalisations","S12000045","2","2013/14 to 2015/16 financial years; 3-year aggregates",58,272.5,205.5,354,"Age-sex standardised rate per 100,000",NA,NA,NA,NA,NA,NA,NA
"Psychiatric patient hospitalisations","S12000045","3","2013/14 to 2015/16 financial years; 3-year aggregates",37.7,173.9,121.3,240.9,"Age-sex standardised rate per 100,000",NA,NA,NA,NA,NA,NA,NA
"Psychiatric patient hospitalisations","S12000045","4","2013/14 to 2015/16 financial years; 3-year aggregates",19.3,98,57.5,155,"Age-sex standardised rate per 100,000",NA,NA,NA,NA,NA,NA,NA
"Psychiatric patient hospitalisations","S12000045","5 - least deprived","2013/14 to 2015/16 financial years; 3-year aggregates",23.7,107.8,67.5,162.6,"Age-sex standardised rate per 100,000",NA,NA,NA,NA,NA,NA,NA
"Psychiatric patient hospitalisations","S12000045","Total","2013/14 to 2015/16 financial years; 3-year aggregates",215.7,210.9,183,241.8,"Age-sex standardised rate per 100,000",85.2,35.8,134.7,359.4,150.8,567.9,48
"Psychiatric patient hospitalisations","S12000045","1 - most deprived","2014/15 to 2016/17 financial years; 3-year aggregates",78,386,303.9,483.1,"Age-sex standardised rate per 100,000",NA,NA,NA,NA,NA,NA,NA
"Psychiatric patient hospitalisations","S12000045","2","2014/15 to 2016/17 financial years; 3-year aggregates",63,296.3,226.2,381,"Age-sex standardised rate per 100,000",NA,NA,NA,NA,NA,NA,NA
"Psychiatric patient hospitalisations","S12000045","3","2014/15 to 2016/17 financial years; 3-year aggregates",36,165.4,114.6,230.6,"Age-sex standardised rate per 100,000",NA,NA,NA,NA,NA,NA,NA
"Psychiatric patient hospitalisations","S12000045","4","2014/15 to 2016/17 financial years; 3-year aggregates",21.7,103.2,63,158.6,"Age-sex standardised rate per 100,000",NA,NA,NA,NA,NA,NA,NA
"Psychiatric patient hospitalisations","S12000045","5 - least deprived","2014/15 to 2016/17 financial years; 3-year aggregates",23,104.3,65.1,157.9,"Age-sex standardised rate per 100,000",NA,NA,NA,NA,NA,NA,NA
"Psychiatric patient hospitalisations","S12000045","Total","2014/15 to 2016/17 financial years; 3-year aggregates",221.7,214.5,186.6,245.4,"Age-sex standardised rate per 100,000",88,37.1,138.9,377.6,159.3,595.9,50.6
"Psychiatric patient hospitalisations","S12000045","1 - most deprived","2015/16 to 2017/18 financial years; 3-year aggregates",80.3,393.3,310.8,490.7,"Age-sex standardised rate per 100,000",NA,NA,NA,NA,NA,NA,NA
"Psychiatric patient hospitalisations","S12000045","2","2015/16 to 2017/18 financial years; 3-year aggregates",56.7,273.9,205.6,357.1,"Age-sex standardised rate per 100,000",NA,NA,NA,NA,NA,NA,NA
"Psychiatric patient hospitalisations","S12000045","3","2015/16 to 2017/18 financial years; 3-year aggregates",38,169.9,119.3,234.4,"Age-sex standardised rate per 100,000",NA,NA,NA,NA,NA,NA,NA
"Psychiatric patient hospitalisations","S12000045","4","2015/16 to 2017/18 financial years; 3-year aggregates",22.3,104.8,64.4,160.3,"Age-sex standardised rate per 100,000",NA,NA,NA,NA,NA,NA,NA
"Psychiatric patient hospitalisations","S12000045","5 - least deprived","2015/16 to 2017/18 financial years; 3-year aggregates",23,104.4,64.6,158.9,"Age-sex standardised rate per 100,000",NA,NA,NA,NA,NA,NA,NA
"Psychiatric patient hospitalisations","S12000045","Total","2015/16 to 2017/18 financial years; 3-year aggregates",220.3,211.7,184.1,242.3,"Age-sex standardised rate per 100,000",88.1,36.5,139.6,373,154.7,591.3,50.1
"Psychiatric patient hospitalisations","S12000045","1 - most deprived","2016/17 to 2018/19 financial years; 3-year aggregates",81.7,390.5,309.2,486.4,"Age-sex standardised rate per 100,000",NA,NA,NA,NA,NA,NA,NA
"Psychiatric patient hospitalisations","S12000045","2","2016/17 to 2018/19 financial years; 3-year aggregates",54,268.6,200.1,352.5,"Age-sex standardised rate per 100,000",NA,NA,NA,NA,NA,NA,NA
"Psychiatric patient hospitalisations","S12000045","3","2016/17 to 2018/19 financial years; 3-year aggregates",40.7,181,128.9,246.9,"Age-sex standardised rate per 100,000",NA,NA,NA,NA,NA,NA,NA
"Psychiatric patient hospitalisations","S12000045","4","2016/17 to 2018/19 financial years; 3-year aggregates",22.7,100,61.9,152.1,"Age-sex standardised rate per 100,000",NA,NA,NA,NA,NA,NA,NA
"Psychiatric patient hospitalisations","S12000045","5 - least deprived","2016/17 to 2018/19 financial years; 3-year aggregates",22.7,101.2,62.1,154.7,"Age-sex standardised rate per 100,000",NA,NA,NA,NA,NA,NA,NA
"Psychiatric patient hospitalisations","S12000045","Total","2016/17 to 2018/19 financial years; 3-year aggregates",221.7,210.3,182.9,240.5,"Age-sex standardised rate per 100,000",88.8,40.4,137.2,373.4,169.9,577,51.4
"Psychiatric patient hospitalisations","S12000045","1 - most deprived","2017/18 to 2019/20 financial years; 3-year aggregates",76,359,281.6,450.7,"Age-sex standardised rate per 100,000",NA,NA,NA,NA,NA,NA,NA
"Psychiatric patient hospitalisations","S12000045","2","2017/18 to 2019/20 financial years; 3-year aggregates",44.7,230.2,166.3,310.1,"Age-sex standardised rate per 100,000",NA,NA,NA,NA,NA,NA,NA
"Psychiatric patient hospitalisations","S12000045","3","2017/18 to 2019/20 financial years; 3-year aggregates",43,188,135.2,254.4,"Age-sex standardised rate per 100,000",NA,NA,NA,NA,NA,NA,NA
"Psychiatric patient hospitalisations","S12000045","4","2017/18 to 2019/20 financial years; 3-year aggregates",20,90.2,53.7,141.1,"Age-sex standardised rate per 100,000",NA,NA,NA,NA,NA,NA,NA
"Psychiatric patient hospitalisations","S12000045","5 - least deprived","2017/18 to 2019/20 financial years; 3-year aggregates",25,110.3,69.1,165.8,"Age-sex standardised rate per 100,000",NA,NA,NA,NA,NA,NA,NA
"Psychiatric patient hospitalisations","S12000045","Total","2017/18 to 2019/20 financial years; 3-year aggregates",208.7,197.3,170.9,226.6,"Age-sex standardised rate per 100,000",80.7,25.3,136.1,318.5,99.8,537.3,43.7
