"indicator","geography_code","quintile","period","numerator","indicator_measure","lower_confidence_interval","upper_confidence_interval","definition","relative_inequality_gap","lower_confidence_interval_relative_ineq","upper_confidence_interval_relative_ineq","absolute_inequality_gap","lower_confidence_interval_absolute_ineq","upper_confidence_interval_absolute_ineq","population_attributable_risk"
"Psychiatric patient hospitalisations","S12000010","1 - most deprived","2002/03 to 2004/05 financial years; 3-year aggregates",83,517.1,406.8,647.1,"Age-sex standardised rate per 100,000",NA,NA,NA,NA,NA,NA,NA
"Psychiatric patient hospitalisations","S12000010","2","2002/03 to 2004/05 financial years; 3-year aggregates",87.7,478.4,380.7,593,"Age-sex standardised rate per 100,000",NA,NA,NA,NA,NA,NA,NA
"Psychiatric patient hospitalisations","S12000010","3","2002/03 to 2004/05 financial years; 3-year aggregates",70.7,377.8,291,481.5,"Age-sex standardised rate per 100,000",NA,NA,NA,NA,NA,NA,NA
"Psychiatric patient hospitalisations","S12000010","4","2002/03 to 2004/05 financial years; 3-year aggregates",56.7,343.7,255.5,451.2,"Age-sex standardised rate per 100,000",NA,NA,NA,NA,NA,NA,NA
"Psychiatric patient hospitalisations","S12000010","5 - least deprived","2002/03 to 2004/05 financial years; 3-year aggregates",42.7,255.4,181.6,348.1,"Age-sex standardised rate per 100,000",NA,NA,NA,NA,NA,NA,NA
"Psychiatric patient hospitalisations","S12000010","Total","2002/03 to 2004/05 financial years; 3-year aggregates",340.7,393.6,351.4,439.4,"Age-sex standardised rate per 100,000",41.4,29.9,52.9,326.2,235.5,416.8,35.2
"Psychiatric patient hospitalisations","S12000010","1 - most deprived","2003/04 to 2005/06 financial years; 3-year aggregates",81.3,504.7,396,632.9,"Age-sex standardised rate per 100,000",NA,NA,NA,NA,NA,NA,NA
"Psychiatric patient hospitalisations","S12000010","2","2003/04 to 2005/06 financial years; 3-year aggregates",82.7,455.7,358.7,569.9,"Age-sex standardised rate per 100,000",NA,NA,NA,NA,NA,NA,NA
"Psychiatric patient hospitalisations","S12000010","3","2003/04 to 2005/06 financial years; 3-year aggregates",75,391.5,304.4,495.1,"Age-sex standardised rate per 100,000",NA,NA,NA,NA,NA,NA,NA
"Psychiatric patient hospitalisations","S12000010","4","2003/04 to 2005/06 financial years; 3-year aggregates",55,341.7,251.4,452,"Age-sex standardised rate per 100,000",NA,NA,NA,NA,NA,NA,NA
"Psychiatric patient hospitalisations","S12000010","5 - least deprived","2003/04 to 2005/06 financial years; 3-year aggregates",46.3,273.5,197.4,368.4,"Age-sex standardised rate per 100,000",NA,NA,NA,NA,NA,NA,NA
"Psychiatric patient hospitalisations","S12000010","Total","2003/04 to 2005/06 financial years; 3-year aggregates",340.3,390.9,348.8,436.5,"Age-sex standardised rate per 100,000",36.5,32.8,40.2,285.5,256.6,314.4,30.5
"Psychiatric patient hospitalisations","S12000010","1 - most deprived","2004/05 to 2006/07 financial years; 3-year aggregates",75.7,455.3,354,575.6,"Age-sex standardised rate per 100,000",NA,NA,NA,NA,NA,NA,NA
"Psychiatric patient hospitalisations","S12000010","2","2004/05 to 2006/07 financial years; 3-year aggregates",81.3,438.4,345.8,547.6,"Age-sex standardised rate per 100,000",NA,NA,NA,NA,NA,NA,NA
"Psychiatric patient hospitalisations","S12000010","3","2004/05 to 2006/07 financial years; 3-year aggregates",82.3,425.8,336.9,530.5,"Age-sex standardised rate per 100,000",NA,NA,NA,NA,NA,NA,NA
"Psychiatric patient hospitalisations","S12000010","4","2004/05 to 2006/07 financial years; 3-year aggregates",53.7,330.4,241,439.9,"Age-sex standardised rate per 100,000",NA,NA,NA,NA,NA,NA,NA
"Psychiatric patient hospitalisations","S12000010","5 - least deprived","2004/05 to 2006/07 financial years; 3-year aggregates",43.3,261.9,186.3,356.7,"Age-sex standardised rate per 100,000",NA,NA,NA,NA,NA,NA,NA
"Psychiatric patient hospitalisations","S12000010","Total","2004/05 to 2006/07 financial years; 3-year aggregates",336.3,381.2,340.2,425.6,"Age-sex standardised rate per 100,000",32.2,10.9,53.4,245.1,82.9,407.3,31.7
"Psychiatric patient hospitalisations","S12000010","1 - most deprived","2005/06 to 2007/08 financial years; 3-year aggregates",73.3,424.6,328.3,539.3,"Age-sex standardised rate per 100,000",NA,NA,NA,NA,NA,NA,NA
"Psychiatric patient hospitalisations","S12000010","2","2005/06 to 2007/08 financial years; 3-year aggregates",79,423.7,333.1,530.8,"Age-sex standardised rate per 100,000",NA,NA,NA,NA,NA,NA,NA
"Psychiatric patient hospitalisations","S12000010","3","2005/06 to 2007/08 financial years; 3-year aggregates",74.3,399.2,311.8,503.2,"Age-sex standardised rate per 100,000",NA,NA,NA,NA,NA,NA,NA
"Psychiatric patient hospitalisations","S12000010","4","2005/06 to 2007/08 financial years; 3-year aggregates",50.7,296.8,216.4,395.9,"Age-sex standardised rate per 100,000",NA,NA,NA,NA,NA,NA,NA
"Psychiatric patient hospitalisations","S12000010","5 - least deprived","2005/06 to 2007/08 financial years; 3-year aggregates",42.3,256,180.3,351.2,"Age-sex standardised rate per 100,000",NA,NA,NA,NA,NA,NA,NA
"Psychiatric patient hospitalisations","S12000010","Total","2005/06 to 2007/08 financial years; 3-year aggregates",319.7,359.2,319.5,402.5,"Age-sex standardised rate per 100,000",32.1,9.8,54.4,230.7,70.3,391.1,29
"Psychiatric patient hospitalisations","S12000010","1 - most deprived","2006/07 to 2008/09 financial years; 3-year aggregates",70.3,388,299.1,494.1,"Age-sex standardised rate per 100,000",NA,NA,NA,NA,NA,NA,NA
"Psychiatric patient hospitalisations","S12000010","2","2006/07 to 2008/09 financial years; 3-year aggregates",74,386.4,301.9,487,"Age-sex standardised rate per 100,000",NA,NA,NA,NA,NA,NA,NA
"Psychiatric patient hospitalisations","S12000010","3","2006/07 to 2008/09 financial years; 3-year aggregates",61.7,342.4,260.7,441.2,"Age-sex standardised rate per 100,000",NA,NA,NA,NA,NA,NA,NA
"Psychiatric patient hospitalisations","S12000010","4","2006/07 to 2008/09 financial years; 3-year aggregates",44.7,247,177.9,333.5,"Age-sex standardised rate per 100,000",NA,NA,NA,NA,NA,NA,NA
"Psychiatric patient hospitalisations","S12000010","5 - least deprived","2006/07 to 2008/09 financial years; 3-year aggregates",36.3,224.2,152,316.7,"Age-sex standardised rate per 100,000",NA,NA,NA,NA,NA,NA,NA
"Psychiatric patient hospitalisations","S12000010","Total","2006/07 to 2008/09 financial years; 3-year aggregates",287,316.6,279.7,356.8,"Age-sex standardised rate per 100,000",36.8,15.1,58.4,232.8,95.6,370,29.6
"Psychiatric patient hospitalisations","S12000010","1 - most deprived","2007/08 to 2009/10 financial years; 3-year aggregates",70.3,370.1,286.8,469.5,"Age-sex standardised rate per 100,000",NA,NA,NA,NA,NA,NA,NA
"Psychiatric patient hospitalisations","S12000010","2","2007/08 to 2009/10 financial years; 3-year aggregates",69,351.8,272.2,447.2,"Age-sex standardised rate per 100,000",NA,NA,NA,NA,NA,NA,NA
"Psychiatric patient hospitalisations","S12000010","3","2007/08 to 2009/10 financial years; 3-year aggregates",54.3,308.2,230,404,"Age-sex standardised rate per 100,000",NA,NA,NA,NA,NA,NA,NA
"Psychiatric patient hospitalisations","S12000010","4","2007/08 to 2009/10 financial years; 3-year aggregates",44,238.8,168.9,326.3,"Age-sex standardised rate per 100,000",NA,NA,NA,NA,NA,NA,NA
"Psychiatric patient hospitalisations","S12000010","5 - least deprived","2007/08 to 2009/10 financial years; 3-year aggregates",44,264.4,187,361.2,"Age-sex standardised rate per 100,000",NA,NA,NA,NA,NA,NA,NA
"Psychiatric patient hospitalisations","S12000010","Total","2007/08 to 2009/10 financial years; 3-year aggregates",281.7,305.5,269.6,344.6,"Age-sex standardised rate per 100,000",26.8,5.8,47.7,163.5,35.4,291.7,13.9
"Psychiatric patient hospitalisations","S12000010","1 - most deprived","2008/09 to 2010/11 financial years; 3-year aggregates",68,347.1,267.9,442,"Age-sex standardised rate per 100,000",NA,NA,NA,NA,NA,NA,NA
"Psychiatric patient hospitalisations","S12000010","2","2008/09 to 2010/11 financial years; 3-year aggregates",67,346.3,265.9,442.7,"Age-sex standardised rate per 100,000",NA,NA,NA,NA,NA,NA,NA
"Psychiatric patient hospitalisations","S12000010","3","2008/09 to 2010/11 financial years; 3-year aggregates",51.3,289.1,213.8,381.9,"Age-sex standardised rate per 100,000",NA,NA,NA,NA,NA,NA,NA
"Psychiatric patient hospitalisations","S12000010","4","2008/09 to 2010/11 financial years; 3-year aggregates",41.7,224.4,157.6,308.6,"Age-sex standardised rate per 100,000",NA,NA,NA,NA,NA,NA,NA
"Psychiatric patient hospitalisations","S12000010","5 - least deprived","2008/09 to 2010/11 financial years; 3-year aggregates",43.3,242.8,172.1,331.5,"Age-sex standardised rate per 100,000",NA,NA,NA,NA,NA,NA,NA
"Psychiatric patient hospitalisations","S12000010","Total","2008/09 to 2010/11 financial years; 3-year aggregates",271.3,290.4,255.7,328.3,"Age-sex standardised rate per 100,000",28.6,5.9,51.3,166,34.1,297.8,16.3
"Psychiatric patient hospitalisations","S12000010","1 - most deprived","2009/10 to 2011/12 financial years; 3-year aggregates",68.3,344.8,266.4,438.7,"Age-sex standardised rate per 100,000",NA,NA,NA,NA,NA,NA,NA
"Psychiatric patient hospitalisations","S12000010","2","2009/10 to 2011/12 financial years; 3-year aggregates",64,335.9,256.4,431.6,"Age-sex standardised rate per 100,000",NA,NA,NA,NA,NA,NA,NA
"Psychiatric patient hospitalisations","S12000010","3","2009/10 to 2011/12 financial years; 3-year aggregates",48.3,275.9,200.2,369.8,"Age-sex standardised rate per 100,000",NA,NA,NA,NA,NA,NA,NA
"Psychiatric patient hospitalisations","S12000010","4","2009/10 to 2011/12 financial years; 3-year aggregates",43.3,230.7,164,314.5,"Age-sex standardised rate per 100,000",NA,NA,NA,NA,NA,NA,NA
"Psychiatric patient hospitalisations","S12000010","5 - least deprived","2009/10 to 2011/12 financial years; 3-year aggregates",42.7,241.8,170.5,331.3,"Age-sex standardised rate per 100,000",NA,NA,NA,NA,NA,NA,NA
"Psychiatric patient hospitalisations","S12000010","Total","2009/10 to 2011/12 financial years; 3-year aggregates",266.7,286.1,251.7,323.8,"Age-sex standardised rate per 100,000",27.3,8.4,46.2,156.1,47.9,264.3,15.4
"Psychiatric patient hospitalisations","S12000010","1 - most deprived","2010/11 to 2012/13 financial years; 3-year aggregates",71.3,367.1,285.1,464.9,"Age-sex standardised rate per 100,000",NA,NA,NA,NA,NA,NA,NA
"Psychiatric patient hospitalisations","S12000010","2","2010/11 to 2012/13 financial years; 3-year aggregates",58.7,313.3,236.6,406.6,"Age-sex standardised rate per 100,000",NA,NA,NA,NA,NA,NA,NA
"Psychiatric patient hospitalisations","S12000010","3","2010/11 to 2012/13 financial years; 3-year aggregates",44.7,246.6,176.3,334.5,"Age-sex standardised rate per 100,000",NA,NA,NA,NA,NA,NA,NA
"Psychiatric patient hospitalisations","S12000010","4","2010/11 to 2012/13 financial years; 3-year aggregates",42.3,215.9,154.1,293.6,"Age-sex standardised rate per 100,000",NA,NA,NA,NA,NA,NA,NA
"Psychiatric patient hospitalisations","S12000010","5 - least deprived","2010/11 to 2012/13 financial years; 3-year aggregates",32.7,177.5,118.3,254.4,"Age-sex standardised rate per 100,000",NA,NA,NA,NA,NA,NA,NA
"Psychiatric patient hospitalisations","S12000010","Total","2010/11 to 2012/13 financial years; 3-year aggregates",249.7,265.5,232.7,301.6,"Age-sex standardised rate per 100,000",44.8,32.7,56.9,238,173.6,302.3,32.8
"Psychiatric patient hospitalisations","S12000010","1 - most deprived","2011/12 to 2013/14 financial years; 3-year aggregates",75.7,385.5,302.2,484.5,"Age-sex standardised rate per 100,000",NA,NA,NA,NA,NA,NA,NA
"Psychiatric patient hospitalisations","S12000010","2","2011/12 to 2013/14 financial years; 3-year aggregates",56,288.6,217,376,"Age-sex standardised rate per 100,000",NA,NA,NA,NA,NA,NA,NA
"Psychiatric patient hospitalisations","S12000010","3","2011/12 to 2013/14 financial years; 3-year aggregates",47.7,254.2,183.5,341.9,"Age-sex standardised rate per 100,000",NA,NA,NA,NA,NA,NA,NA
"Psychiatric patient hospitalisations","S12000010","4","2011/12 to 2013/14 financial years; 3-year aggregates",40,198.1,140.1,271.5,"Age-sex standardised rate per 100,000",NA,NA,NA,NA,NA,NA,NA
"Psychiatric patient hospitalisations","S12000010","5 - least deprived","2011/12 to 2013/14 financial years; 3-year aggregates",29.3,156.7,102.2,228.5,"Age-sex standardised rate per 100,000",NA,NA,NA,NA,NA,NA,NA
"Psychiatric patient hospitalisations","S12000010","Total","2011/12 to 2013/14 financial years; 3-year aggregates",248.7,258.5,226.7,293.5,"Age-sex standardised rate per 100,000",52.9,34.7,71.1,273.6,179.6,367.7,38.9
"Psychiatric patient hospitalisations","S12000010","1 - most deprived","2012/13 to 2014/15 financial years; 3-year aggregates",73.3,370.1,289,466.5,"Age-sex standardised rate per 100,000",NA,NA,NA,NA,NA,NA,NA
"Psychiatric patient hospitalisations","S12000010","2","2012/13 to 2014/15 financial years; 3-year aggregates",61,312.1,237.6,402.2,"Age-sex standardised rate per 100,000",NA,NA,NA,NA,NA,NA,NA
"Psychiatric patient hospitalisations","S12000010","3","2012/13 to 2014/15 financial years; 3-year aggregates",50.7,267.1,195.2,355.8,"Age-sex standardised rate per 100,000",NA,NA,NA,NA,NA,NA,NA
"Psychiatric patient hospitalisations","S12000010","4","2012/13 to 2014/15 financial years; 3-year aggregates",34.3,172.5,118.6,242.1,"Age-sex standardised rate per 100,000",NA,NA,NA,NA,NA,NA,NA
"Psychiatric patient hospitalisations","S12000010","5 - least deprived","2012/13 to 2014/15 financial years; 3-year aggregates",28,142.2,92.7,208,"Age-sex standardised rate per 100,000",NA,NA,NA,NA,NA,NA,NA
"Psychiatric patient hospitalisations","S12000010","Total","2012/13 to 2014/15 financial years; 3-year aggregates",247.3,254.6,223.2,289,"Age-sex standardised rate per 100,000",58.4,43.4,73.4,297.4,221,373.8,43.7
"Psychiatric patient hospitalisations","S12000010","1 - most deprived","2013/14 to 2015/16 financial years; 3-year aggregates",72,357.1,278.7,450.7,"Age-sex standardised rate per 100,000",NA,NA,NA,NA,NA,NA,NA
"Psychiatric patient hospitalisations","S12000010","2","2013/14 to 2015/16 financial years; 3-year aggregates",64.3,323.2,247.7,414,"Age-sex standardised rate per 100,000",NA,NA,NA,NA,NA,NA,NA
"Psychiatric patient hospitalisations","S12000010","3","2013/14 to 2015/16 financial years; 3-year aggregates",50.3,263.5,192.7,350.8,"Age-sex standardised rate per 100,000",NA,NA,NA,NA,NA,NA,NA
"Psychiatric patient hospitalisations","S12000010","4","2013/14 to 2015/16 financial years; 3-year aggregates",31.3,163.2,109.9,232.9,"Age-sex standardised rate per 100,000",NA,NA,NA,NA,NA,NA,NA
"Psychiatric patient hospitalisations","S12000010","5 - least deprived","2013/14 to 2015/16 financial years; 3-year aggregates",31.3,154.3,103.9,220.1,"Age-sex standardised rate per 100,000",NA,NA,NA,NA,NA,NA,NA
"Psychiatric patient hospitalisations","S12000010","Total","2013/14 to 2015/16 financial years; 3-year aggregates",249.3,253.7,222.6,287.7,"Age-sex standardised rate per 100,000",55.7,32.5,79,282.8,164.8,400.8,38.9
"Psychiatric patient hospitalisations","S12000010","1 - most deprived","2014/15 to 2016/17 financial years; 3-year aggregates",64.7,319.3,245.6,408.1,"Age-sex standardised rate per 100,000",NA,NA,NA,NA,NA,NA,NA
"Psychiatric patient hospitalisations","S12000010","2","2014/15 to 2016/17 financial years; 3-year aggregates",63.7,318.1,243.5,408,"Age-sex standardised rate per 100,000",NA,NA,NA,NA,NA,NA,NA
"Psychiatric patient hospitalisations","S12000010","3","2014/15 to 2016/17 financial years; 3-year aggregates",45.7,230.7,166.3,311,"Age-sex standardised rate per 100,000",NA,NA,NA,NA,NA,NA,NA
"Psychiatric patient hospitalisations","S12000010","4","2014/15 to 2016/17 financial years; 3-year aggregates",28.3,151.8,99.8,220.7,"Age-sex standardised rate per 100,000",NA,NA,NA,NA,NA,NA,NA
"Psychiatric patient hospitalisations","S12000010","5 - least deprived","2014/15 to 2016/17 financial years; 3-year aggregates",31.3,151.1,102.1,215,"Age-sex standardised rate per 100,000",NA,NA,NA,NA,NA,NA,NA
"Psychiatric patient hospitalisations","S12000010","Total","2014/15 to 2016/17 financial years; 3-year aggregates",233.7,235.8,206.1,268.5,"Age-sex standardised rate per 100,000",53.2,21.5,84.9,250.9,101.5,400.3,35.5
"Psychiatric patient hospitalisations","S12000010","1 - most deprived","2015/16 to 2017/18 financial years; 3-year aggregates",60.7,301.3,229.6,388.1,"Age-sex standardised rate per 100,000",NA,NA,NA,NA,NA,NA,NA
"Psychiatric patient hospitalisations","S12000010","2","2015/16 to 2017/18 financial years; 3-year aggregates",62,307.6,234.8,395.7,"Age-sex standardised rate per 100,000",NA,NA,NA,NA,NA,NA,NA
"Psychiatric patient hospitalisations","S12000010","3","2015/16 to 2017/18 financial years; 3-year aggregates",48,234.2,170.6,313.1,"Age-sex standardised rate per 100,000",NA,NA,NA,NA,NA,NA,NA
"Psychiatric patient hospitalisations","S12000010","4","2015/16 to 2017/18 financial years; 3-year aggregates",29.7,150.8,100.4,217.2,"Age-sex standardised rate per 100,000",NA,NA,NA,NA,NA,NA,NA
"Psychiatric patient hospitalisations","S12000010","5 - least deprived","2015/16 to 2017/18 financial years; 3-year aggregates",33,156.3,106.7,220.6,"Age-sex standardised rate per 100,000",NA,NA,NA,NA,NA,NA,NA
"Psychiatric patient hospitalisations","S12000010","Total","2015/16 to 2017/18 financial years; 3-year aggregates",233.3,231.6,202.5,263.7,"Age-sex standardised rate per 100,000",48.1,14.9,81.3,222.8,69.1,376.5,32.1
"Psychiatric patient hospitalisations","S12000010","1 - most deprived","2016/17 to 2018/19 financial years; 3-year aggregates",58,289,218.8,374.5,"Age-sex standardised rate per 100,000",NA,NA,NA,NA,NA,NA,NA
"Psychiatric patient hospitalisations","S12000010","2","2016/17 to 2018/19 financial years; 3-year aggregates",57.7,282.2,213,366.5,"Age-sex standardised rate per 100,000",NA,NA,NA,NA,NA,NA,NA
"Psychiatric patient hospitalisations","S12000010","3","2016/17 to 2018/19 financial years; 3-year aggregates",51,249.4,183.2,330.9,"Age-sex standardised rate per 100,000",NA,NA,NA,NA,NA,NA,NA
"Psychiatric patient hospitalisations","S12000010","4","2016/17 to 2018/19 financial years; 3-year aggregates",30,147.7,98.6,212.1,"Age-sex standardised rate per 100,000",NA,NA,NA,NA,NA,NA,NA
"Psychiatric patient hospitalisations","S12000010","5 - least deprived","2016/17 to 2018/19 financial years; 3-year aggregates",29.3,139.6,92.8,201.3,"Age-sex standardised rate per 100,000",NA,NA,NA,NA,NA,NA,NA
"Psychiatric patient hospitalisations","S12000010","Total","2016/17 to 2018/19 financial years; 3-year aggregates",226,222.7,194.2,254.2,"Age-sex standardised rate per 100,000",48.6,16.9,80.3,216.5,75.1,357.9,37
"Psychiatric patient hospitalisations","S12000010","1 - most deprived","2017/18 to 2019/20 financial years; 3-year aggregates",55.7,275.1,206.9,358.5,"Age-sex standardised rate per 100,000",NA,NA,NA,NA,NA,NA,NA
"Psychiatric patient hospitalisations","S12000010","2","2017/18 to 2019/20 financial years; 3-year aggregates",56.7,278.4,209.5,362.4,"Age-sex standardised rate per 100,000",NA,NA,NA,NA,NA,NA,NA
"Psychiatric patient hospitalisations","S12000010","3","2017/18 to 2019/20 financial years; 3-year aggregates",52.7,259.2,191.5,342.4,"Age-sex standardised rate per 100,000",NA,NA,NA,NA,NA,NA,NA
"Psychiatric patient hospitalisations","S12000010","4","2017/18 to 2019/20 financial years; 3-year aggregates",32.3,157.5,106.7,223.6,"Age-sex standardised rate per 100,000",NA,NA,NA,NA,NA,NA,NA
"Psychiatric patient hospitalisations","S12000010","5 - least deprived","2017/18 to 2019/20 financial years; 3-year aggregates",28.3,134.2,88.5,194.9,"Age-sex standardised rate per 100,000",NA,NA,NA,NA,NA,NA,NA
"Psychiatric patient hospitalisations","S12000010","Total","2017/18 to 2019/20 financial years; 3-year aggregates",225.7,221.8,193.4,253.2,"Age-sex standardised rate per 100,000",45.4,9.8,81.1,201.6,43.3,359.9,39.1
