"indicator","geography_code","quintile","period","numerator","indicator_measure","lower_confidence_interval","upper_confidence_interval","definition","relative_inequality_gap","lower_confidence_interval_relative_ineq","upper_confidence_interval_relative_ineq","absolute_inequality_gap","lower_confidence_interval_absolute_ineq","upper_confidence_interval_absolute_ineq","population_attributable_risk"
"Psychiatric patient hospitalisations","S12000011","1 - most deprived","2002/03 to 2004/05 financial years; 3-year aggregates",91.7,523.9,418,647.5,"Age-sex standardised rate per 100,000",NA,NA,NA,NA,NA,NA,NA
"Psychiatric patient hospitalisations","S12000011","2","2002/03 to 2004/05 financial years; 3-year aggregates",45.3,276.2,199.5,371.9,"Age-sex standardised rate per 100,000",NA,NA,NA,NA,NA,NA,NA
"Psychiatric patient hospitalisations","S12000011","3","2002/03 to 2004/05 financial years; 3-year aggregates",32,189.9,128.2,270.4,"Age-sex standardised rate per 100,000",NA,NA,NA,NA,NA,NA,NA
"Psychiatric patient hospitalisations","S12000011","4","2002/03 to 2004/05 financial years; 3-year aggregates",21.3,133.7,81.6,205.8,"Age-sex standardised rate per 100,000",NA,NA,NA,NA,NA,NA,NA
"Psychiatric patient hospitalisations","S12000011","5 - least deprived","2002/03 to 2004/05 financial years; 3-year aggregates",18,121.9,68.7,197.5,"Age-sex standardised rate per 100,000",NA,NA,NA,NA,NA,NA,NA
"Psychiatric patient hospitalisations","S12000011","Total","2002/03 to 2004/05 financial years; 3-year aggregates",208.3,252.9,218.6,291,"Age-sex standardised rate per 100,000",94.1,13.5,174.6,475.8,68.3,883.4,51.3
"Psychiatric patient hospitalisations","S12000011","1 - most deprived","2003/04 to 2005/06 financial years; 3-year aggregates",94,538.9,430.9,664.8,"Age-sex standardised rate per 100,000",NA,NA,NA,NA,NA,NA,NA
"Psychiatric patient hospitalisations","S12000011","2","2003/04 to 2005/06 financial years; 3-year aggregates",48.7,296.9,217.3,395.5,"Age-sex standardised rate per 100,000",NA,NA,NA,NA,NA,NA,NA
"Psychiatric patient hospitalisations","S12000011","3","2003/04 to 2005/06 financial years; 3-year aggregates",32.3,193.7,130,276.6,"Age-sex standardised rate per 100,000",NA,NA,NA,NA,NA,NA,NA
"Psychiatric patient hospitalisations","S12000011","4","2003/04 to 2005/06 financial years; 3-year aggregates",21.3,129.6,79.1,199.3,"Age-sex standardised rate per 100,000",NA,NA,NA,NA,NA,NA,NA
"Psychiatric patient hospitalisations","S12000011","5 - least deprived","2003/04 to 2005/06 financial years; 3-year aggregates",17,113.2,62.4,186.4,"Age-sex standardised rate per 100,000",NA,NA,NA,NA,NA,NA,NA
"Psychiatric patient hospitalisations","S12000011","Total","2003/04 to 2005/06 financial years; 3-year aggregates",213.3,258.6,223.8,297.1,"Age-sex standardised rate per 100,000",98.9,23.1,174.7,511.5,119.4,903.7,55.6
"Psychiatric patient hospitalisations","S12000011","1 - most deprived","2004/05 to 2006/07 financial years; 3-year aggregates",91.7,516.7,414.8,635.7,"Age-sex standardised rate per 100,000",NA,NA,NA,NA,NA,NA,NA
"Psychiatric patient hospitalisations","S12000011","2","2004/05 to 2006/07 financial years; 3-year aggregates",50.7,301.4,221.3,400.1,"Age-sex standardised rate per 100,000",NA,NA,NA,NA,NA,NA,NA
"Psychiatric patient hospitalisations","S12000011","3","2004/05 to 2006/07 financial years; 3-year aggregates",32.7,198.9,133.6,283.6,"Age-sex standardised rate per 100,000",NA,NA,NA,NA,NA,NA,NA
"Psychiatric patient hospitalisations","S12000011","4","2004/05 to 2006/07 financial years; 3-year aggregates",25,152.9,97.6,227.6,"Age-sex standardised rate per 100,000",NA,NA,NA,NA,NA,NA,NA
"Psychiatric patient hospitalisations","S12000011","5 - least deprived","2004/05 to 2006/07 financial years; 3-year aggregates",14,89.8,47.9,152.4,"Age-sex standardised rate per 100,000",NA,NA,NA,NA,NA,NA,NA
"Psychiatric patient hospitalisations","S12000011","Total","2004/05 to 2006/07 financial years; 3-year aggregates",214,257.7,223.3,295.8,"Age-sex standardised rate per 100,000",97.5,38.3,156.8,502.8,197.2,808.4,64.5
"Psychiatric patient hospitalisations","S12000011","1 - most deprived","2005/06 to 2007/08 financial years; 3-year aggregates",90,515.5,412.5,635.9,"Age-sex standardised rate per 100,000",NA,NA,NA,NA,NA,NA,NA
"Psychiatric patient hospitalisations","S12000011","2","2005/06 to 2007/08 financial years; 3-year aggregates",48.3,285,207.5,381.1,"Age-sex standardised rate per 100,000",NA,NA,NA,NA,NA,NA,NA
"Psychiatric patient hospitalisations","S12000011","3","2005/06 to 2007/08 financial years; 3-year aggregates",28.7,169.8,110.6,248.2,"Age-sex standardised rate per 100,000",NA,NA,NA,NA,NA,NA,NA
"Psychiatric patient hospitalisations","S12000011","4","2005/06 to 2007/08 financial years; 3-year aggregates",21.3,132.9,81.5,204,"Age-sex standardised rate per 100,000",NA,NA,NA,NA,NA,NA,NA
"Psychiatric patient hospitalisations","S12000011","5 - least deprived","2005/06 to 2007/08 financial years; 3-year aggregates",15.7,102.1,56.5,168.6,"Age-sex standardised rate per 100,000",NA,NA,NA,NA,NA,NA,NA
"Psychiatric patient hospitalisations","S12000011","Total","2005/06 to 2007/08 financial years; 3-year aggregates",204,244.7,211.3,281.8,"Age-sex standardised rate per 100,000",100.5,21.8,179.1,491.7,106.7,876.8,57.8
"Psychiatric patient hospitalisations","S12000011","1 - most deprived","2006/07 to 2008/09 financial years; 3-year aggregates",88.7,507.7,405.7,627.2,"Age-sex standardised rate per 100,000",NA,NA,NA,NA,NA,NA,NA
"Psychiatric patient hospitalisations","S12000011","2","2006/07 to 2008/09 financial years; 3-year aggregates",43.3,254.7,181.8,346.2,"Age-sex standardised rate per 100,000",NA,NA,NA,NA,NA,NA,NA
"Psychiatric patient hospitalisations","S12000011","3","2006/07 to 2008/09 financial years; 3-year aggregates",29,168.6,111.3,244.1,"Age-sex standardised rate per 100,000",NA,NA,NA,NA,NA,NA,NA
"Psychiatric patient hospitalisations","S12000011","4","2006/07 to 2008/09 financial years; 3-year aggregates",20.3,127.1,76.7,197.3,"Age-sex standardised rate per 100,000",NA,NA,NA,NA,NA,NA,NA
"Psychiatric patient hospitalisations","S12000011","5 - least deprived","2006/07 to 2008/09 financial years; 3-year aggregates",16.3,106.7,58.5,176.5,"Age-sex standardised rate per 100,000",NA,NA,NA,NA,NA,NA,NA
"Psychiatric patient hospitalisations","S12000011","Total","2006/07 to 2008/09 financial years; 3-year aggregates",197.7,237.1,204.2,273.6,"Age-sex standardised rate per 100,000",98.7,10.2,187.2,468,48.3,887.8,54.4
"Psychiatric patient hospitalisations","S12000011","1 - most deprived","2007/08 to 2009/10 financial years; 3-year aggregates",90.3,520.4,416.5,641.8,"Age-sex standardised rate per 100,000",NA,NA,NA,NA,NA,NA,NA
"Psychiatric patient hospitalisations","S12000011","2","2007/08 to 2009/10 financial years; 3-year aggregates",37,218.3,152.4,302.6,"Age-sex standardised rate per 100,000",NA,NA,NA,NA,NA,NA,NA
"Psychiatric patient hospitalisations","S12000011","3","2007/08 to 2009/10 financial years; 3-year aggregates",28.3,162.2,106.6,236,"Age-sex standardised rate per 100,000",NA,NA,NA,NA,NA,NA,NA
"Psychiatric patient hospitalisations","S12000011","4","2007/08 to 2009/10 financial years; 3-year aggregates",19,115.8,68.4,182.6,"Age-sex standardised rate per 100,000",NA,NA,NA,NA,NA,NA,NA
"Psychiatric patient hospitalisations","S12000011","5 - least deprived","2007/08 to 2009/10 financial years; 3-year aggregates",17.3,113.3,62.8,185.7,"Age-sex standardised rate per 100,000",NA,NA,NA,NA,NA,NA,NA
"Psychiatric patient hospitalisations","S12000011","Total","2007/08 to 2009/10 financial years; 3-year aggregates",192,231.2,198.7,267.4,"Age-sex standardised rate per 100,000",100.1,-11.7,211.8,462.7,-53.9,979.4,50.2
"Psychiatric patient hospitalisations","S12000011","1 - most deprived","2008/09 to 2010/11 financial years; 3-year aggregates",83.7,475.8,377.6,591.4,"Age-sex standardised rate per 100,000",NA,NA,NA,NA,NA,NA,NA
"Psychiatric patient hospitalisations","S12000011","2","2008/09 to 2010/11 financial years; 3-year aggregates",34,196.9,135,277,"Age-sex standardised rate per 100,000",NA,NA,NA,NA,NA,NA,NA
"Psychiatric patient hospitalisations","S12000011","3","2008/09 to 2010/11 financial years; 3-year aggregates",28.3,162.7,106.7,236.9,"Age-sex standardised rate per 100,000",NA,NA,NA,NA,NA,NA,NA
"Psychiatric patient hospitalisations","S12000011","4","2008/09 to 2010/11 financial years; 3-year aggregates",19.7,116.1,69.3,181.7,"Age-sex standardised rate per 100,000",NA,NA,NA,NA,NA,NA,NA
"Psychiatric patient hospitalisations","S12000011","5 - least deprived","2008/09 to 2010/11 financial years; 3-year aggregates",15.7,102,54.6,171.2,"Age-sex standardised rate per 100,000",NA,NA,NA,NA,NA,NA,NA
"Psychiatric patient hospitalisations","S12000011","Total","2008/09 to 2010/11 financial years; 3-year aggregates",181.3,215.9,184.7,250.7,"Age-sex standardised rate per 100,000",97.1,-8.8,203.1,419.3,-38.2,876.9,52
"Psychiatric patient hospitalisations","S12000011","1 - most deprived","2009/10 to 2011/12 financial years; 3-year aggregates",74.7,418.5,327.4,526.8,"Age-sex standardised rate per 100,000",NA,NA,NA,NA,NA,NA,NA
"Psychiatric patient hospitalisations","S12000011","2","2009/10 to 2011/12 financial years; 3-year aggregates",31.3,173.9,116.8,248.4,"Age-sex standardised rate per 100,000",NA,NA,NA,NA,NA,NA,NA
"Psychiatric patient hospitalisations","S12000011","3","2009/10 to 2011/12 financial years; 3-year aggregates",25.3,150.3,95.9,223.6,"Age-sex standardised rate per 100,000",NA,NA,NA,NA,NA,NA,NA
"Psychiatric patient hospitalisations","S12000011","4","2009/10 to 2011/12 financial years; 3-year aggregates",16.7,97.1,54.9,158.2,"Age-sex standardised rate per 100,000",NA,NA,NA,NA,NA,NA,NA
"Psychiatric patient hospitalisations","S12000011","5 - least deprived","2009/10 to 2011/12 financial years; 3-year aggregates",13,85.3,42.7,149.8,"Age-sex standardised rate per 100,000",NA,NA,NA,NA,NA,NA,NA
"Psychiatric patient hospitalisations","S12000011","Total","2009/10 to 2011/12 financial years; 3-year aggregates",161,189.2,160.3,221.6,"Age-sex standardised rate per 100,000",99.5,-4,203,376.5,-15,767.9,54.3
"Psychiatric patient hospitalisations","S12000011","1 - most deprived","2010/11 to 2012/13 financial years; 3-year aggregates",64.3,355.4,272.7,454.9,"Age-sex standardised rate per 100,000",NA,NA,NA,NA,NA,NA,NA
"Psychiatric patient hospitalisations","S12000011","2","2010/11 to 2012/13 financial years; 3-year aggregates",32.7,175.5,118.8,249.1,"Age-sex standardised rate per 100,000",NA,NA,NA,NA,NA,NA,NA
"Psychiatric patient hospitalisations","S12000011","3","2010/11 to 2012/13 financial years; 3-year aggregates",26.3,159,102.3,234.9,"Age-sex standardised rate per 100,000",NA,NA,NA,NA,NA,NA,NA
"Psychiatric patient hospitalisations","S12000011","4","2010/11 to 2012/13 financial years; 3-year aggregates",14.3,81.4,43.8,137.3,"Age-sex standardised rate per 100,000",NA,NA,NA,NA,NA,NA,NA
"Psychiatric patient hospitalisations","S12000011","5 - least deprived","2010/11 to 2012/13 financial years; 3-year aggregates",12.3,76.7,38.3,135.6,"Age-sex standardised rate per 100,000",NA,NA,NA,NA,NA,NA,NA
"Psychiatric patient hospitalisations","S12000011","Total","2010/11 to 2012/13 financial years; 3-year aggregates",150,173.9,146.4,204.8,"Age-sex standardised rate per 100,000",94.7,17.7,171.6,329.2,61.6,596.9,55.2
"Psychiatric patient hospitalisations","S12000011","1 - most deprived","2011/12 to 2013/14 financial years; 3-year aggregates",64,356.3,273.1,456.6,"Age-sex standardised rate per 100,000",NA,NA,NA,NA,NA,NA,NA
"Psychiatric patient hospitalisations","S12000011","2","2011/12 to 2013/14 financial years; 3-year aggregates",33.3,182.6,124.1,258.4,"Age-sex standardised rate per 100,000",NA,NA,NA,NA,NA,NA,NA
"Psychiatric patient hospitalisations","S12000011","3","2011/12 to 2013/14 financial years; 3-year aggregates",24,143.7,90.5,216.1,"Age-sex standardised rate per 100,000",NA,NA,NA,NA,NA,NA,NA
"Psychiatric patient hospitalisations","S12000011","4","2011/12 to 2013/14 financial years; 3-year aggregates",17,96.5,54.7,156.6,"Age-sex standardised rate per 100,000",NA,NA,NA,NA,NA,NA,NA
"Psychiatric patient hospitalisations","S12000011","5 - least deprived","2011/12 to 2013/14 financial years; 3-year aggregates",10.7,66.6,31.1,123,"Age-sex standardised rate per 100,000",NA,NA,NA,NA,NA,NA,NA
"Psychiatric patient hospitalisations","S12000011","Total","2011/12 to 2013/14 financial years; 3-year aggregates",149,171.6,144.5,202.3,"Age-sex standardised rate per 100,000",97.9,26.1,169.6,335.9,89.6,582.1,61
"Psychiatric patient hospitalisations","S12000011","1 - most deprived","2012/13 to 2014/15 financial years; 3-year aggregates",60.3,337.1,256.1,435.2,"Age-sex standardised rate per 100,000",NA,NA,NA,NA,NA,NA,NA
"Psychiatric patient hospitalisations","S12000011","2","2012/13 to 2014/15 financial years; 3-year aggregates",34,190.3,130.3,267.9,"Age-sex standardised rate per 100,000",NA,NA,NA,NA,NA,NA,NA
"Psychiatric patient hospitalisations","S12000011","3","2012/13 to 2014/15 financial years; 3-year aggregates",24,138.6,87.7,207.6,"Age-sex standardised rate per 100,000",NA,NA,NA,NA,NA,NA,NA
"Psychiatric patient hospitalisations","S12000011","4","2012/13 to 2014/15 financial years; 3-year aggregates",20,106.7,63.8,166.7,"Age-sex standardised rate per 100,000",NA,NA,NA,NA,NA,NA,NA
"Psychiatric patient hospitalisations","S12000011","5 - least deprived","2012/13 to 2014/15 financial years; 3-year aggregates",11.3,69.9,33.3,127.3,"Age-sex standardised rate per 100,000",NA,NA,NA,NA,NA,NA,NA
"Psychiatric patient hospitalisations","S12000011","Total","2012/13 to 2014/15 financial years; 3-year aggregates",149.7,170.4,143.6,200.7,"Age-sex standardised rate per 100,000",91.2,30.6,151.7,310.7,104.3,517.1,58.8
"Psychiatric patient hospitalisations","S12000011","1 - most deprived","2013/14 to 2015/16 financial years; 3-year aggregates",62.3,346.5,264.7,445.3,"Age-sex standardised rate per 100,000",NA,NA,NA,NA,NA,NA,NA
"Psychiatric patient hospitalisations","S12000011","2","2013/14 to 2015/16 financial years; 3-year aggregates",36,204.1,141.4,284.5,"Age-sex standardised rate per 100,000",NA,NA,NA,NA,NA,NA,NA
"Psychiatric patient hospitalisations","S12000011","3","2013/14 to 2015/16 financial years; 3-year aggregates",24,138.1,87.5,206.9,"Age-sex standardised rate per 100,000",NA,NA,NA,NA,NA,NA,NA
"Psychiatric patient hospitalisations","S12000011","4","2013/14 to 2015/16 financial years; 3-year aggregates",23,120.5,74.9,182.7,"Age-sex standardised rate per 100,000",NA,NA,NA,NA,NA,NA,NA
"Psychiatric patient hospitalisations","S12000011","5 - least deprived","2013/14 to 2015/16 financial years; 3-year aggregates",11.7,71.2,34.7,127.9,"Age-sex standardised rate per 100,000",NA,NA,NA,NA,NA,NA,NA
"Psychiatric patient hospitalisations","S12000011","Total","2013/14 to 2015/16 financial years; 3-year aggregates",157,178,150.6,208.8,"Age-sex standardised rate per 100,000",89.2,30.7,147.6,317.4,109.3,525.5,59.6
"Psychiatric patient hospitalisations","S12000011","1 - most deprived","2014/15 to 2016/17 financial years; 3-year aggregates",60.7,344.8,262.2,444.9,"Age-sex standardised rate per 100,000",NA,NA,NA,NA,NA,NA,NA
"Psychiatric patient hospitalisations","S12000011","2","2014/15 to 2016/17 financial years; 3-year aggregates",37,206.7,144.1,286.8,"Age-sex standardised rate per 100,000",NA,NA,NA,NA,NA,NA,NA
"Psychiatric patient hospitalisations","S12000011","3","2014/15 to 2016/17 financial years; 3-year aggregates",26,143.6,92.8,211.7,"Age-sex standardised rate per 100,000",NA,NA,NA,NA,NA,NA,NA
"Psychiatric patient hospitalisations","S12000011","4","2014/15 to 2016/17 financial years; 3-year aggregates",21,111.9,67.7,173.3,"Age-sex standardised rate per 100,000",NA,NA,NA,NA,NA,NA,NA
"Psychiatric patient hospitalisations","S12000011","5 - least deprived","2014/15 to 2016/17 financial years; 3-year aggregates",12,73.5,36.1,131.4,"Age-sex standardised rate per 100,000",NA,NA,NA,NA,NA,NA,NA
"Psychiatric patient hospitalisations","S12000011","Total","2014/15 to 2016/17 financial years; 3-year aggregates",156.7,177.7,150.4,208.5,"Age-sex standardised rate per 100,000",89.3,34,144.6,317.3,120.8,513.9,58.1
"Psychiatric patient hospitalisations","S12000011","1 - most deprived","2015/16 to 2017/18 financial years; 3-year aggregates",60.3,338.7,257.4,437.2,"Age-sex standardised rate per 100,000",NA,NA,NA,NA,NA,NA,NA
"Psychiatric patient hospitalisations","S12000011","2","2015/16 to 2017/18 financial years; 3-year aggregates",35.7,191.5,132.6,267.2,"Age-sex standardised rate per 100,000",NA,NA,NA,NA,NA,NA,NA
"Psychiatric patient hospitalisations","S12000011","3","2015/16 to 2017/18 financial years; 3-year aggregates",23.3,129.3,81.1,194.9,"Age-sex standardised rate per 100,000",NA,NA,NA,NA,NA,NA,NA
"Psychiatric patient hospitalisations","S12000011","4","2015/16 to 2017/18 financial years; 3-year aggregates",21,115.2,69.4,178.7,"Age-sex standardised rate per 100,000",NA,NA,NA,NA,NA,NA,NA
"Psychiatric patient hospitalisations","S12000011","5 - least deprived","2015/16 to 2017/18 financial years; 3-year aggregates",14.3,90.2,48.1,152.9,"Age-sex standardised rate per 100,000",NA,NA,NA,NA,NA,NA,NA
"Psychiatric patient hospitalisations","S12000011","Total","2015/16 to 2017/18 financial years; 3-year aggregates",154.7,173.4,146.6,203.6,"Age-sex standardised rate per 100,000",82.3,11.6,153,285.4,40.2,530.5,47.7
"Psychiatric patient hospitalisations","S12000011","1 - most deprived","2016/17 to 2018/19 financial years; 3-year aggregates",63.7,353.7,271,453.4,"Age-sex standardised rate per 100,000",NA,NA,NA,NA,NA,NA,NA
"Psychiatric patient hospitalisations","S12000011","2","2016/17 to 2018/19 financial years; 3-year aggregates",33,174.5,119,246.6,"Age-sex standardised rate per 100,000",NA,NA,NA,NA,NA,NA,NA
"Psychiatric patient hospitalisations","S12000011","3","2016/17 to 2018/19 financial years; 3-year aggregates",20,106.9,64.1,166.6,"Age-sex standardised rate per 100,000",NA,NA,NA,NA,NA,NA,NA
"Psychiatric patient hospitalisations","S12000011","4","2016/17 to 2018/19 financial years; 3-year aggregates",19.3,106.5,62.7,168.1,"Age-sex standardised rate per 100,000",NA,NA,NA,NA,NA,NA,NA
"Psychiatric patient hospitalisations","S12000011","5 - least deprived","2016/17 to 2018/19 financial years; 3-year aggregates",15.3,98.3,53.4,164.1,"Age-sex standardised rate per 100,000",NA,NA,NA,NA,NA,NA,NA
"Psychiatric patient hospitalisations","S12000011","Total","2016/17 to 2018/19 financial years; 3-year aggregates",151.3,167,141,196.4,"Age-sex standardised rate per 100,000",86.4,-14.4,187.1,288.5,-48.2,625.2,41.4
"Psychiatric patient hospitalisations","S12000011","1 - most deprived","2017/18 to 2019/20 financial years; 3-year aggregates",65,354.6,272.4,453.4,"Age-sex standardised rate per 100,000",NA,NA,NA,NA,NA,NA,NA
"Psychiatric patient hospitalisations","S12000011","2","2017/18 to 2019/20 financial years; 3-year aggregates",28.7,153.5,101.3,222.5,"Age-sex standardised rate per 100,000",NA,NA,NA,NA,NA,NA,NA
"Psychiatric patient hospitalisations","S12000011","3","2017/18 to 2019/20 financial years; 3-year aggregates",16.3,88.6,49.8,144.8,"Age-sex standardised rate per 100,000",NA,NA,NA,NA,NA,NA,NA
"Psychiatric patient hospitalisations","S12000011","4","2017/18 to 2019/20 financial years; 3-year aggregates",17.7,96,55.2,154.3,"Age-sex standardised rate per 100,000",NA,NA,NA,NA,NA,NA,NA
"Psychiatric patient hospitalisations","S12000011","5 - least deprived","2017/18 to 2019/20 financial years; 3-year aggregates",18.7,113.8,66,181.4,"Age-sex standardised rate per 100,000",NA,NA,NA,NA,NA,NA,NA
"Psychiatric patient hospitalisations","S12000011","Total","2017/18 to 2019/20 financial years; 3-year aggregates",146.3,160.4,135,189.2,"Age-sex standardised rate per 100,000",84,-44.1,212.2,269.7,-141.4,680.7,29.5
