"indicator","geography_code","quintile","period","numerator","indicator_measure","lower_confidence_interval","upper_confidence_interval","definition","relative_inequality_gap","lower_confidence_interval_relative_ineq","upper_confidence_interval_relative_ineq","absolute_inequality_gap","lower_confidence_interval_absolute_ineq","upper_confidence_interval_absolute_ineq","population_attributable_risk"
"Psychiatric patient hospitalisations","S12000008","1 - most deprived","2002/03 to 2004/05 financial years; 3-year aggregates",152.7,699.2,587.4,825.3,"Age-sex standardised rate per 100,000",NA,NA,NA,NA,NA,NA,NA
"Psychiatric patient hospitalisations","S12000008","2","2002/03 to 2004/05 financial years; 3-year aggregates",119,522.7,430,628.9,"Age-sex standardised rate per 100,000",NA,NA,NA,NA,NA,NA,NA
"Psychiatric patient hospitalisations","S12000008","3","2002/03 to 2004/05 financial years; 3-year aggregates",90,383.5,305.9,474.2,"Age-sex standardised rate per 100,000",NA,NA,NA,NA,NA,NA,NA
"Psychiatric patient hospitalisations","S12000008","4","2002/03 to 2004/05 financial years; 3-year aggregates",60.7,272.9,201.4,359.6,"Age-sex standardised rate per 100,000",NA,NA,NA,NA,NA,NA,NA
"Psychiatric patient hospitalisations","S12000008","5 - least deprived","2002/03 to 2004/05 financial years; 3-year aggregates",41.7,193.7,135.6,266.9,"Age-sex standardised rate per 100,000",NA,NA,NA,NA,NA,NA,NA
"Psychiatric patient hospitalisations","S12000008","Total","2002/03 to 2004/05 financial years; 3-year aggregates",464,409.1,371.1,449.8,"Age-sex standardised rate per 100,000",77,55.3,98.6,630,452.8,807.1,53.1
"Psychiatric patient hospitalisations","S12000008","1 - most deprived","2003/04 to 2005/06 financial years; 3-year aggregates",146,665.7,557.8,787.7,"Age-sex standardised rate per 100,000",NA,NA,NA,NA,NA,NA,NA
"Psychiatric patient hospitalisations","S12000008","2","2003/04 to 2005/06 financial years; 3-year aggregates",118.3,517.9,426.4,622.9,"Age-sex standardised rate per 100,000",NA,NA,NA,NA,NA,NA,NA
"Psychiatric patient hospitalisations","S12000008","3","2003/04 to 2005/06 financial years; 3-year aggregates",88,366.6,292.9,452.9,"Age-sex standardised rate per 100,000",NA,NA,NA,NA,NA,NA,NA
"Psychiatric patient hospitalisations","S12000008","4","2003/04 to 2005/06 financial years; 3-year aggregates",58.7,261.5,193.8,343.7,"Age-sex standardised rate per 100,000",NA,NA,NA,NA,NA,NA,NA
"Psychiatric patient hospitalisations","S12000008","5 - least deprived","2003/04 to 2005/06 financial years; 3-year aggregates",39,181.1,124.9,252.4,"Age-sex standardised rate per 100,000",NA,NA,NA,NA,NA,NA,NA
"Psychiatric patient hospitalisations","S12000008","Total","2003/04 to 2005/06 financial years; 3-year aggregates",450,395.3,358.4,434.9,"Age-sex standardised rate per 100,000",77.5,58.9,96,612.3,465.6,759.1,54.5
"Psychiatric patient hospitalisations","S12000008","1 - most deprived","2004/05 to 2006/07 financial years; 3-year aggregates",149.3,678.8,570.1,801.7,"Age-sex standardised rate per 100,000",NA,NA,NA,NA,NA,NA,NA
"Psychiatric patient hospitalisations","S12000008","2","2004/05 to 2006/07 financial years; 3-year aggregates",105,456.1,370.8,554.7,"Age-sex standardised rate per 100,000",NA,NA,NA,NA,NA,NA,NA
"Psychiatric patient hospitalisations","S12000008","3","2004/05 to 2006/07 financial years; 3-year aggregates",91,381.8,306.4,470,"Age-sex standardised rate per 100,000",NA,NA,NA,NA,NA,NA,NA
"Psychiatric patient hospitalisations","S12000008","4","2004/05 to 2006/07 financial years; 3-year aggregates",57.7,259.2,191.9,341.1,"Age-sex standardised rate per 100,000",NA,NA,NA,NA,NA,NA,NA
"Psychiatric patient hospitalisations","S12000008","5 - least deprived","2004/05 to 2006/07 financial years; 3-year aggregates",39,181.1,126.6,250.4,"Age-sex standardised rate per 100,000",NA,NA,NA,NA,NA,NA,NA
"Psychiatric patient hospitalisations","S12000008","Total","2004/05 to 2006/07 financial years; 3-year aggregates",442,389,352.5,428.3,"Age-sex standardised rate per 100,000",76.6,46.7,106.4,595.7,363.7,827.7,53.8
"Psychiatric patient hospitalisations","S12000008","1 - most deprived","2005/06 to 2007/08 financial years; 3-year aggregates",139.3,625.9,523.8,741.8,"Age-sex standardised rate per 100,000",NA,NA,NA,NA,NA,NA,NA
"Psychiatric patient hospitalisations","S12000008","2","2005/06 to 2007/08 financial years; 3-year aggregates",95.7,406.7,328.3,497.9,"Age-sex standardised rate per 100,000",NA,NA,NA,NA,NA,NA,NA
"Psychiatric patient hospitalisations","S12000008","3","2005/06 to 2007/08 financial years; 3-year aggregates",83.3,346,274.9,429.7,"Age-sex standardised rate per 100,000",NA,NA,NA,NA,NA,NA,NA
"Psychiatric patient hospitalisations","S12000008","4","2005/06 to 2007/08 financial years; 3-year aggregates",56.7,244.7,182.9,320,"Age-sex standardised rate per 100,000",NA,NA,NA,NA,NA,NA,NA
"Psychiatric patient hospitalisations","S12000008","5 - least deprived","2005/06 to 2007/08 financial years; 3-year aggregates",36.3,163.1,112.6,227.8,"Age-sex standardised rate per 100,000",NA,NA,NA,NA,NA,NA,NA
"Psychiatric patient hospitalisations","S12000008","Total","2005/06 to 2007/08 financial years; 3-year aggregates",411.3,356.2,322,393,"Age-sex standardised rate per 100,000",76.3,42.7,109.9,543.3,303.8,782.8,54.4
"Psychiatric patient hospitalisations","S12000008","1 - most deprived","2006/07 to 2008/09 financial years; 3-year aggregates",131.3,589.4,489.6,703,"Age-sex standardised rate per 100,000",NA,NA,NA,NA,NA,NA,NA
"Psychiatric patient hospitalisations","S12000008","2","2006/07 to 2008/09 financial years; 3-year aggregates",94.3,407.1,326.1,501.4,"Age-sex standardised rate per 100,000",NA,NA,NA,NA,NA,NA,NA
"Psychiatric patient hospitalisations","S12000008","3","2006/07 to 2008/09 financial years; 3-year aggregates",80.3,335.1,265,417.9,"Age-sex standardised rate per 100,000",NA,NA,NA,NA,NA,NA,NA
"Psychiatric patient hospitalisations","S12000008","4","2006/07 to 2008/09 financial years; 3-year aggregates",53,224.5,166.8,295.3,"Age-sex standardised rate per 100,000",NA,NA,NA,NA,NA,NA,NA
"Psychiatric patient hospitalisations","S12000008","5 - least deprived","2006/07 to 2008/09 financial years; 3-year aggregates",34.7,152.5,104.5,214.3,"Age-sex standardised rate per 100,000",NA,NA,NA,NA,NA,NA,NA
"Psychiatric patient hospitalisations","S12000008","Total","2006/07 to 2008/09 financial years; 3-year aggregates",393.7,340.3,306.6,376.6,"Age-sex standardised rate per 100,000",77.6,52.1,103.2,528.3,354.3,702.3,55.5
"Psychiatric patient hospitalisations","S12000008","1 - most deprived","2007/08 to 2009/10 financial years; 3-year aggregates",121.3,534,440.8,640.6,"Age-sex standardised rate per 100,000",NA,NA,NA,NA,NA,NA,NA
"Psychiatric patient hospitalisations","S12000008","2","2007/08 to 2009/10 financial years; 3-year aggregates",98.3,426.1,342.2,523.5,"Age-sex standardised rate per 100,000",NA,NA,NA,NA,NA,NA,NA
"Psychiatric patient hospitalisations","S12000008","3","2007/08 to 2009/10 financial years; 3-year aggregates",75,310.6,243.5,390.3,"Age-sex standardised rate per 100,000",NA,NA,NA,NA,NA,NA,NA
"Psychiatric patient hospitalisations","S12000008","4","2007/08 to 2009/10 financial years; 3-year aggregates",56,231.2,173.6,301.5,"Age-sex standardised rate per 100,000",NA,NA,NA,NA,NA,NA,NA
"Psychiatric patient hospitalisations","S12000008","5 - least deprived","2007/08 to 2009/10 financial years; 3-year aggregates",35.7,149.3,103.1,208.7,"Age-sex standardised rate per 100,000",NA,NA,NA,NA,NA,NA,NA
"Psychiatric patient hospitalisations","S12000008","Total","2007/08 to 2009/10 financial years; 3-year aggregates",386.3,329.5,296.6,364.9,"Age-sex standardised rate per 100,000",73.2,61.8,84.6,482.3,407.2,557.3,54.8
"Psychiatric patient hospitalisations","S12000008","1 - most deprived","2008/09 to 2010/11 financial years; 3-year aggregates",117,512,421.2,616.1,"Age-sex standardised rate per 100,000",NA,NA,NA,NA,NA,NA,NA
"Psychiatric patient hospitalisations","S12000008","2","2008/09 to 2010/11 financial years; 3-year aggregates",96,412.6,330.9,507.7,"Age-sex standardised rate per 100,000",NA,NA,NA,NA,NA,NA,NA
"Psychiatric patient hospitalisations","S12000008","3","2008/09 to 2010/11 financial years; 3-year aggregates",78.7,330.3,260,413.4,"Age-sex standardised rate per 100,000",NA,NA,NA,NA,NA,NA,NA
"Psychiatric patient hospitalisations","S12000008","4","2008/09 to 2010/11 financial years; 3-year aggregates",53,217.3,161.8,285.3,"Age-sex standardised rate per 100,000",NA,NA,NA,NA,NA,NA,NA
"Psychiatric patient hospitalisations","S12000008","5 - least deprived","2008/09 to 2010/11 financial years; 3-year aggregates",33.7,143.1,97.5,202.1,"Age-sex standardised rate per 100,000",NA,NA,NA,NA,NA,NA,NA
"Psychiatric patient hospitalisations","S12000008","Total","2008/09 to 2010/11 financial years; 3-year aggregates",378.3,323.4,290.7,358.6,"Age-sex standardised rate per 100,000",72.1,64.8,79.4,466.4,419.3,513.5,55.8
"Psychiatric patient hospitalisations","S12000008","1 - most deprived","2009/10 to 2011/12 financial years; 3-year aggregates",112,484.7,397.8,584.7,"Age-sex standardised rate per 100,000",NA,NA,NA,NA,NA,NA,NA
"Psychiatric patient hospitalisations","S12000008","2","2009/10 to 2011/12 financial years; 3-year aggregates",86.7,362.1,288.6,448.4,"Age-sex standardised rate per 100,000",NA,NA,NA,NA,NA,NA,NA
"Psychiatric patient hospitalisations","S12000008","3","2009/10 to 2011/12 financial years; 3-year aggregates",76.7,325.4,254.7,409.2,"Age-sex standardised rate per 100,000",NA,NA,NA,NA,NA,NA,NA
"Psychiatric patient hospitalisations","S12000008","4","2009/10 to 2011/12 financial years; 3-year aggregates",47,188.9,137.7,252.4,"Age-sex standardised rate per 100,000",NA,NA,NA,NA,NA,NA,NA
"Psychiatric patient hospitalisations","S12000008","5 - least deprived","2009/10 to 2011/12 financial years; 3-year aggregates",32.3,145.8,97.5,208.7,"Age-sex standardised rate per 100,000",NA,NA,NA,NA,NA,NA,NA
"Psychiatric patient hospitalisations","S12000008","Total","2009/10 to 2011/12 financial years; 3-year aggregates",354.7,301,269.8,334.8,"Age-sex standardised rate per 100,000",70.7,47.7,93.7,425.8,287.4,564.2,51.7
"Psychiatric patient hospitalisations","S12000008","1 - most deprived","2010/11 to 2012/13 financial years; 3-year aggregates",106,459,373.9,557.4,"Age-sex standardised rate per 100,000",NA,NA,NA,NA,NA,NA,NA
"Psychiatric patient hospitalisations","S12000008","2","2010/11 to 2012/13 financial years; 3-year aggregates",74.7,309.8,242.4,389.9,"Age-sex standardised rate per 100,000",NA,NA,NA,NA,NA,NA,NA
"Psychiatric patient hospitalisations","S12000008","3","2010/11 to 2012/13 financial years; 3-year aggregates",69,294.6,227.8,374.5,"Age-sex standardised rate per 100,000",NA,NA,NA,NA,NA,NA,NA
"Psychiatric patient hospitalisations","S12000008","4","2010/11 to 2012/13 financial years; 3-year aggregates",40,161.7,114.3,221.7,"Age-sex standardised rate per 100,000",NA,NA,NA,NA,NA,NA,NA
"Psychiatric patient hospitalisations","S12000008","5 - least deprived","2010/11 to 2012/13 financial years; 3-year aggregates",25,118.6,74.9,177.6,"Age-sex standardised rate per 100,000",NA,NA,NA,NA,NA,NA,NA
"Psychiatric patient hospitalisations","S12000008","Total","2010/11 to 2012/13 financial years; 3-year aggregates",314.7,266.8,237.5,298.6,"Age-sex standardised rate per 100,000",77.8,44.3,111.2,414.9,236.3,593.6,56
"Psychiatric patient hospitalisations","S12000008","1 - most deprived","2011/12 to 2013/14 financial years; 3-year aggregates",92.7,405.3,325.3,498.6,"Age-sex standardised rate per 100,000",NA,NA,NA,NA,NA,NA,NA
"Psychiatric patient hospitalisations","S12000008","2","2011/12 to 2013/14 financial years; 3-year aggregates",71.3,298.3,232.1,377.3,"Age-sex standardised rate per 100,000",NA,NA,NA,NA,NA,NA,NA
"Psychiatric patient hospitalisations","S12000008","3","2011/12 to 2013/14 financial years; 3-year aggregates",54.7,234.2,175.1,306.6,"Age-sex standardised rate per 100,000",NA,NA,NA,NA,NA,NA,NA
"Psychiatric patient hospitalisations","S12000008","4","2011/12 to 2013/14 financial years; 3-year aggregates",36.7,148.4,103.3,206.2,"Age-sex standardised rate per 100,000",NA,NA,NA,NA,NA,NA,NA
"Psychiatric patient hospitalisations","S12000008","5 - least deprived","2011/12 to 2013/14 financial years; 3-year aggregates",23.3,109.8,68.3,166.5,"Age-sex standardised rate per 100,000",NA,NA,NA,NA,NA,NA,NA
"Psychiatric patient hospitalisations","S12000008","Total","2011/12 to 2013/14 financial years; 3-year aggregates",278.7,236.7,209.2,266.7,"Age-sex standardised rate per 100,000",78.3,56.8,99.7,370.4,269,471.8,54.2
"Psychiatric patient hospitalisations","S12000008","1 - most deprived","2012/13 to 2014/15 financial years; 3-year aggregates",81.7,352.7,279,439.5,"Age-sex standardised rate per 100,000",NA,NA,NA,NA,NA,NA,NA
"Psychiatric patient hospitalisations","S12000008","2","2012/13 to 2014/15 financial years; 3-year aggregates",65.3,279,214.5,356.7,"Age-sex standardised rate per 100,000",NA,NA,NA,NA,NA,NA,NA
"Psychiatric patient hospitalisations","S12000008","3","2012/13 to 2014/15 financial years; 3-year aggregates",46.3,196.8,143.5,263.2,"Age-sex standardised rate per 100,000",NA,NA,NA,NA,NA,NA,NA
"Psychiatric patient hospitalisations","S12000008","4","2012/13 to 2014/15 financial years; 3-year aggregates",34,140.1,96.3,196.7,"Age-sex standardised rate per 100,000",NA,NA,NA,NA,NA,NA,NA
"Psychiatric patient hospitalisations","S12000008","5 - least deprived","2012/13 to 2014/15 financial years; 3-year aggregates",20.3,92.2,55.7,143.1,"Age-sex standardised rate per 100,000",NA,NA,NA,NA,NA,NA,NA
"Psychiatric patient hospitalisations","S12000008","Total","2012/13 to 2014/15 financial years; 3-year aggregates",247.7,210.7,184.9,239,"Age-sex standardised rate per 100,000",78.2,62.5,93.9,329.4,263.3,395.6,56.6
"Psychiatric patient hospitalisations","S12000008","1 - most deprived","2013/14 to 2015/16 financial years; 3-year aggregates",78,334.8,263.9,418.8,"Age-sex standardised rate per 100,000",NA,NA,NA,NA,NA,NA,NA
"Psychiatric patient hospitalisations","S12000008","2","2013/14 to 2015/16 financial years; 3-year aggregates",69.7,295.3,229.3,374.1,"Age-sex standardised rate per 100,000",NA,NA,NA,NA,NA,NA,NA
"Psychiatric patient hospitalisations","S12000008","3","2013/14 to 2015/16 financial years; 3-year aggregates",44.7,189.4,137.2,254.7,"Age-sex standardised rate per 100,000",NA,NA,NA,NA,NA,NA,NA
"Psychiatric patient hospitalisations","S12000008","4","2013/14 to 2015/16 financial years; 3-year aggregates",30,123.8,82.9,177.5,"Age-sex standardised rate per 100,000",NA,NA,NA,NA,NA,NA,NA
"Psychiatric patient hospitalisations","S12000008","5 - least deprived","2013/14 to 2015/16 financial years; 3-year aggregates",22.3,96.2,59.8,146.3,"Age-sex standardised rate per 100,000",NA,NA,NA,NA,NA,NA,NA
"Psychiatric patient hospitalisations","S12000008","Total","2013/14 to 2015/16 financial years; 3-year aggregates",244.7,206.7,181.3,234.6,"Age-sex standardised rate per 100,000",78.4,50.5,106.3,324.1,208.8,439.4,53.7
"Psychiatric patient hospitalisations","S12000008","1 - most deprived","2014/15 to 2016/17 financial years; 3-year aggregates",75.3,320.1,251.2,401.9,"Age-sex standardised rate per 100,000",NA,NA,NA,NA,NA,NA,NA
"Psychiatric patient hospitalisations","S12000008","2","2014/15 to 2016/17 financial years; 3-year aggregates",71.7,305,237.8,385.2,"Age-sex standardised rate per 100,000",NA,NA,NA,NA,NA,NA,NA
"Psychiatric patient hospitalisations","S12000008","3","2014/15 to 2016/17 financial years; 3-year aggregates",47.3,199.4,146.3,265.4,"Age-sex standardised rate per 100,000",NA,NA,NA,NA,NA,NA,NA
"Psychiatric patient hospitalisations","S12000008","4","2014/15 to 2016/17 financial years; 3-year aggregates",28.7,120.7,80.1,174.4,"Age-sex standardised rate per 100,000",NA,NA,NA,NA,NA,NA,NA
"Psychiatric patient hospitalisations","S12000008","5 - least deprived","2014/15 to 2016/17 financial years; 3-year aggregates",22.7,93.7,58.6,141.7,"Age-sex standardised rate per 100,000",NA,NA,NA,NA,NA,NA,NA
"Psychiatric patient hospitalisations","S12000008","Total","2014/15 to 2016/17 financial years; 3-year aggregates",245.7,206.4,181.2,234.1,"Age-sex standardised rate per 100,000",77.2,44.6,109.7,318.5,184.2,452.9,54.8
"Psychiatric patient hospitalisations","S12000008","1 - most deprived","2015/16 to 2017/18 financial years; 3-year aggregates",77,333.6,262.5,417.9,"Age-sex standardised rate per 100,000",NA,NA,NA,NA,NA,NA,NA
"Psychiatric patient hospitalisations","S12000008","2","2015/16 to 2017/18 financial years; 3-year aggregates",73.3,306,239.2,385.6,"Age-sex standardised rate per 100,000",NA,NA,NA,NA,NA,NA,NA
"Psychiatric patient hospitalisations","S12000008","3","2015/16 to 2017/18 financial years; 3-year aggregates",46.3,194,141.6,259.1,"Age-sex standardised rate per 100,000",NA,NA,NA,NA,NA,NA,NA
"Psychiatric patient hospitalisations","S12000008","4","2015/16 to 2017/18 financial years; 3-year aggregates",29,123.2,82,177.5,"Age-sex standardised rate per 100,000",NA,NA,NA,NA,NA,NA,NA
"Psychiatric patient hospitalisations","S12000008","5 - least deprived","2015/16 to 2017/18 financial years; 3-year aggregates",23.7,96.1,60.8,144,"Age-sex standardised rate per 100,000",NA,NA,NA,NA,NA,NA,NA
"Psychiatric patient hospitalisations","S12000008","Total","2015/16 to 2017/18 financial years; 3-year aggregates",249.3,209,183.7,236.9,"Age-sex standardised rate per 100,000",78.6,47.6,109.7,328.8,199,458.5,54.3
"Psychiatric patient hospitalisations","S12000008","1 - most deprived","2016/17 to 2018/19 financial years; 3-year aggregates",75,329.7,258.4,414.4,"Age-sex standardised rate per 100,000",NA,NA,NA,NA,NA,NA,NA
"Psychiatric patient hospitalisations","S12000008","2","2016/17 to 2018/19 financial years; 3-year aggregates",73.3,306,239.2,385.4,"Age-sex standardised rate per 100,000",NA,NA,NA,NA,NA,NA,NA
"Psychiatric patient hospitalisations","S12000008","3","2016/17 to 2018/19 financial years; 3-year aggregates",41.7,175.5,125.8,238.2,"Age-sex standardised rate per 100,000",NA,NA,NA,NA,NA,NA,NA
"Psychiatric patient hospitalisations","S12000008","4","2016/17 to 2018/19 financial years; 3-year aggregates",26.7,114.9,75,168,"Age-sex standardised rate per 100,000",NA,NA,NA,NA,NA,NA,NA
"Psychiatric patient hospitalisations","S12000008","5 - least deprived","2016/17 to 2018/19 financial years; 3-year aggregates",24,99.5,63.2,148.9,"Age-sex standardised rate per 100,000",NA,NA,NA,NA,NA,NA,NA
"Psychiatric patient hospitalisations","S12000008","Total","2016/17 to 2018/19 financial years; 3-year aggregates",240.7,203,177.9,230.6,"Age-sex standardised rate per 100,000",80.2,38.2,122.1,325.4,155.2,495.6,51.4
"Psychiatric patient hospitalisations","S12000008","1 - most deprived","2017/18 to 2019/20 financial years; 3-year aggregates",77.3,345.5,271.7,432.9,"Age-sex standardised rate per 100,000",NA,NA,NA,NA,NA,NA,NA
"Psychiatric patient hospitalisations","S12000008","2","2017/18 to 2019/20 financial years; 3-year aggregates",66,276.8,213.3,353,"Age-sex standardised rate per 100,000",NA,NA,NA,NA,NA,NA,NA
"Psychiatric patient hospitalisations","S12000008","3","2017/18 to 2019/20 financial years; 3-year aggregates",37.7,158.1,111.1,218.1,"Age-sex standardised rate per 100,000",NA,NA,NA,NA,NA,NA,NA
"Psychiatric patient hospitalisations","S12000008","4","2017/18 to 2019/20 financial years; 3-year aggregates",28.3,118.3,78.4,171.2,"Age-sex standardised rate per 100,000",NA,NA,NA,NA,NA,NA,NA
"Psychiatric patient hospitalisations","S12000008","5 - least deprived","2017/18 to 2019/20 financial years; 3-year aggregates",23.3,96.8,61,145.7,"Age-sex standardised rate per 100,000",NA,NA,NA,NA,NA,NA,NA
"Psychiatric patient hospitalisations","S12000008","Total","2017/18 to 2019/20 financial years; 3-year aggregates",232.7,196.2,171.5,223.3,"Age-sex standardised rate per 100,000",83.4,41.9,125,327.4,164.4,490.3,51.3
