"indicator","geography_code","quintile","period","numerator","indicator_measure","lower_confidence_interval","upper_confidence_interval","definition","relative_inequality_gap","lower_confidence_interval_relative_ineq","upper_confidence_interval_relative_ineq","absolute_inequality_gap","lower_confidence_interval_absolute_ineq","upper_confidence_interval_absolute_ineq","population_attributable_risk"
"Psychiatric patient hospitalisations","S12000041","1 - most deprived","2002/03 to 2004/05 financial years; 3-year aggregates",105,497.1,404.8,603.8,"Age-sex standardised rate per 100,000",NA,NA,NA,NA,NA,NA,NA
"Psychiatric patient hospitalisations","S12000041","2","2002/03 to 2004/05 financial years; 3-year aggregates",82.3,393.9,311.4,491.2,"Age-sex standardised rate per 100,000",NA,NA,NA,NA,NA,NA,NA
"Psychiatric patient hospitalisations","S12000041","3","2002/03 to 2004/05 financial years; 3-year aggregates",62,302.8,228.5,392.5,"Age-sex standardised rate per 100,000",NA,NA,NA,NA,NA,NA,NA
"Psychiatric patient hospitalisations","S12000041","4","2002/03 to 2004/05 financial years; 3-year aggregates",68.3,310.9,239.1,396.9,"Age-sex standardised rate per 100,000",NA,NA,NA,NA,NA,NA,NA
"Psychiatric patient hospitalisations","S12000041","5 - least deprived","2002/03 to 2004/05 financial years; 3-year aggregates",57.3,262.1,196.6,341.8,"Age-sex standardised rate per 100,000",NA,NA,NA,NA,NA,NA,NA
"Psychiatric patient hospitalisations","S12000041","Total","2002/03 to 2004/05 financial years; 3-year aggregates",375,354.7,318.8,393.3,"Age-sex standardised rate per 100,000",38.8,11.5,66.2,275.5,81.3,469.8,25.8
"Psychiatric patient hospitalisations","S12000041","1 - most deprived","2003/04 to 2005/06 financial years; 3-year aggregates",115.3,530.2,436.4,637.9,"Age-sex standardised rate per 100,000",NA,NA,NA,NA,NA,NA,NA
"Psychiatric patient hospitalisations","S12000041","2","2003/04 to 2005/06 financial years; 3-year aggregates",87.7,410.5,327.8,507.4,"Age-sex standardised rate per 100,000",NA,NA,NA,NA,NA,NA,NA
"Psychiatric patient hospitalisations","S12000041","3","2003/04 to 2005/06 financial years; 3-year aggregates",56.3,279.9,207.9,367.7,"Age-sex standardised rate per 100,000",NA,NA,NA,NA,NA,NA,NA
"Psychiatric patient hospitalisations","S12000041","4","2003/04 to 2005/06 financial years; 3-year aggregates",68,308,236.6,393.4,"Age-sex standardised rate per 100,000",NA,NA,NA,NA,NA,NA,NA
"Psychiatric patient hospitalisations","S12000041","5 - least deprived","2003/04 to 2005/06 financial years; 3-year aggregates",49.7,229.2,167.6,305.4,"Age-sex standardised rate per 100,000",NA,NA,NA,NA,NA,NA,NA
"Psychiatric patient hospitalisations","S12000041","Total","2003/04 to 2005/06 financial years; 3-year aggregates",377,352.2,316.8,390.4,"Age-sex standardised rate per 100,000",49.9,13.6,86.2,351.7,96,607.5,34.9
"Psychiatric patient hospitalisations","S12000041","1 - most deprived","2004/05 to 2006/07 financial years; 3-year aggregates",120.7,546.3,452,654.4,"Age-sex standardised rate per 100,000",NA,NA,NA,NA,NA,NA,NA
"Psychiatric patient hospitalisations","S12000041","2","2004/05 to 2006/07 financial years; 3-year aggregates",85.7,390.4,310.8,484,"Age-sex standardised rate per 100,000",NA,NA,NA,NA,NA,NA,NA
"Psychiatric patient hospitalisations","S12000041","3","2004/05 to 2006/07 financial years; 3-year aggregates",49.3,244.3,178.2,325.9,"Age-sex standardised rate per 100,000",NA,NA,NA,NA,NA,NA,NA
"Psychiatric patient hospitalisations","S12000041","4","2004/05 to 2006/07 financial years; 3-year aggregates",64,284.3,217.5,364.9,"Age-sex standardised rate per 100,000",NA,NA,NA,NA,NA,NA,NA
"Psychiatric patient hospitalisations","S12000041","5 - least deprived","2004/05 to 2006/07 financial years; 3-year aggregates",41,188.2,133,257.8,"Age-sex standardised rate per 100,000",NA,NA,NA,NA,NA,NA,NA
"Psychiatric patient hospitalisations","S12000041","Total","2004/05 to 2006/07 financial years; 3-year aggregates",360.7,332.6,298.5,369.4,"Age-sex standardised rate per 100,000",61.9,13.7,110.1,411.7,91.3,732.1,43.3
"Psychiatric patient hospitalisations","S12000041","1 - most deprived","2005/06 to 2007/08 financial years; 3-year aggregates",123,553.3,458.1,662,"Age-sex standardised rate per 100,000",NA,NA,NA,NA,NA,NA,NA
"Psychiatric patient hospitalisations","S12000041","2","2005/06 to 2007/08 financial years; 3-year aggregates",88.3,397.6,317.6,491.2,"Age-sex standardised rate per 100,000",NA,NA,NA,NA,NA,NA,NA
"Psychiatric patient hospitalisations","S12000041","3","2005/06 to 2007/08 financial years; 3-year aggregates",52.7,245.3,181.7,323.5,"Age-sex standardised rate per 100,000",NA,NA,NA,NA,NA,NA,NA
"Psychiatric patient hospitalisations","S12000041","4","2005/06 to 2007/08 financial years; 3-year aggregates",58.3,254.4,192.2,330,"Age-sex standardised rate per 100,000",NA,NA,NA,NA,NA,NA,NA
"Psychiatric patient hospitalisations","S12000041","5 - least deprived","2005/06 to 2007/08 financial years; 3-year aggregates",39,181.2,127,250,"Age-sex standardised rate per 100,000",NA,NA,NA,NA,NA,NA,NA
"Psychiatric patient hospitalisations","S12000041","Total","2005/06 to 2007/08 financial years; 3-year aggregates",361.3,329.5,295.8,365.9,"Age-sex standardised rate per 100,000",67.4,22.5,112.4,444.5,148.3,740.6,44.7
"Psychiatric patient hospitalisations","S12000041","1 - most deprived","2006/07 to 2008/09 financial years; 3-year aggregates",128.3,575.3,478.4,685.9,"Age-sex standardised rate per 100,000",NA,NA,NA,NA,NA,NA,NA
"Psychiatric patient hospitalisations","S12000041","2","2006/07 to 2008/09 financial years; 3-year aggregates",81.3,361.3,285.3,450.9,"Age-sex standardised rate per 100,000",NA,NA,NA,NA,NA,NA,NA
"Psychiatric patient hospitalisations","S12000041","3","2006/07 to 2008/09 financial years; 3-year aggregates",53.3,244,180.6,321.8,"Age-sex standardised rate per 100,000",NA,NA,NA,NA,NA,NA,NA
"Psychiatric patient hospitalisations","S12000041","4","2006/07 to 2008/09 financial years; 3-year aggregates",57,257.6,192.6,336.7,"Age-sex standardised rate per 100,000",NA,NA,NA,NA,NA,NA,NA
"Psychiatric patient hospitalisations","S12000041","5 - least deprived","2006/07 to 2008/09 financial years; 3-year aggregates",37.7,170.3,118.8,236,"Age-sex standardised rate per 100,000",NA,NA,NA,NA,NA,NA,NA
"Psychiatric patient hospitalisations","S12000041","Total","2006/07 to 2008/09 financial years; 3-year aggregates",357.7,324.1,290.7,360.4,"Age-sex standardised rate per 100,000",70.7,15.3,126.1,458.2,99.1,817.2,47.3
"Psychiatric patient hospitalisations","S12000041","1 - most deprived","2007/08 to 2009/10 financial years; 3-year aggregates",126.7,553.6,459.6,660.8,"Age-sex standardised rate per 100,000",NA,NA,NA,NA,NA,NA,NA
"Psychiatric patient hospitalisations","S12000041","2","2007/08 to 2009/10 financial years; 3-year aggregates",82,357.5,282.9,445.3,"Age-sex standardised rate per 100,000",NA,NA,NA,NA,NA,NA,NA
"Psychiatric patient hospitalisations","S12000041","3","2007/08 to 2009/10 financial years; 3-year aggregates",57.7,260.7,195.5,340,"Age-sex standardised rate per 100,000",NA,NA,NA,NA,NA,NA,NA
"Psychiatric patient hospitalisations","S12000041","4","2007/08 to 2009/10 financial years; 3-year aggregates",59.3,269.8,202.4,351.5,"Age-sex standardised rate per 100,000",NA,NA,NA,NA,NA,NA,NA
"Psychiatric patient hospitalisations","S12000041","5 - least deprived","2007/08 to 2009/10 financial years; 3-year aggregates",42.7,192.7,137.5,262.2,"Age-sex standardised rate per 100,000",NA,NA,NA,NA,NA,NA,NA
"Psychiatric patient hospitalisations","S12000041","Total","2007/08 to 2009/10 financial years; 3-year aggregates",368.3,330.6,296.9,367.1,"Age-sex standardised rate per 100,000",61.5,12.7,110.3,406.7,84.2,729.2,41.3
"Psychiatric patient hospitalisations","S12000041","1 - most deprived","2008/09 to 2010/11 financial years; 3-year aggregates",128.3,546.5,454.8,651,"Age-sex standardised rate per 100,000",NA,NA,NA,NA,NA,NA,NA
"Psychiatric patient hospitalisations","S12000041","2","2008/09 to 2010/11 financial years; 3-year aggregates",82.3,364.6,288.3,454.4,"Age-sex standardised rate per 100,000",NA,NA,NA,NA,NA,NA,NA
"Psychiatric patient hospitalisations","S12000041","3","2008/09 to 2010/11 financial years; 3-year aggregates",56.3,250.5,187.6,327.3,"Age-sex standardised rate per 100,000",NA,NA,NA,NA,NA,NA,NA
"Psychiatric patient hospitalisations","S12000041","4","2008/09 to 2010/11 financial years; 3-year aggregates",55.3,253.4,187.8,333.5,"Age-sex standardised rate per 100,000",NA,NA,NA,NA,NA,NA,NA
"Psychiatric patient hospitalisations","S12000041","5 - least deprived","2008/09 to 2010/11 financial years; 3-year aggregates",47,216.6,156.6,291.2,"Age-sex standardised rate per 100,000",NA,NA,NA,NA,NA,NA,NA
"Psychiatric patient hospitalisations","S12000041","Total","2008/09 to 2010/11 financial years; 3-year aggregates",369.3,330.7,297,367,"Age-sex standardised rate per 100,000",58.9,8.1,109.7,389.6,53.5,725.6,34
"Psychiatric patient hospitalisations","S12000041","1 - most deprived","2009/10 to 2011/12 financial years; 3-year aggregates",129.7,543.6,453,646.8,"Age-sex standardised rate per 100,000",NA,NA,NA,NA,NA,NA,NA
"Psychiatric patient hospitalisations","S12000041","2","2009/10 to 2011/12 financial years; 3-year aggregates",83.3,369.7,293.4,459.5,"Age-sex standardised rate per 100,000",NA,NA,NA,NA,NA,NA,NA
"Psychiatric patient hospitalisations","S12000041","3","2009/10 to 2011/12 financial years; 3-year aggregates",62.7,269.1,205.5,346,"Age-sex standardised rate per 100,000",NA,NA,NA,NA,NA,NA,NA
"Psychiatric patient hospitalisations","S12000041","4","2009/10 to 2011/12 financial years; 3-year aggregates",54.7,243.2,180.8,319.6,"Age-sex standardised rate per 100,000",NA,NA,NA,NA,NA,NA,NA
"Psychiatric patient hospitalisations","S12000041","5 - least deprived","2009/10 to 2011/12 financial years; 3-year aggregates",48.3,227.6,164.8,305.5,"Age-sex standardised rate per 100,000",NA,NA,NA,NA,NA,NA,NA
"Psychiatric patient hospitalisations","S12000041","Total","2009/10 to 2011/12 financial years; 3-year aggregates",378.7,336.4,302.8,372.7,"Age-sex standardised rate per 100,000",57.2,11.7,102.6,384.6,78.5,690.7,31.7
"Psychiatric patient hospitalisations","S12000041","1 - most deprived","2010/11 to 2012/13 financial years; 3-year aggregates",134.7,566.3,473.7,671.6,"Age-sex standardised rate per 100,000",NA,NA,NA,NA,NA,NA,NA
"Psychiatric patient hospitalisations","S12000041","2","2010/11 to 2012/13 financial years; 3-year aggregates",80.3,360.9,285.3,450.2,"Age-sex standardised rate per 100,000",NA,NA,NA,NA,NA,NA,NA
"Psychiatric patient hospitalisations","S12000041","3","2010/11 to 2012/13 financial years; 3-year aggregates",64.3,272.6,208.8,349.4,"Age-sex standardised rate per 100,000",NA,NA,NA,NA,NA,NA,NA
"Psychiatric patient hospitalisations","S12000041","4","2010/11 to 2012/13 financial years; 3-year aggregates",54,236.8,175.9,311.4,"Age-sex standardised rate per 100,000",NA,NA,NA,NA,NA,NA,NA
"Psychiatric patient hospitalisations","S12000041","5 - least deprived","2010/11 to 2012/13 financial years; 3-year aggregates",52,241.8,177,321.3,"Age-sex standardised rate per 100,000",NA,NA,NA,NA,NA,NA,NA
"Psychiatric patient hospitalisations","S12000041","Total","2010/11 to 2012/13 financial years; 3-year aggregates",385.3,340.2,306.5,376.5,"Age-sex standardised rate per 100,000",58,3.7,112.4,394.6,24.9,764.3,28.7
"Psychiatric patient hospitalisations","S12000041","1 - most deprived","2011/12 to 2013/14 financial years; 3-year aggregates",140.7,590,495.5,697.2,"Age-sex standardised rate per 100,000",NA,NA,NA,NA,NA,NA,NA
"Psychiatric patient hospitalisations","S12000041","2","2011/12 to 2013/14 financial years; 3-year aggregates",76.7,340.4,267.8,426.6,"Age-sex standardised rate per 100,000",NA,NA,NA,NA,NA,NA,NA
"Psychiatric patient hospitalisations","S12000041","3","2011/12 to 2013/14 financial years; 3-year aggregates",67.7,287.3,221.6,365.9,"Age-sex standardised rate per 100,000",NA,NA,NA,NA,NA,NA,NA
"Psychiatric patient hospitalisations","S12000041","4","2011/12 to 2013/14 financial years; 3-year aggregates",55.7,240.6,179.6,315,"Age-sex standardised rate per 100,000",NA,NA,NA,NA,NA,NA,NA
"Psychiatric patient hospitalisations","S12000041","5 - least deprived","2011/12 to 2013/14 financial years; 3-year aggregates",51.7,236.8,173,315.3,"Age-sex standardised rate per 100,000",NA,NA,NA,NA,NA,NA,NA
"Psychiatric patient hospitalisations","S12000041","Total","2011/12 to 2013/14 financial years; 3-year aggregates",392.3,343,309.4,379.3,"Age-sex standardised rate per 100,000",60,-0.5,120.5,411.8,-3.5,827,30.9
"Psychiatric patient hospitalisations","S12000041","1 - most deprived","2012/13 to 2014/15 financial years; 3-year aggregates",136.3,585.8,490.5,694.1,"Age-sex standardised rate per 100,000",NA,NA,NA,NA,NA,NA,NA
"Psychiatric patient hospitalisations","S12000041","2","2012/13 to 2014/15 financial years; 3-year aggregates",86,377.1,300.5,466.9,"Age-sex standardised rate per 100,000",NA,NA,NA,NA,NA,NA,NA
"Psychiatric patient hospitalisations","S12000041","3","2012/13 to 2014/15 financial years; 3-year aggregates",66.7,288.7,222.1,368.7,"Age-sex standardised rate per 100,000",NA,NA,NA,NA,NA,NA,NA
"Psychiatric patient hospitalisations","S12000041","4","2012/13 to 2014/15 financial years; 3-year aggregates",60.7,258.3,195.5,334.4,"Age-sex standardised rate per 100,000",NA,NA,NA,NA,NA,NA,NA
"Psychiatric patient hospitalisations","S12000041","5 - least deprived","2012/13 to 2014/15 financial years; 3-year aggregates",51.7,226.9,166.4,301.2,"Age-sex standardised rate per 100,000",NA,NA,NA,NA,NA,NA,NA
"Psychiatric patient hospitalisations","S12000041","Total","2012/13 to 2014/15 financial years; 3-year aggregates",401.3,350.2,316.2,386.9,"Age-sex standardised rate per 100,000",60.2,12.2,108.3,422,85.5,758.5,35.1
"Psychiatric patient hospitalisations","S12000041","1 - most deprived","2013/14 to 2015/16 financial years; 3-year aggregates",133.3,578.1,483.2,686.1,"Age-sex standardised rate per 100,000",NA,NA,NA,NA,NA,NA,NA
"Psychiatric patient hospitalisations","S12000041","2","2013/14 to 2015/16 financial years; 3-year aggregates",101.7,439.6,357.3,534.9,"Age-sex standardised rate per 100,000",NA,NA,NA,NA,NA,NA,NA
"Psychiatric patient hospitalisations","S12000041","3","2013/14 to 2015/16 financial years; 3-year aggregates",63,275.9,210.2,355.2,"Age-sex standardised rate per 100,000",NA,NA,NA,NA,NA,NA,NA
"Psychiatric patient hospitalisations","S12000041","4","2013/14 to 2015/16 financial years; 3-year aggregates",63,267,203.1,344.2,"Age-sex standardised rate per 100,000",NA,NA,NA,NA,NA,NA,NA
"Psychiatric patient hospitalisations","S12000041","5 - least deprived","2013/14 to 2015/16 financial years; 3-year aggregates",44.3,187.8,134.4,254.7,"Age-sex standardised rate per 100,000",NA,NA,NA,NA,NA,NA,NA
"Psychiatric patient hospitalisations","S12000041","Total","2013/14 to 2015/16 financial years; 3-year aggregates",405.3,351.5,317.6,388,"Age-sex standardised rate per 100,000",67.9,31.4,104.3,477.1,220.9,733.3,46.5
"Psychiatric patient hospitalisations","S12000041","1 - most deprived","2014/15 to 2016/17 financial years; 3-year aggregates",128.7,571.5,476.2,680.1,"Age-sex standardised rate per 100,000",NA,NA,NA,NA,NA,NA,NA
"Psychiatric patient hospitalisations","S12000041","2","2014/15 to 2016/17 financial years; 3-year aggregates",104.3,447.4,364.8,543,"Age-sex standardised rate per 100,000",NA,NA,NA,NA,NA,NA,NA
"Psychiatric patient hospitalisations","S12000041","3","2014/15 to 2016/17 financial years; 3-year aggregates",61.7,271.5,205.9,350.8,"Age-sex standardised rate per 100,000",NA,NA,NA,NA,NA,NA,NA
"Psychiatric patient hospitalisations","S12000041","4","2014/15 to 2016/17 financial years; 3-year aggregates",72,302.7,234.6,383.9,"Age-sex standardised rate per 100,000",NA,NA,NA,NA,NA,NA,NA
"Psychiatric patient hospitalisations","S12000041","5 - least deprived","2014/15 to 2016/17 financial years; 3-year aggregates",41.3,169.2,120.1,231.2,"Age-sex standardised rate per 100,000",NA,NA,NA,NA,NA,NA,NA
"Psychiatric patient hospitalisations","S12000041","Total","2014/15 to 2016/17 financial years; 3-year aggregates",408,353.8,319.8,390.4,"Age-sex standardised rate per 100,000",67.1,27.5,106.8,475.1,194.3,755.8,52
"Psychiatric patient hospitalisations","S12000041","1 - most deprived","2015/16 to 2017/18 financial years; 3-year aggregates",117.3,521.2,430.5,625.3,"Age-sex standardised rate per 100,000",NA,NA,NA,NA,NA,NA,NA
"Psychiatric patient hospitalisations","S12000041","2","2015/16 to 2017/18 financial years; 3-year aggregates",90,389.8,312.6,480,"Age-sex standardised rate per 100,000",NA,NA,NA,NA,NA,NA,NA
"Psychiatric patient hospitalisations","S12000041","3","2015/16 to 2017/18 financial years; 3-year aggregates",56.7,246.1,184.4,321.3,"Age-sex standardised rate per 100,000",NA,NA,NA,NA,NA,NA,NA
"Psychiatric patient hospitalisations","S12000041","4","2015/16 to 2017/18 financial years; 3-year aggregates",65,273.2,208.7,350.9,"Age-sex standardised rate per 100,000",NA,NA,NA,NA,NA,NA,NA
"Psychiatric patient hospitalisations","S12000041","5 - least deprived","2015/16 to 2017/18 financial years; 3-year aggregates",43.3,179.7,128.6,243.7,"Age-sex standardised rate per 100,000",NA,NA,NA,NA,NA,NA,NA
"Psychiatric patient hospitalisations","S12000041","Total","2015/16 to 2017/18 financial years; 3-year aggregates",372.3,323.5,291,358.7,"Age-sex standardised rate per 100,000",61.7,19.7,103.6,399.1,127.7,670.6,44.2
"Psychiatric patient hospitalisations","S12000041","1 - most deprived","2016/17 to 2018/19 financial years; 3-year aggregates",118.3,529.6,437.8,634.8,"Age-sex standardised rate per 100,000",NA,NA,NA,NA,NA,NA,NA
"Psychiatric patient hospitalisations","S12000041","2","2016/17 to 2018/19 financial years; 3-year aggregates",78.7,348.2,274.6,435.3,"Age-sex standardised rate per 100,000",NA,NA,NA,NA,NA,NA,NA
"Psychiatric patient hospitalisations","S12000041","3","2016/17 to 2018/19 financial years; 3-year aggregates",56.7,244,182.9,318.5,"Age-sex standardised rate per 100,000",NA,NA,NA,NA,NA,NA,NA
"Psychiatric patient hospitalisations","S12000041","4","2016/17 to 2018/19 financial years; 3-year aggregates",63,260.6,198,336,"Age-sex standardised rate per 100,000",NA,NA,NA,NA,NA,NA,NA
"Psychiatric patient hospitalisations","S12000041","5 - least deprived","2016/17 to 2018/19 financial years; 3-year aggregates",43.7,176.4,126.6,238.8,"Age-sex standardised rate per 100,000",NA,NA,NA,NA,NA,NA,NA
"Psychiatric patient hospitalisations","S12000041","Total","2016/17 to 2018/19 financial years; 3-year aggregates",360.3,315,282.8,349.8,"Age-sex standardised rate per 100,000",62.7,13.5,111.8,394.7,85,704.4,43.3
"Psychiatric patient hospitalisations","S12000041","1 - most deprived","2017/18 to 2019/20 financial years; 3-year aggregates",108.3,486.6,398.7,588,"Age-sex standardised rate per 100,000",NA,NA,NA,NA,NA,NA,NA
"Psychiatric patient hospitalisations","S12000041","2","2017/18 to 2019/20 financial years; 3-year aggregates",77.7,349.2,274.9,437.1,"Age-sex standardised rate per 100,000",NA,NA,NA,NA,NA,NA,NA
"Psychiatric patient hospitalisations","S12000041","3","2017/18 to 2019/20 financial years; 3-year aggregates",54,224.5,166.9,295.1,"Age-sex standardised rate per 100,000",NA,NA,NA,NA,NA,NA,NA
"Psychiatric patient hospitalisations","S12000041","4","2017/18 to 2019/20 financial years; 3-year aggregates",52.7,218.1,161.2,288.1,"Age-sex standardised rate per 100,000",NA,NA,NA,NA,NA,NA,NA
"Psychiatric patient hospitalisations","S12000041","5 - least deprived","2017/18 to 2019/20 financial years; 3-year aggregates",44.7,182.2,131,246.2,"Age-sex standardised rate per 100,000",NA,NA,NA,NA,NA,NA,NA
"Psychiatric patient hospitalisations","S12000041","Total","2017/18 to 2019/20 financial years; 3-year aggregates",337.3,295.1,263.9,328.9,"Age-sex standardised rate per 100,000",62.1,16.3,108,366.7,96.3,637,37.4
