"indicator","geography_code","quintile","period","numerator","indicator_measure","lower_confidence_interval","upper_confidence_interval","definition","relative_inequality_gap","lower_confidence_interval_relative_ineq","upper_confidence_interval_relative_ineq","absolute_inequality_gap","lower_confidence_interval_absolute_ineq","upper_confidence_interval_absolute_ineq","population_attributable_risk"
"Psychiatric patient hospitalisations","S12000035","1 - most deprived","2002/03 to 2004/05 financial years; 3-year aggregates",125.3,722.9,600.7,862.3,"Age-sex standardised rate per 100,000",NA,NA,NA,NA,NA,NA,NA
"Psychiatric patient hospitalisations","S12000035","2","2002/03 to 2004/05 financial years; 3-year aggregates",74,423.3,329.2,535.3,"Age-sex standardised rate per 100,000",NA,NA,NA,NA,NA,NA,NA
"Psychiatric patient hospitalisations","S12000035","3","2002/03 to 2004/05 financial years; 3-year aggregates",67.7,398.2,306,508.7,"Age-sex standardised rate per 100,000",NA,NA,NA,NA,NA,NA,NA
"Psychiatric patient hospitalisations","S12000035","4","2002/03 to 2004/05 financial years; 3-year aggregates",62.3,355.8,268.4,461.4,"Age-sex standardised rate per 100,000",NA,NA,NA,NA,NA,NA,NA
"Psychiatric patient hospitalisations","S12000035","5 - least deprived","2002/03 to 2004/05 financial years; 3-year aggregates",38.7,214.7,150.7,296,"Age-sex standardised rate per 100,000",NA,NA,NA,NA,NA,NA,NA
"Psychiatric patient hospitalisations","S12000035","Total","2002/03 to 2004/05 financial years; 3-year aggregates",368,418.5,375.8,464.7,"Age-sex standardised rate per 100,000",64.4,14.1,114.8,539.3,118,960.6,49.1
"Psychiatric patient hospitalisations","S12000035","1 - most deprived","2003/04 to 2005/06 financial years; 3-year aggregates",112,648.9,532.8,782.5,"Age-sex standardised rate per 100,000",NA,NA,NA,NA,NA,NA,NA
"Psychiatric patient hospitalisations","S12000035","2","2003/04 to 2005/06 financial years; 3-year aggregates",78.7,446.6,349.9,561,"Age-sex standardised rate per 100,000",NA,NA,NA,NA,NA,NA,NA
"Psychiatric patient hospitalisations","S12000035","3","2003/04 to 2005/06 financial years; 3-year aggregates",57.3,339.5,254.8,442.6,"Age-sex standardised rate per 100,000",NA,NA,NA,NA,NA,NA,NA
"Psychiatric patient hospitalisations","S12000035","4","2003/04 to 2005/06 financial years; 3-year aggregates",50.3,295.1,212.9,396.6,"Age-sex standardised rate per 100,000",NA,NA,NA,NA,NA,NA,NA
"Psychiatric patient hospitalisations","S12000035","5 - least deprived","2003/04 to 2005/06 financial years; 3-year aggregates",27.7,164.1,104.7,243.1,"Age-sex standardised rate per 100,000",NA,NA,NA,NA,NA,NA,NA
"Psychiatric patient hospitalisations","S12000035","Total","2003/04 to 2005/06 financial years; 3-year aggregates",326,374.7,333.7,419.1,"Age-sex standardised rate per 100,000",74.6,43.4,105.9,559.2,325,793.4,56.6
"Psychiatric patient hospitalisations","S12000035","1 - most deprived","2004/05 to 2006/07 financial years; 3-year aggregates",100.7,584,473.9,711.6,"Age-sex standardised rate per 100,000",NA,NA,NA,NA,NA,NA,NA
"Psychiatric patient hospitalisations","S12000035","2","2004/05 to 2006/07 financial years; 3-year aggregates",72.3,398.6,309,505.3,"Age-sex standardised rate per 100,000",NA,NA,NA,NA,NA,NA,NA
"Psychiatric patient hospitalisations","S12000035","3","2004/05 to 2006/07 financial years; 3-year aggregates",45,263,190.1,354,"Age-sex standardised rate per 100,000",NA,NA,NA,NA,NA,NA,NA
"Psychiatric patient hospitalisations","S12000035","4","2004/05 to 2006/07 financial years; 3-year aggregates",43.3,267.5,186.2,369.5,"Age-sex standardised rate per 100,000",NA,NA,NA,NA,NA,NA,NA
"Psychiatric patient hospitalisations","S12000035","5 - least deprived","2004/05 to 2006/07 financial years; 3-year aggregates",27.7,162.6,103.4,241.3,"Age-sex standardised rate per 100,000",NA,NA,NA,NA,NA,NA,NA
"Psychiatric patient hospitalisations","S12000035","Total","2004/05 to 2006/07 financial years; 3-year aggregates",289,331.4,293,373.3,"Age-sex standardised rate per 100,000",73.4,28.4,118.4,486.3,187.9,784.6,51.4
"Psychiatric patient hospitalisations","S12000035","1 - most deprived","2005/06 to 2007/08 financial years; 3-year aggregates",101.3,574.1,466.5,698.9,"Age-sex standardised rate per 100,000",NA,NA,NA,NA,NA,NA,NA
"Psychiatric patient hospitalisations","S12000035","2","2005/06 to 2007/08 financial years; 3-year aggregates",63.7,358,273.4,460.1,"Age-sex standardised rate per 100,000",NA,NA,NA,NA,NA,NA,NA
"Psychiatric patient hospitalisations","S12000035","3","2005/06 to 2007/08 financial years; 3-year aggregates",46,271.6,196,365.8,"Age-sex standardised rate per 100,000",NA,NA,NA,NA,NA,NA,NA
"Psychiatric patient hospitalisations","S12000035","4","2005/06 to 2007/08 financial years; 3-year aggregates",39.7,233.8,162.5,324.2,"Age-sex standardised rate per 100,000",NA,NA,NA,NA,NA,NA,NA
"Psychiatric patient hospitalisations","S12000035","5 - least deprived","2005/06 to 2007/08 financial years; 3-year aggregates",28,162,102.8,240.6,"Age-sex standardised rate per 100,000",NA,NA,NA,NA,NA,NA,NA
"Psychiatric patient hospitalisations","S12000035","Total","2005/06 to 2007/08 financial years; 3-year aggregates",278.7,315.9,278.7,356.5,"Age-sex standardised rate per 100,000",75.3,27.5,123.1,475.6,173.7,777.4,49.3
"Psychiatric patient hospitalisations","S12000035","1 - most deprived","2006/07 to 2008/09 financial years; 3-year aggregates",108,599.2,490.7,724.4,"Age-sex standardised rate per 100,000",NA,NA,NA,NA,NA,NA,NA
"Psychiatric patient hospitalisations","S12000035","2","2006/07 to 2008/09 financial years; 3-year aggregates",54.7,312.2,233.3,408.8,"Age-sex standardised rate per 100,000",NA,NA,NA,NA,NA,NA,NA
"Psychiatric patient hospitalisations","S12000035","3","2006/07 to 2008/09 financial years; 3-year aggregates",52.3,305.3,225.4,403.6,"Age-sex standardised rate per 100,000",NA,NA,NA,NA,NA,NA,NA
"Psychiatric patient hospitalisations","S12000035","4","2006/07 to 2008/09 financial years; 3-year aggregates",38.3,212.6,148.4,294.4,"Age-sex standardised rate per 100,000",NA,NA,NA,NA,NA,NA,NA
"Psychiatric patient hospitalisations","S12000035","5 - least deprived","2006/07 to 2008/09 financial years; 3-year aggregates",31.3,173.3,116.3,247.8,"Age-sex standardised rate per 100,000",NA,NA,NA,NA,NA,NA,NA
"Psychiatric patient hospitalisations","S12000035","Total","2006/07 to 2008/09 financial years; 3-year aggregates",284.7,318.9,282.2,359.1,"Age-sex standardised rate per 100,000",75.3,9.7,140.8,480.2,62.2,898.3,46
"Psychiatric patient hospitalisations","S12000035","1 - most deprived","2007/08 to 2009/10 financial years; 3-year aggregates",109.7,594.1,487.1,717.4,"Age-sex standardised rate per 100,000",NA,NA,NA,NA,NA,NA,NA
"Psychiatric patient hospitalisations","S12000035","2","2007/08 to 2009/10 financial years; 3-year aggregates",51.3,304,224.7,401.6,"Age-sex standardised rate per 100,000",NA,NA,NA,NA,NA,NA,NA
"Psychiatric patient hospitalisations","S12000035","3","2007/08 to 2009/10 financial years; 3-year aggregates",55,319.7,237,420.9,"Age-sex standardised rate per 100,000",NA,NA,NA,NA,NA,NA,NA
"Psychiatric patient hospitalisations","S12000035","4","2007/08 to 2009/10 financial years; 3-year aggregates",35.7,187.1,129.3,261.4,"Age-sex standardised rate per 100,000",NA,NA,NA,NA,NA,NA,NA
"Psychiatric patient hospitalisations","S12000035","5 - least deprived","2007/08 to 2009/10 financial years; 3-year aggregates",27.3,155.8,101,228.8,"Age-sex standardised rate per 100,000",NA,NA,NA,NA,NA,NA,NA
"Psychiatric patient hospitalisations","S12000035","Total","2007/08 to 2009/10 financial years; 3-year aggregates",279,312.1,275.8,351.7,"Age-sex standardised rate per 100,000",80.9,13.8,148,504.8,86.1,923.4,50.4
"Psychiatric patient hospitalisations","S12000035","1 - most deprived","2008/09 to 2010/11 financial years; 3-year aggregates",110.7,605.8,496.7,731.5,"Age-sex standardised rate per 100,000",NA,NA,NA,NA,NA,NA,NA
"Psychiatric patient hospitalisations","S12000035","2","2008/09 to 2010/11 financial years; 3-year aggregates",56.3,323.6,242,423.2,"Age-sex standardised rate per 100,000",NA,NA,NA,NA,NA,NA,NA
"Psychiatric patient hospitalisations","S12000035","3","2008/09 to 2010/11 financial years; 3-year aggregates",48,274.7,200.5,366.8,"Age-sex standardised rate per 100,000",NA,NA,NA,NA,NA,NA,NA
"Psychiatric patient hospitalisations","S12000035","4","2008/09 to 2010/11 financial years; 3-year aggregates",37.7,205.7,143.5,285,"Age-sex standardised rate per 100,000",NA,NA,NA,NA,NA,NA,NA
"Psychiatric patient hospitalisations","S12000035","5 - least deprived","2008/09 to 2010/11 financial years; 3-year aggregates",26.3,156,100,230.9,"Age-sex standardised rate per 100,000",NA,NA,NA,NA,NA,NA,NA
"Psychiatric patient hospitalisations","S12000035","Total","2008/09 to 2010/11 financial years; 3-year aggregates",279,314.7,277.9,354.8,"Age-sex standardised rate per 100,000",82.3,17.4,147.1,517.8,109.6,926,50.6
"Psychiatric patient hospitalisations","S12000035","1 - most deprived","2009/10 to 2011/12 financial years; 3-year aggregates",103.7,575.6,468.7,699.3,"Age-sex standardised rate per 100,000",NA,NA,NA,NA,NA,NA,NA
"Psychiatric patient hospitalisations","S12000035","2","2009/10 to 2011/12 financial years; 3-year aggregates",59.3,345.8,260.6,449.2,"Age-sex standardised rate per 100,000",NA,NA,NA,NA,NA,NA,NA
"Psychiatric patient hospitalisations","S12000035","3","2009/10 to 2011/12 financial years; 3-year aggregates",44.7,260.8,187.5,352.5,"Age-sex standardised rate per 100,000",NA,NA,NA,NA,NA,NA,NA
"Psychiatric patient hospitalisations","S12000035","4","2009/10 to 2011/12 financial years; 3-year aggregates",36.7,209.7,145.2,292.1,"Age-sex standardised rate per 100,000",NA,NA,NA,NA,NA,NA,NA
"Psychiatric patient hospitalisations","S12000035","5 - least deprived","2009/10 to 2011/12 financial years; 3-year aggregates",30,164,108.8,236.6,"Age-sex standardised rate per 100,000",NA,NA,NA,NA,NA,NA,NA
"Psychiatric patient hospitalisations","S12000035","Total","2009/10 to 2011/12 financial years; 3-year aggregates",274.3,311.9,275.2,352,"Age-sex standardised rate per 100,000",78.2,24.3,132.2,488,151.7,824.3,47.6
"Psychiatric patient hospitalisations","S12000035","1 - most deprived","2010/11 to 2012/13 financial years; 3-year aggregates",103.3,585.5,476.6,711.5,"Age-sex standardised rate per 100,000",NA,NA,NA,NA,NA,NA,NA
"Psychiatric patient hospitalisations","S12000035","2","2010/11 to 2012/13 financial years; 3-year aggregates",57.3,334.6,250.6,436.9,"Age-sex standardised rate per 100,000",NA,NA,NA,NA,NA,NA,NA
"Psychiatric patient hospitalisations","S12000035","3","2010/11 to 2012/13 financial years; 3-year aggregates",40.3,232.6,163.8,319.7,"Age-sex standardised rate per 100,000",NA,NA,NA,NA,NA,NA,NA
"Psychiatric patient hospitalisations","S12000035","4","2010/11 to 2012/13 financial years; 3-year aggregates",35,208.2,142.9,292.3,"Age-sex standardised rate per 100,000",NA,NA,NA,NA,NA,NA,NA
"Psychiatric patient hospitalisations","S12000035","5 - least deprived","2010/11 to 2012/13 financial years; 3-year aggregates",32.3,176.3,118.8,251,"Age-sex standardised rate per 100,000",NA,NA,NA,NA,NA,NA,NA
"Psychiatric patient hospitalisations","S12000035","Total","2010/11 to 2012/13 financial years; 3-year aggregates",268.3,310.5,273.5,351,"Age-sex standardised rate per 100,000",77.7,9.8,145.5,482.3,61,903.6,43.2
"Psychiatric patient hospitalisations","S12000035","1 - most deprived","2011/12 to 2013/14 financial years; 3-year aggregates",95.7,546.7,441.6,669,"Age-sex standardised rate per 100,000",NA,NA,NA,NA,NA,NA,NA
"Psychiatric patient hospitalisations","S12000035","2","2011/12 to 2013/14 financial years; 3-year aggregates",49.7,296,216.8,393.7,"Age-sex standardised rate per 100,000",NA,NA,NA,NA,NA,NA,NA
"Psychiatric patient hospitalisations","S12000035","3","2011/12 to 2013/14 financial years; 3-year aggregates",40.3,231.4,161.9,319.3,"Age-sex standardised rate per 100,000",NA,NA,NA,NA,NA,NA,NA
"Psychiatric patient hospitalisations","S12000035","4","2011/12 to 2013/14 financial years; 3-year aggregates",32.3,191.8,129.6,272.7,"Age-sex standardised rate per 100,000",NA,NA,NA,NA,NA,NA,NA
"Psychiatric patient hospitalisations","S12000035","5 - least deprived","2011/12 to 2013/14 financial years; 3-year aggregates",33,176.2,119.2,250.1,"Age-sex standardised rate per 100,000",NA,NA,NA,NA,NA,NA,NA
"Psychiatric patient hospitalisations","S12000035","Total","2011/12 to 2013/14 financial years; 3-year aggregates",251,291.9,256,331.4,"Age-sex standardised rate per 100,000",73.7,2.8,144.7,430.4,16.1,844.7,39.4
"Psychiatric patient hospitalisations","S12000035","1 - most deprived","2012/13 to 2014/15 financial years; 3-year aggregates",95.7,544.7,439.9,666.7,"Age-sex standardised rate per 100,000",NA,NA,NA,NA,NA,NA,NA
"Psychiatric patient hospitalisations","S12000035","2","2012/13 to 2014/15 financial years; 3-year aggregates",45.7,270.5,195.2,364.5,"Age-sex standardised rate per 100,000",NA,NA,NA,NA,NA,NA,NA
"Psychiatric patient hospitalisations","S12000035","3","2012/13 to 2014/15 financial years; 3-year aggregates",39.3,221.6,154.1,307.3,"Age-sex standardised rate per 100,000",NA,NA,NA,NA,NA,NA,NA
"Psychiatric patient hospitalisations","S12000035","4","2012/13 to 2014/15 financial years; 3-year aggregates",32.7,181.8,123.2,257.8,"Age-sex standardised rate per 100,000",NA,NA,NA,NA,NA,NA,NA
"Psychiatric patient hospitalisations","S12000035","5 - least deprived","2012/13 to 2014/15 financial years; 3-year aggregates",29,164.9,107.9,240,"Age-sex standardised rate per 100,000",NA,NA,NA,NA,NA,NA,NA
"Psychiatric patient hospitalisations","S12000035","Total","2012/13 to 2014/15 financial years; 3-year aggregates",242.3,279.2,244.2,317.8,"Age-sex standardised rate per 100,000",77,-4.1,158.1,430,-22.9,882.9,40.8
"Psychiatric patient hospitalisations","S12000035","1 - most deprived","2013/14 to 2015/16 financial years; 3-year aggregates",90,515.3,413.1,634.8,"Age-sex standardised rate per 100,000",NA,NA,NA,NA,NA,NA,NA
"Psychiatric patient hospitalisations","S12000035","2","2013/14 to 2015/16 financial years; 3-year aggregates",44.7,263.8,189.6,356.7,"Age-sex standardised rate per 100,000",NA,NA,NA,NA,NA,NA,NA
"Psychiatric patient hospitalisations","S12000035","3","2013/14 to 2015/16 financial years; 3-year aggregates",41.3,240.9,169.2,331.3,"Age-sex standardised rate per 100,000",NA,NA,NA,NA,NA,NA,NA
"Psychiatric patient hospitalisations","S12000035","4","2013/14 to 2015/16 financial years; 3-year aggregates",30.3,169.4,112.6,244,"Age-sex standardised rate per 100,000",NA,NA,NA,NA,NA,NA,NA
"Psychiatric patient hospitalisations","S12000035","5 - least deprived","2013/14 to 2015/16 financial years; 3-year aggregates",27.3,152.8,99,224.4,"Age-sex standardised rate per 100,000",NA,NA,NA,NA,NA,NA,NA
"Psychiatric patient hospitalisations","S12000035","Total","2013/14 to 2015/16 financial years; 3-year aggregates",233.7,267.3,233.2,304.9,"Age-sex standardised rate per 100,000",77.1,4.8,149.4,412.3,25.8,798.9,43.2
"Psychiatric patient hospitalisations","S12000035","1 - most deprived","2014/15 to 2016/17 financial years; 3-year aggregates",85.7,494.3,393.9,612.3,"Age-sex standardised rate per 100,000",NA,NA,NA,NA,NA,NA,NA
"Psychiatric patient hospitalisations","S12000035","2","2014/15 to 2016/17 financial years; 3-year aggregates",42,247.3,175.6,337.5,"Age-sex standardised rate per 100,000",NA,NA,NA,NA,NA,NA,NA
"Psychiatric patient hospitalisations","S12000035","3","2014/15 to 2016/17 financial years; 3-year aggregates",41.3,249.6,175.6,343,"Age-sex standardised rate per 100,000",NA,NA,NA,NA,NA,NA,NA
"Psychiatric patient hospitalisations","S12000035","4","2014/15 to 2016/17 financial years; 3-year aggregates",25.7,148.8,94.4,222,"Age-sex standardised rate per 100,000",NA,NA,NA,NA,NA,NA,NA
"Psychiatric patient hospitalisations","S12000035","5 - least deprived","2014/15 to 2016/17 financial years; 3-year aggregates",28.3,158.6,103.6,231.5,"Age-sex standardised rate per 100,000",NA,NA,NA,NA,NA,NA,NA
"Psychiatric patient hospitalisations","S12000035","Total","2014/15 to 2016/17 financial years; 3-year aggregates",223,257.3,223.7,294.5,"Age-sex standardised rate per 100,000",74.9,-1.9,151.6,385.4,-9.6,780.4,39
"Psychiatric patient hospitalisations","S12000035","1 - most deprived","2015/16 to 2017/18 financial years; 3-year aggregates",79.3,463.2,365.4,578.8,"Age-sex standardised rate per 100,000",NA,NA,NA,NA,NA,NA,NA
"Psychiatric patient hospitalisations","S12000035","2","2015/16 to 2017/18 financial years; 3-year aggregates",42.7,253.1,179.8,345.1,"Age-sex standardised rate per 100,000",NA,NA,NA,NA,NA,NA,NA
"Psychiatric patient hospitalisations","S12000035","3","2015/16 to 2017/18 financial years; 3-year aggregates",35.3,217.7,148.6,306.5,"Age-sex standardised rate per 100,000",NA,NA,NA,NA,NA,NA,NA
"Psychiatric patient hospitalisations","S12000035","4","2015/16 to 2017/18 financial years; 3-year aggregates",26,161.5,102.7,240.4,"Age-sex standardised rate per 100,000",NA,NA,NA,NA,NA,NA,NA
"Psychiatric patient hospitalisations","S12000035","5 - least deprived","2015/16 to 2017/18 financial years; 3-year aggregates",30,164.4,108.8,237.6,"Age-sex standardised rate per 100,000",NA,NA,NA,NA,NA,NA,NA
"Psychiatric patient hospitalisations","S12000035","Total","2015/16 to 2017/18 financial years; 3-year aggregates",213.3,250.9,217.3,288.1,"Age-sex standardised rate per 100,000",68.6,-0.4,137.6,344.4,-1.8,690.7,34.7
"Psychiatric patient hospitalisations","S12000035","1 - most deprived","2016/17 to 2018/19 financial years; 3-year aggregates",72,423.7,330,535.3,"Age-sex standardised rate per 100,000",NA,NA,NA,NA,NA,NA,NA
"Psychiatric patient hospitalisations","S12000035","2","2016/17 to 2018/19 financial years; 3-year aggregates",41.7,256.8,181.8,351.2,"Age-sex standardised rate per 100,000",NA,NA,NA,NA,NA,NA,NA
"Psychiatric patient hospitalisations","S12000035","3","2016/17 to 2018/19 financial years; 3-year aggregates",32.3,200.5,134.3,286.6,"Age-sex standardised rate per 100,000",NA,NA,NA,NA,NA,NA,NA
"Psychiatric patient hospitalisations","S12000035","4","2016/17 to 2018/19 financial years; 3-year aggregates",27.7,172.7,111.3,254.3,"Age-sex standardised rate per 100,000",NA,NA,NA,NA,NA,NA,NA
"Psychiatric patient hospitalisations","S12000035","5 - least deprived","2016/17 to 2018/19 financial years; 3-year aggregates",32.3,181.7,121.8,259.6,"Age-sex standardised rate per 100,000",NA,NA,NA,NA,NA,NA,NA
"Psychiatric patient hospitalisations","S12000035","Total","2016/17 to 2018/19 financial years; 3-year aggregates",206,246.8,213.1,284.1,"Age-sex standardised rate per 100,000",57.4,-4.4,119.3,283.5,-21.9,588.8,26.4
"Psychiatric patient hospitalisations","S12000035","1 - most deprived","2017/18 to 2019/20 financial years; 3-year aggregates",66.3,400.5,308.4,511,"Age-sex standardised rate per 100,000",NA,NA,NA,NA,NA,NA,NA
"Psychiatric patient hospitalisations","S12000035","2","2017/18 to 2019/20 financial years; 3-year aggregates",37.7,242.7,168.7,337,"Age-sex standardised rate per 100,000",NA,NA,NA,NA,NA,NA,NA
"Psychiatric patient hospitalisations","S12000035","3","2017/18 to 2019/20 financial years; 3-year aggregates",29.3,181.5,119.3,263.5,"Age-sex standardised rate per 100,000",NA,NA,NA,NA,NA,NA,NA
"Psychiatric patient hospitalisations","S12000035","4","2017/18 to 2019/20 financial years; 3-year aggregates",29,175,114.3,255.2,"Age-sex standardised rate per 100,000",NA,NA,NA,NA,NA,NA,NA
"Psychiatric patient hospitalisations","S12000035","5 - least deprived","2017/18 to 2019/20 financial years; 3-year aggregates",28.3,162,104.5,238.1,"Age-sex standardised rate per 100,000",NA,NA,NA,NA,NA,NA,NA
"Psychiatric patient hospitalisations","S12000035","Total","2017/18 to 2019/20 financial years; 3-year aggregates",190.7,233.1,200.1,269.8,"Age-sex standardised rate per 100,000",58.2,-2.7,119.1,271.5,-12.4,555.4,30.2
