"indicator","geography_code","quintile","period","numerator","indicator_measure","lower_confidence_interval","upper_confidence_interval","definition","relative_inequality_gap","lower_confidence_interval_relative_ineq","upper_confidence_interval_relative_ineq","absolute_inequality_gap","lower_confidence_interval_absolute_ineq","upper_confidence_interval_absolute_ineq","population_attributable_risk"
"Psychiatric patient hospitalisations","S12000047","1 - most deprived","2002/03 to 2004/05 financial years; 3-year aggregates",334.7,514.7,458.8,575.3,"Age-sex standardised rate per 100,000",NA,NA,NA,NA,NA,NA,NA
"Psychiatric patient hospitalisations","S12000047","2","2002/03 to 2004/05 financial years; 3-year aggregates",282.7,420.5,370.8,474.9,"Age-sex standardised rate per 100,000",NA,NA,NA,NA,NA,NA,NA
"Psychiatric patient hospitalisations","S12000047","3","2002/03 to 2004/05 financial years; 3-year aggregates",222.3,323.7,281.7,370.1,"Age-sex standardised rate per 100,000",NA,NA,NA,NA,NA,NA,NA
"Psychiatric patient hospitalisations","S12000047","4","2002/03 to 2004/05 financial years; 3-year aggregates",175.3,262.7,223,307,"Age-sex standardised rate per 100,000",NA,NA,NA,NA,NA,NA,NA
"Psychiatric patient hospitalisations","S12000047","5 - least deprived","2002/03 to 2004/05 financial years; 3-year aggregates",124,192.5,158.1,231.8,"Age-sex standardised rate per 100,000",NA,NA,NA,NA,NA,NA,NA
"Psychiatric patient hospitalisations","S12000047","Total","2002/03 to 2004/05 financial years; 3-year aggregates",1139,340.3,320,361.6,"Age-sex standardised rate per 100,000",58.9,48,69.8,400.8,326.5,475.2,43.7
"Psychiatric patient hospitalisations","S12000047","1 - most deprived","2003/04 to 2005/06 financial years; 3-year aggregates",350.7,529.2,473.8,589.1,"Age-sex standardised rate per 100,000",NA,NA,NA,NA,NA,NA,NA
"Psychiatric patient hospitalisations","S12000047","2","2003/04 to 2005/06 financial years; 3-year aggregates",284,423.4,373.6,477.8,"Age-sex standardised rate per 100,000",NA,NA,NA,NA,NA,NA,NA
"Psychiatric patient hospitalisations","S12000047","3","2003/04 to 2005/06 financial years; 3-year aggregates",224.3,322.9,281.4,368.6,"Age-sex standardised rate per 100,000",NA,NA,NA,NA,NA,NA,NA
"Psychiatric patient hospitalisations","S12000047","4","2003/04 to 2005/06 financial years; 3-year aggregates",182.3,269.8,230.3,314,"Age-sex standardised rate per 100,000",NA,NA,NA,NA,NA,NA,NA
"Psychiatric patient hospitalisations","S12000047","5 - least deprived","2003/04 to 2005/06 financial years; 3-year aggregates",120.3,191.6,156.3,231.9,"Age-sex standardised rate per 100,000",NA,NA,NA,NA,NA,NA,NA
"Psychiatric patient hospitalisations","S12000047","Total","2003/04 to 2005/06 financial years; 3-year aggregates",1161.7,344.8,324.5,366,"Age-sex standardised rate per 100,000",60,46.2,73.8,413.7,318.3,509.1,44.7
"Psychiatric patient hospitalisations","S12000047","1 - most deprived","2004/05 to 2006/07 financial years; 3-year aggregates",351,519.5,465.5,578.1,"Age-sex standardised rate per 100,000",NA,NA,NA,NA,NA,NA,NA
"Psychiatric patient hospitalisations","S12000047","2","2004/05 to 2006/07 financial years; 3-year aggregates",280.3,413.5,365,466.6,"Age-sex standardised rate per 100,000",NA,NA,NA,NA,NA,NA,NA
"Psychiatric patient hospitalisations","S12000047","3","2004/05 to 2006/07 financial years; 3-year aggregates",218.3,312.8,271.7,358.2,"Age-sex standardised rate per 100,000",NA,NA,NA,NA,NA,NA,NA
"Psychiatric patient hospitalisations","S12000047","4","2004/05 to 2006/07 financial years; 3-year aggregates",184,270.5,231.3,314.3,"Age-sex standardised rate per 100,000",NA,NA,NA,NA,NA,NA,NA
"Psychiatric patient hospitalisations","S12000047","5 - least deprived","2004/05 to 2006/07 financial years; 3-year aggregates",119.3,191.1,155.7,231.7,"Age-sex standardised rate per 100,000",NA,NA,NA,NA,NA,NA,NA
"Psychiatric patient hospitalisations","S12000047","Total","2004/05 to 2006/07 financial years; 3-year aggregates",1153,339.7,319.7,360.5,"Age-sex standardised rate per 100,000",58.7,42.6,74.8,398.8,289.6,507.9,44.1
"Psychiatric patient hospitalisations","S12000047","1 - most deprived","2005/06 to 2007/08 financial years; 3-year aggregates",347.3,511.9,458.5,569.7,"Age-sex standardised rate per 100,000",NA,NA,NA,NA,NA,NA,NA
"Psychiatric patient hospitalisations","S12000047","2","2005/06 to 2007/08 financial years; 3-year aggregates",277.7,402.6,355.4,454.1,"Age-sex standardised rate per 100,000",NA,NA,NA,NA,NA,NA,NA
"Psychiatric patient hospitalisations","S12000047","3","2005/06 to 2007/08 financial years; 3-year aggregates",218.3,309.8,269.1,354.8,"Age-sex standardised rate per 100,000",NA,NA,NA,NA,NA,NA,NA
"Psychiatric patient hospitalisations","S12000047","4","2005/06 to 2007/08 financial years; 3-year aggregates",168.7,244.5,207.9,285.4,"Age-sex standardised rate per 100,000",NA,NA,NA,NA,NA,NA,NA
"Psychiatric patient hospitalisations","S12000047","5 - least deprived","2005/06 to 2007/08 financial years; 3-year aggregates",127,198.9,163.6,239.2,"Age-sex standardised rate per 100,000",NA,NA,NA,NA,NA,NA,NA
"Psychiatric patient hospitalisations","S12000047","Total","2005/06 to 2007/08 financial years; 3-year aggregates",1139,331.9,312.4,352.3,"Age-sex standardised rate per 100,000",58.9,40.9,76.9,391,271.7,510.3,40.4
"Psychiatric patient hospitalisations","S12000047","1 - most deprived","2006/07 to 2008/09 financial years; 3-year aggregates",341.7,498.3,446.1,555,"Age-sex standardised rate per 100,000",NA,NA,NA,NA,NA,NA,NA
"Psychiatric patient hospitalisations","S12000047","2","2006/07 to 2008/09 financial years; 3-year aggregates",266.3,376.1,331.5,425.1,"Age-sex standardised rate per 100,000",NA,NA,NA,NA,NA,NA,NA
"Psychiatric patient hospitalisations","S12000047","3","2006/07 to 2008/09 financial years; 3-year aggregates",204.3,291.3,251.5,335.5,"Age-sex standardised rate per 100,000",NA,NA,NA,NA,NA,NA,NA
"Psychiatric patient hospitalisations","S12000047","4","2006/07 to 2008/09 financial years; 3-year aggregates",158.3,228.4,193.4,267.7,"Age-sex standardised rate per 100,000",NA,NA,NA,NA,NA,NA,NA
"Psychiatric patient hospitalisations","S12000047","5 - least deprived","2006/07 to 2008/09 financial years; 3-year aggregates",121.3,181.5,149.5,218.1,"Age-sex standardised rate per 100,000",NA,NA,NA,NA,NA,NA,NA
"Psychiatric patient hospitalisations","S12000047","Total","2006/07 to 2008/09 financial years; 3-year aggregates",1092,314.3,295.6,334,"Age-sex standardised rate per 100,000",62,40.7,83.2,389.7,256.1,523.3,42.5
"Psychiatric patient hospitalisations","S12000047","1 - most deprived","2007/08 to 2009/10 financial years; 3-year aggregates",340,495.6,443.3,552.2,"Age-sex standardised rate per 100,000",NA,NA,NA,NA,NA,NA,NA
"Psychiatric patient hospitalisations","S12000047","2","2007/08 to 2009/10 financial years; 3-year aggregates",274.3,380.3,335.9,428.8,"Age-sex standardised rate per 100,000",NA,NA,NA,NA,NA,NA,NA
"Psychiatric patient hospitalisations","S12000047","3","2007/08 to 2009/10 financial years; 3-year aggregates",196,279.8,241,323.1,"Age-sex standardised rate per 100,000",NA,NA,NA,NA,NA,NA,NA
"Psychiatric patient hospitalisations","S12000047","4","2007/08 to 2009/10 financial years; 3-year aggregates",159.3,228.8,193.9,268,"Age-sex standardised rate per 100,000",NA,NA,NA,NA,NA,NA,NA
"Psychiatric patient hospitalisations","S12000047","5 - least deprived","2007/08 to 2009/10 financial years; 3-year aggregates",121.3,182.8,150.6,219.6,"Age-sex standardised rate per 100,000",NA,NA,NA,NA,NA,NA,NA
"Psychiatric patient hospitalisations","S12000047","Total","2007/08 to 2009/10 financial years; 3-year aggregates",1091,312.7,294.1,332.2,"Age-sex standardised rate per 100,000",62,38.6,85.4,387.8,241.6,533.9,41.8
"Psychiatric patient hospitalisations","S12000047","1 - most deprived","2008/09 to 2010/11 financial years; 3-year aggregates",325.7,470.3,419.8,525.1,"Age-sex standardised rate per 100,000",NA,NA,NA,NA,NA,NA,NA
"Psychiatric patient hospitalisations","S12000047","2","2008/09 to 2010/11 financial years; 3-year aggregates",263.3,365,321.6,412.6,"Age-sex standardised rate per 100,000",NA,NA,NA,NA,NA,NA,NA
"Psychiatric patient hospitalisations","S12000047","3","2008/09 to 2010/11 financial years; 3-year aggregates",195.7,280.2,241,323.7,"Age-sex standardised rate per 100,000",NA,NA,NA,NA,NA,NA,NA
"Psychiatric patient hospitalisations","S12000047","4","2008/09 to 2010/11 financial years; 3-year aggregates",159.3,226.4,192.1,265,"Age-sex standardised rate per 100,000",NA,NA,NA,NA,NA,NA,NA
"Psychiatric patient hospitalisations","S12000047","5 - least deprived","2008/09 to 2010/11 financial years; 3-year aggregates",111.3,168.3,137.3,204.1,"Age-sex standardised rate per 100,000",NA,NA,NA,NA,NA,NA,NA
"Psychiatric patient hospitalisations","S12000047","Total","2008/09 to 2010/11 financial years; 3-year aggregates",1055.3,302.4,284.1,321.6,"Age-sex standardised rate per 100,000",61.2,44.8,77.7,370.4,271.1,469.8,44.4
"Psychiatric patient hospitalisations","S12000047","1 - most deprived","2009/10 to 2011/12 financial years; 3-year aggregates",306.3,442.5,393.6,495.8,"Age-sex standardised rate per 100,000",NA,NA,NA,NA,NA,NA,NA
"Psychiatric patient hospitalisations","S12000047","2","2009/10 to 2011/12 financial years; 3-year aggregates",258,361,317.5,408.8,"Age-sex standardised rate per 100,000",NA,NA,NA,NA,NA,NA,NA
"Psychiatric patient hospitalisations","S12000047","3","2009/10 to 2011/12 financial years; 3-year aggregates",202.3,282.6,244.2,325.2,"Age-sex standardised rate per 100,000",NA,NA,NA,NA,NA,NA,NA
"Psychiatric patient hospitalisations","S12000047","4","2009/10 to 2011/12 financial years; 3-year aggregates",152.7,214.6,181.2,252.2,"Age-sex standardised rate per 100,000",NA,NA,NA,NA,NA,NA,NA
"Psychiatric patient hospitalisations","S12000047","5 - least deprived","2009/10 to 2011/12 financial years; 3-year aggregates",109.3,166,135.1,201.7,"Age-sex standardised rate per 100,000",NA,NA,NA,NA,NA,NA,NA
"Psychiatric patient hospitalisations","S12000047","Total","2009/10 to 2011/12 financial years; 3-year aggregates",1028.7,294.2,276.2,313.1,"Age-sex standardised rate per 100,000",59.3,49.4,69.2,349.1,290.6,407.5,43.6
"Psychiatric patient hospitalisations","S12000047","1 - most deprived","2010/11 to 2012/13 financial years; 3-year aggregates",287.7,412.6,365.8,463.7,"Age-sex standardised rate per 100,000",NA,NA,NA,NA,NA,NA,NA
"Psychiatric patient hospitalisations","S12000047","2","2010/11 to 2012/13 financial years; 3-year aggregates",247,347.3,304.5,394.2,"Age-sex standardised rate per 100,000",NA,NA,NA,NA,NA,NA,NA
"Psychiatric patient hospitalisations","S12000047","3","2010/11 to 2012/13 financial years; 3-year aggregates",196.7,272.1,234.7,313.7,"Age-sex standardised rate per 100,000",NA,NA,NA,NA,NA,NA,NA
"Psychiatric patient hospitalisations","S12000047","4","2010/11 to 2012/13 financial years; 3-year aggregates",148.3,208.2,175.4,245.2,"Age-sex standardised rate per 100,000",NA,NA,NA,NA,NA,NA,NA
"Psychiatric patient hospitalisations","S12000047","5 - least deprived","2010/11 to 2012/13 financial years; 3-year aggregates",107.3,156.5,127.3,190.2,"Age-sex standardised rate per 100,000",NA,NA,NA,NA,NA,NA,NA
"Psychiatric patient hospitalisations","S12000047","Total","2010/11 to 2012/13 financial years; 3-year aggregates",987,280.8,263.3,299.2,"Age-sex standardised rate per 100,000",57.9,51.8,64,325.1,290.8,359.5,44.1
"Psychiatric patient hospitalisations","S12000047","1 - most deprived","2011/12 to 2013/14 financial years; 3-year aggregates",280,403.4,357,454.1,"Age-sex standardised rate per 100,000",NA,NA,NA,NA,NA,NA,NA
"Psychiatric patient hospitalisations","S12000047","2","2011/12 to 2013/14 financial years; 3-year aggregates",238.7,336.3,294.3,382.6,"Age-sex standardised rate per 100,000",NA,NA,NA,NA,NA,NA,NA
"Psychiatric patient hospitalisations","S12000047","3","2011/12 to 2013/14 financial years; 3-year aggregates",197.7,269.4,232.6,310.2,"Age-sex standardised rate per 100,000",NA,NA,NA,NA,NA,NA,NA
"Psychiatric patient hospitalisations","S12000047","4","2011/12 to 2013/14 financial years; 3-year aggregates",139.7,194.5,162.9,230.4,"Age-sex standardised rate per 100,000",NA,NA,NA,NA,NA,NA,NA
"Psychiatric patient hospitalisations","S12000047","5 - least deprived","2011/12 to 2013/14 financial years; 3-year aggregates",103.7,147,119.3,179.1,"Age-sex standardised rate per 100,000",NA,NA,NA,NA,NA,NA,NA
"Psychiatric patient hospitalisations","S12000047","Total","2011/12 to 2013/14 financial years; 3-year aggregates",959.7,270.8,253.7,288.8,"Age-sex standardised rate per 100,000",60.3,53.6,67,326.7,290.5,362.8,45.7
"Psychiatric patient hospitalisations","S12000047","1 - most deprived","2012/13 to 2014/15 financial years; 3-year aggregates",277,398.6,352.5,448.9,"Age-sex standardised rate per 100,000",NA,NA,NA,NA,NA,NA,NA
"Psychiatric patient hospitalisations","S12000047","2","2012/13 to 2014/15 financial years; 3-year aggregates",235,328.3,287.1,373.7,"Age-sex standardised rate per 100,000",NA,NA,NA,NA,NA,NA,NA
"Psychiatric patient hospitalisations","S12000047","3","2012/13 to 2014/15 financial years; 3-year aggregates",186.3,253.6,218.1,293.3,"Age-sex standardised rate per 100,000",NA,NA,NA,NA,NA,NA,NA
"Psychiatric patient hospitalisations","S12000047","4","2012/13 to 2014/15 financial years; 3-year aggregates",135,186.1,155.4,221,"Age-sex standardised rate per 100,000",NA,NA,NA,NA,NA,NA,NA
"Psychiatric patient hospitalisations","S12000047","5 - least deprived","2012/13 to 2014/15 financial years; 3-year aggregates",98,136.1,109.9,166.6,"Age-sex standardised rate per 100,000",NA,NA,NA,NA,NA,NA,NA
"Psychiatric patient hospitalisations","S12000047","Total","2012/13 to 2014/15 financial years; 3-year aggregates",931.3,260.9,244.2,278.4,"Age-sex standardised rate per 100,000",63.9,55.9,71.8,333.2,291.9,374.5,47.8
"Psychiatric patient hospitalisations","S12000047","1 - most deprived","2013/14 to 2015/16 financial years; 3-year aggregates",273.3,394.9,348.9,445.1,"Age-sex standardised rate per 100,000",NA,NA,NA,NA,NA,NA,NA
"Psychiatric patient hospitalisations","S12000047","2","2013/14 to 2015/16 financial years; 3-year aggregates",245.7,344,301.7,390.5,"Age-sex standardised rate per 100,000",NA,NA,NA,NA,NA,NA,NA
"Psychiatric patient hospitalisations","S12000047","3","2013/14 to 2015/16 financial years; 3-year aggregates",186,251.2,216.1,290.3,"Age-sex standardised rate per 100,000",NA,NA,NA,NA,NA,NA,NA
"Psychiatric patient hospitalisations","S12000047","4","2013/14 to 2015/16 financial years; 3-year aggregates",125.7,172.7,143.2,206.5,"Age-sex standardised rate per 100,000",NA,NA,NA,NA,NA,NA,NA
"Psychiatric patient hospitalisations","S12000047","5 - least deprived","2013/14 to 2015/16 financial years; 3-year aggregates",98.7,137.5,111.1,168,"Age-sex standardised rate per 100,000",NA,NA,NA,NA,NA,NA,NA
"Psychiatric patient hospitalisations","S12000047","Total","2013/14 to 2015/16 financial years; 3-year aggregates",929.3,259.7,243,277.1,"Age-sex standardised rate per 100,000",66,49.4,82.7,343,256.7,429.3,47.1
"Psychiatric patient hospitalisations","S12000047","1 - most deprived","2014/15 to 2016/17 financial years; 3-year aggregates",275.7,394.7,349,444.6,"Age-sex standardised rate per 100,000",NA,NA,NA,NA,NA,NA,NA
"Psychiatric patient hospitalisations","S12000047","2","2014/15 to 2016/17 financial years; 3-year aggregates",249,347,304.7,393.5,"Age-sex standardised rate per 100,000",NA,NA,NA,NA,NA,NA,NA
"Psychiatric patient hospitalisations","S12000047","3","2014/15 to 2016/17 financial years; 3-year aggregates",184,250.5,215.3,289.7,"Age-sex standardised rate per 100,000",NA,NA,NA,NA,NA,NA,NA
"Psychiatric patient hospitalisations","S12000047","4","2014/15 to 2016/17 financial years; 3-year aggregates",122,168.3,139.2,201.6,"Age-sex standardised rate per 100,000",NA,NA,NA,NA,NA,NA,NA
"Psychiatric patient hospitalisations","S12000047","5 - least deprived","2014/15 to 2016/17 financial years; 3-year aggregates",101.3,141.8,114.9,172.9,"Age-sex standardised rate per 100,000",NA,NA,NA,NA,NA,NA,NA
"Psychiatric patient hospitalisations","S12000047","Total","2014/15 to 2016/17 financial years; 3-year aggregates",932,259.5,242.9,276.9,"Age-sex standardised rate per 100,000",66,45.4,86.6,342.5,235.6,449.3,45.5
"Psychiatric patient hospitalisations","S12000047","1 - most deprived","2015/16 to 2017/18 financial years; 3-year aggregates",274.7,391.4,345.9,441.1,"Age-sex standardised rate per 100,000",NA,NA,NA,NA,NA,NA,NA
"Psychiatric patient hospitalisations","S12000047","2","2015/16 to 2017/18 financial years; 3-year aggregates",247,347,304.6,393.7,"Age-sex standardised rate per 100,000",NA,NA,NA,NA,NA,NA,NA
"Psychiatric patient hospitalisations","S12000047","3","2015/16 to 2017/18 financial years; 3-year aggregates",176.7,244.3,209.2,283.5,"Age-sex standardised rate per 100,000",NA,NA,NA,NA,NA,NA,NA
"Psychiatric patient hospitalisations","S12000047","4","2015/16 to 2017/18 financial years; 3-year aggregates",113.7,156.2,128.2,188.3,"Age-sex standardised rate per 100,000",NA,NA,NA,NA,NA,NA,NA
"Psychiatric patient hospitalisations","S12000047","5 - least deprived","2015/16 to 2017/18 financial years; 3-year aggregates",97.3,135.3,109.2,165.7,"Age-sex standardised rate per 100,000",NA,NA,NA,NA,NA,NA,NA
"Psychiatric patient hospitalisations","S12000047","Total","2015/16 to 2017/18 financial years; 3-year aggregates",909.3,253.8,237.4,271,"Age-sex standardised rate per 100,000",69.3,44.4,94.2,351.7,225.4,477.9,46.8
"Psychiatric patient hospitalisations","S12000047","1 - most deprived","2016/17 to 2018/19 financial years; 3-year aggregates",286,402.7,356.9,452.6,"Age-sex standardised rate per 100,000",NA,NA,NA,NA,NA,NA,NA
"Psychiatric patient hospitalisations","S12000047","2","2016/17 to 2018/19 financial years; 3-year aggregates",241.3,336.6,295,382.3,"Age-sex standardised rate per 100,000",NA,NA,NA,NA,NA,NA,NA
"Psychiatric patient hospitalisations","S12000047","3","2016/17 to 2018/19 financial years; 3-year aggregates",167.3,232.3,197.9,270.8,"Age-sex standardised rate per 100,000",NA,NA,NA,NA,NA,NA,NA
"Psychiatric patient hospitalisations","S12000047","4","2016/17 to 2018/19 financial years; 3-year aggregates",112.3,152.1,124.7,183.6,"Age-sex standardised rate per 100,000",NA,NA,NA,NA,NA,NA,NA
"Psychiatric patient hospitalisations","S12000047","5 - least deprived","2016/17 to 2018/19 financial years; 3-year aggregates",89.3,122.4,97.7,151.3,"Age-sex standardised rate per 100,000",NA,NA,NA,NA,NA,NA,NA
"Psychiatric patient hospitalisations","S12000047","Total","2016/17 to 2018/19 financial years; 3-year aggregates",896.3,248.9,232.7,265.9,"Age-sex standardised rate per 100,000",74.9,52.2,97.5,372.7,259.9,485.5,50.8
"Psychiatric patient hospitalisations","S12000047","1 - most deprived","2017/18 to 2019/20 financial years; 3-year aggregates",282.7,398.4,352.8,448.2,"Age-sex standardised rate per 100,000",NA,NA,NA,NA,NA,NA,NA
"Psychiatric patient hospitalisations","S12000047","2","2017/18 to 2019/20 financial years; 3-year aggregates",243.7,338.9,297.2,384.7,"Age-sex standardised rate per 100,000",NA,NA,NA,NA,NA,NA,NA
"Psychiatric patient hospitalisations","S12000047","3","2017/18 to 2019/20 financial years; 3-year aggregates",156.3,219.3,185.8,257.1,"Age-sex standardised rate per 100,000",NA,NA,NA,NA,NA,NA,NA
"Psychiatric patient hospitalisations","S12000047","4","2017/18 to 2019/20 financial years; 3-year aggregates",114.3,153.1,125.7,184.5,"Age-sex standardised rate per 100,000",NA,NA,NA,NA,NA,NA,NA
"Psychiatric patient hospitalisations","S12000047","5 - least deprived","2017/18 to 2019/20 financial years; 3-year aggregates",87,117.9,93.8,146.2,"Age-sex standardised rate per 100,000",NA,NA,NA,NA,NA,NA,NA
"Psychiatric patient hospitalisations","S12000047","Total","2017/18 to 2019/20 financial years; 3-year aggregates",884,245.1,229,262,"Age-sex standardised rate per 100,000",76.2,50.6,101.7,373.4,248.1,498.7,51.9
