"indicator","geography_code","quintile","period","numerator","indicator_measure","lower_confidence_interval","upper_confidence_interval","definition","relative_inequality_gap","lower_confidence_interval_relative_ineq","upper_confidence_interval_relative_ineq","absolute_inequality_gap","lower_confidence_interval_absolute_ineq","upper_confidence_interval_absolute_ineq","population_attributable_risk"
"Psychiatric patient hospitalisations","S12000050","1 - most deprived","2002/03 to 2004/05 financial years; 3-year aggregates",362.3,599.7,537.5,667,"Age-sex standardised rate per 100,000",NA,NA,NA,NA,NA,NA,NA
"Psychiatric patient hospitalisations","S12000050","2","2002/03 to 2004/05 financial years; 3-year aggregates",293.7,475.9,421.3,535.5,"Age-sex standardised rate per 100,000",NA,NA,NA,NA,NA,NA,NA
"Psychiatric patient hospitalisations","S12000050","3","2002/03 to 2004/05 financial years; 3-year aggregates",259.7,409.5,360.1,463.8,"Age-sex standardised rate per 100,000",NA,NA,NA,NA,NA,NA,NA
"Psychiatric patient hospitalisations","S12000050","4","2002/03 to 2004/05 financial years; 3-year aggregates",174.3,304.9,254.1,361.8,"Age-sex standardised rate per 100,000",NA,NA,NA,NA,NA,NA,NA
"Psychiatric patient hospitalisations","S12000050","5 - least deprived","2002/03 to 2004/05 financial years; 3-year aggregates",93.3,189.9,144.3,243.2,"Age-sex standardised rate per 100,000",NA,NA,NA,NA,NA,NA,NA
"Psychiatric patient hospitalisations","S12000050","Total","2002/03 to 2004/05 financial years; 3-year aggregates",1183.3,390.7,367.4,415.1,"Age-sex standardised rate per 100,000",63.3,53.4,73.3,495,417,573,51.9
"Psychiatric patient hospitalisations","S12000050","1 - most deprived","2003/04 to 2005/06 financial years; 3-year aggregates",350.3,571,511,635.9,"Age-sex standardised rate per 100,000",NA,NA,NA,NA,NA,NA,NA
"Psychiatric patient hospitalisations","S12000050","2","2003/04 to 2005/06 financial years; 3-year aggregates",286.7,460.5,406.7,519.1,"Age-sex standardised rate per 100,000",NA,NA,NA,NA,NA,NA,NA
"Psychiatric patient hospitalisations","S12000050","3","2003/04 to 2005/06 financial years; 3-year aggregates",238,377.5,329.5,430.4,"Age-sex standardised rate per 100,000",NA,NA,NA,NA,NA,NA,NA
"Psychiatric patient hospitalisations","S12000050","4","2003/04 to 2005/06 financial years; 3-year aggregates",176.3,305.7,256.2,361.1,"Age-sex standardised rate per 100,000",NA,NA,NA,NA,NA,NA,NA
"Psychiatric patient hospitalisations","S12000050","5 - least deprived","2003/04 to 2005/06 financial years; 3-year aggregates",90.7,178.6,138.9,225.1,"Age-sex standardised rate per 100,000",NA,NA,NA,NA,NA,NA,NA
"Psychiatric patient hospitalisations","S12000050","Total","2003/04 to 2005/06 financial years; 3-year aggregates",1142,375.5,352.8,399.3,"Age-sex standardised rate per 100,000",62.4,51.6,73.2,468.9,387.6,550.1,52.8
"Psychiatric patient hospitalisations","S12000050","1 - most deprived","2004/05 to 2006/07 financial years; 3-year aggregates",345.3,560.4,500.8,624.9,"Age-sex standardised rate per 100,000",NA,NA,NA,NA,NA,NA,NA
"Psychiatric patient hospitalisations","S12000050","2","2004/05 to 2006/07 financial years; 3-year aggregates",283.3,449,396.7,506.1,"Age-sex standardised rate per 100,000",NA,NA,NA,NA,NA,NA,NA
"Psychiatric patient hospitalisations","S12000050","3","2004/05 to 2006/07 financial years; 3-year aggregates",221.7,364,314.7,418.6,"Age-sex standardised rate per 100,000",NA,NA,NA,NA,NA,NA,NA
"Psychiatric patient hospitalisations","S12000050","4","2004/05 to 2006/07 financial years; 3-year aggregates",167.3,293.1,244.2,347.9,"Age-sex standardised rate per 100,000",NA,NA,NA,NA,NA,NA,NA
"Psychiatric patient hospitalisations","S12000050","5 - least deprived","2004/05 to 2006/07 financial years; 3-year aggregates",87,169.7,131.2,214.8,"Age-sex standardised rate per 100,000",NA,NA,NA,NA,NA,NA,NA
"Psychiatric patient hospitalisations","S12000050","Total","2004/05 to 2006/07 financial years; 3-year aggregates",1104.7,367,344.2,390.8,"Age-sex standardised rate per 100,000",63.6,53,74.1,466.5,388.8,544.2,53.9
"Psychiatric patient hospitalisations","S12000050","1 - most deprived","2005/06 to 2007/08 financial years; 3-year aggregates",326.7,524.1,466.7,586.3,"Age-sex standardised rate per 100,000",NA,NA,NA,NA,NA,NA,NA
"Psychiatric patient hospitalisations","S12000050","2","2005/06 to 2007/08 financial years; 3-year aggregates",254.3,402.4,353,456.6,"Age-sex standardised rate per 100,000",NA,NA,NA,NA,NA,NA,NA
"Psychiatric patient hospitalisations","S12000050","3","2005/06 to 2007/08 financial years; 3-year aggregates",207.7,341.7,293.5,395.2,"Age-sex standardised rate per 100,000",NA,NA,NA,NA,NA,NA,NA
"Psychiatric patient hospitalisations","S12000050","4","2005/06 to 2007/08 financial years; 3-year aggregates",157,276.7,230.6,328.7,"Age-sex standardised rate per 100,000",NA,NA,NA,NA,NA,NA,NA
"Psychiatric patient hospitalisations","S12000050","5 - least deprived","2005/06 to 2007/08 financial years; 3-year aggregates",79.7,155.4,119,198.4,"Age-sex standardised rate per 100,000",NA,NA,NA,NA,NA,NA,NA
"Psychiatric patient hospitalisations","S12000050","Total","2005/06 to 2007/08 financial years; 3-year aggregates",1025.3,340.2,318.3,363.1,"Age-sex standardised rate per 100,000",63.2,47,79.3,429.7,319.9,539.5,54.4
"Psychiatric patient hospitalisations","S12000050","1 - most deprived","2006/07 to 2008/09 financial years; 3-year aggregates",326.7,521.6,464.6,583.5,"Age-sex standardised rate per 100,000",NA,NA,NA,NA,NA,NA,NA
"Psychiatric patient hospitalisations","S12000050","2","2006/07 to 2008/09 financial years; 3-year aggregates",247.7,391.5,342.7,445,"Age-sex standardised rate per 100,000",NA,NA,NA,NA,NA,NA,NA
"Psychiatric patient hospitalisations","S12000050","3","2006/07 to 2008/09 financial years; 3-year aggregates",216.3,347.9,300.3,400.5,"Age-sex standardised rate per 100,000",NA,NA,NA,NA,NA,NA,NA
"Psychiatric patient hospitalisations","S12000050","4","2006/07 to 2008/09 financial years; 3-year aggregates",162.7,281.5,235.7,333,"Age-sex standardised rate per 100,000",NA,NA,NA,NA,NA,NA,NA
"Psychiatric patient hospitalisations","S12000050","5 - least deprived","2006/07 to 2008/09 financial years; 3-year aggregates",73,137.3,104.5,176.5,"Age-sex standardised rate per 100,000",NA,NA,NA,NA,NA,NA,NA
"Psychiatric patient hospitalisations","S12000050","Total","2006/07 to 2008/09 financial years; 3-year aggregates",1026.3,336.9,315.4,359.4,"Age-sex standardised rate per 100,000",64.9,41.3,88.6,437.6,278.3,596.8,59.3
"Psychiatric patient hospitalisations","S12000050","1 - most deprived","2007/08 to 2009/10 financial years; 3-year aggregates",320,500.4,445.7,559.8,"Age-sex standardised rate per 100,000",NA,NA,NA,NA,NA,NA,NA
"Psychiatric patient hospitalisations","S12000050","2","2007/08 to 2009/10 financial years; 3-year aggregates",232.7,365.3,318.3,417.1,"Age-sex standardised rate per 100,000",NA,NA,NA,NA,NA,NA,NA
"Psychiatric patient hospitalisations","S12000050","3","2007/08 to 2009/10 financial years; 3-year aggregates",219.3,335.3,291.1,384.1,"Age-sex standardised rate per 100,000",NA,NA,NA,NA,NA,NA,NA
"Psychiatric patient hospitalisations","S12000050","4","2007/08 to 2009/10 financial years; 3-year aggregates",165.7,282.9,238,333.3,"Age-sex standardised rate per 100,000",NA,NA,NA,NA,NA,NA,NA
"Psychiatric patient hospitalisations","S12000050","5 - least deprived","2007/08 to 2009/10 financial years; 3-year aggregates",67.7,124.3,93.9,160.7,"Age-sex standardised rate per 100,000",NA,NA,NA,NA,NA,NA,NA
"Psychiatric patient hospitalisations","S12000050","Total","2007/08 to 2009/10 financial years; 3-year aggregates",1005.3,321.8,301.3,343.2,"Age-sex standardised rate per 100,000",64.6,33,96.3,415.9,212.4,619.5,61.6
"Psychiatric patient hospitalisations","S12000050","1 - most deprived","2008/09 to 2010/11 financial years; 3-year aggregates",319.3,491.8,438.4,549.9,"Age-sex standardised rate per 100,000",NA,NA,NA,NA,NA,NA,NA
"Psychiatric patient hospitalisations","S12000050","2","2008/09 to 2010/11 financial years; 3-year aggregates",239.7,375.4,327.7,428,"Age-sex standardised rate per 100,000",NA,NA,NA,NA,NA,NA,NA
"Psychiatric patient hospitalisations","S12000050","3","2008/09 to 2010/11 financial years; 3-year aggregates",210.7,320,277.3,367.4,"Age-sex standardised rate per 100,000",NA,NA,NA,NA,NA,NA,NA
"Psychiatric patient hospitalisations","S12000050","4","2008/09 to 2010/11 financial years; 3-year aggregates",162,268.9,226.8,316.2,"Age-sex standardised rate per 100,000",NA,NA,NA,NA,NA,NA,NA
"Psychiatric patient hospitalisations","S12000050","5 - least deprived","2008/09 to 2010/11 financial years; 3-year aggregates",71,129.7,98.6,166.8,"Age-sex standardised rate per 100,000",NA,NA,NA,NA,NA,NA,NA
"Psychiatric patient hospitalisations","S12000050","Total","2008/09 to 2010/11 financial years; 3-year aggregates",1002.7,317,296.9,338,"Age-sex standardised rate per 100,000",65.3,42.7,87.9,413.8,270.7,557,59.4
"Psychiatric patient hospitalisations","S12000050","1 - most deprived","2009/10 to 2011/12 financial years; 3-year aggregates",329.3,495.3,442.5,552.6,"Age-sex standardised rate per 100,000",NA,NA,NA,NA,NA,NA,NA
"Psychiatric patient hospitalisations","S12000050","2","2009/10 to 2011/12 financial years; 3-year aggregates",236,362.7,317,413.1,"Age-sex standardised rate per 100,000",NA,NA,NA,NA,NA,NA,NA
"Psychiatric patient hospitalisations","S12000050","3","2009/10 to 2011/12 financial years; 3-year aggregates",192,290.5,250.2,335.4,"Age-sex standardised rate per 100,000",NA,NA,NA,NA,NA,NA,NA
"Psychiatric patient hospitalisations","S12000050","4","2009/10 to 2011/12 financial years; 3-year aggregates",154,249.3,210.1,293.4,"Age-sex standardised rate per 100,000",NA,NA,NA,NA,NA,NA,NA
"Psychiatric patient hospitalisations","S12000050","5 - least deprived","2009/10 to 2011/12 financial years; 3-year aggregates",73.3,134,102.5,171.6,"Age-sex standardised rate per 100,000",NA,NA,NA,NA,NA,NA,NA
"Psychiatric patient hospitalisations","S12000050","Total","2009/10 to 2011/12 financial years; 3-year aggregates",984.7,305.7,286.5,325.9,"Age-sex standardised rate per 100,000",68.2,45.9,90.5,417.2,280.7,553.6,56.6
"Psychiatric patient hospitalisations","S12000050","1 - most deprived","2010/11 to 2012/13 financial years; 3-year aggregates",333,500.3,446.9,558.2,"Age-sex standardised rate per 100,000",NA,NA,NA,NA,NA,NA,NA
"Psychiatric patient hospitalisations","S12000050","2","2010/11 to 2012/13 financial years; 3-year aggregates",240,365.7,320,416,"Age-sex standardised rate per 100,000",NA,NA,NA,NA,NA,NA,NA
"Psychiatric patient hospitalisations","S12000050","3","2010/11 to 2012/13 financial years; 3-year aggregates",184.3,278.2,238.8,322.2,"Age-sex standardised rate per 100,000",NA,NA,NA,NA,NA,NA,NA
"Psychiatric patient hospitalisations","S12000050","4","2010/11 to 2012/13 financial years; 3-year aggregates",157,252.4,213.6,296.2,"Age-sex standardised rate per 100,000",NA,NA,NA,NA,NA,NA,NA
"Psychiatric patient hospitalisations","S12000050","5 - least deprived","2010/11 to 2012/13 financial years; 3-year aggregates",76.7,138.5,106.2,176.7,"Age-sex standardised rate per 100,000",NA,NA,NA,NA,NA,NA,NA
"Psychiatric patient hospitalisations","S12000050","Total","2010/11 to 2012/13 financial years; 3-year aggregates",991,306.9,287.6,327.1,"Age-sex standardised rate per 100,000",68.1,42.4,93.8,418.1,260.2,575.9,55.3
"Psychiatric patient hospitalisations","S12000050","1 - most deprived","2011/12 to 2013/14 financial years; 3-year aggregates",332.7,500.9,447,559.5,"Age-sex standardised rate per 100,000",NA,NA,NA,NA,NA,NA,NA
"Psychiatric patient hospitalisations","S12000050","2","2011/12 to 2013/14 financial years; 3-year aggregates",230.7,351.2,306.7,400.2,"Age-sex standardised rate per 100,000",NA,NA,NA,NA,NA,NA,NA
"Psychiatric patient hospitalisations","S12000050","3","2011/12 to 2013/14 financial years; 3-year aggregates",182.7,272,233.5,314.8,"Age-sex standardised rate per 100,000",NA,NA,NA,NA,NA,NA,NA
"Psychiatric patient hospitalisations","S12000050","4","2011/12 to 2013/14 financial years; 3-year aggregates",153.7,242,204.5,284.4,"Age-sex standardised rate per 100,000",NA,NA,NA,NA,NA,NA,NA
"Psychiatric patient hospitalisations","S12000050","5 - least deprived","2011/12 to 2013/14 financial years; 3-year aggregates",73.3,128.6,98.8,164.2,"Age-sex standardised rate per 100,000",NA,NA,NA,NA,NA,NA,NA
"Psychiatric patient hospitalisations","S12000050","Total","2011/12 to 2013/14 financial years; 3-year aggregates",973,299.4,280.4,319.3,"Age-sex standardised rate per 100,000",71.2,42.1,100.4,426.4,251.8,601,57.3
"Psychiatric patient hospitalisations","S12000050","1 - most deprived","2012/13 to 2014/15 financial years; 3-year aggregates",295.7,456.2,404.1,512.9,"Age-sex standardised rate per 100,000",NA,NA,NA,NA,NA,NA,NA
"Psychiatric patient hospitalisations","S12000050","2","2012/13 to 2014/15 financial years; 3-year aggregates",210,320.5,278.1,367.4,"Age-sex standardised rate per 100,000",NA,NA,NA,NA,NA,NA,NA
"Psychiatric patient hospitalisations","S12000050","3","2012/13 to 2014/15 financial years; 3-year aggregates",178,265.2,227.2,307.6,"Age-sex standardised rate per 100,000",NA,NA,NA,NA,NA,NA,NA
"Psychiatric patient hospitalisations","S12000050","4","2012/13 to 2014/15 financial years; 3-year aggregates",138,219.2,183.3,260,"Age-sex standardised rate per 100,000",NA,NA,NA,NA,NA,NA,NA
"Psychiatric patient hospitalisations","S12000050","5 - least deprived","2012/13 to 2014/15 financial years; 3-year aggregates",70.3,121.5,92.9,155.8,"Age-sex standardised rate per 100,000",NA,NA,NA,NA,NA,NA,NA
"Psychiatric patient hospitalisations","S12000050","Total","2012/13 to 2014/15 financial years; 3-year aggregates",892,276,257.8,295.2,"Age-sex standardised rate per 100,000",69.7,44.6,94.8,384.9,246.5,523.2,56.3
"Psychiatric patient hospitalisations","S12000050","1 - most deprived","2013/14 to 2015/16 financial years; 3-year aggregates",262,406.5,357.4,460.2,"Age-sex standardised rate per 100,000",NA,NA,NA,NA,NA,NA,NA
"Psychiatric patient hospitalisations","S12000050","2","2013/14 to 2015/16 financial years; 3-year aggregates",185,283.9,244.1,328.4,"Age-sex standardised rate per 100,000",NA,NA,NA,NA,NA,NA,NA
"Psychiatric patient hospitalisations","S12000050","3","2013/14 to 2015/16 financial years; 3-year aggregates",165,246.2,209.6,287.2,"Age-sex standardised rate per 100,000",NA,NA,NA,NA,NA,NA,NA
"Psychiatric patient hospitalisations","S12000050","4","2013/14 to 2015/16 financial years; 3-year aggregates",117,186.8,153.7,224.7,"Age-sex standardised rate per 100,000",NA,NA,NA,NA,NA,NA,NA
"Psychiatric patient hospitalisations","S12000050","5 - least deprived","2013/14 to 2015/16 financial years; 3-year aggregates",59,99.5,74.7,129.5,"Age-sex standardised rate per 100,000",NA,NA,NA,NA,NA,NA,NA
"Psychiatric patient hospitalisations","S12000050","Total","2013/14 to 2015/16 financial years; 3-year aggregates",788,244.1,227,262.1,"Age-sex standardised rate per 100,000",72.8,49.1,96.5,355.2,239.6,470.9,59.4
"Psychiatric patient hospitalisations","S12000050","1 - most deprived","2014/15 to 2016/17 financial years; 3-year aggregates",238,371.7,324.9,423.2,"Age-sex standardised rate per 100,000",NA,NA,NA,NA,NA,NA,NA
"Psychiatric patient hospitalisations","S12000050","2","2014/15 to 2016/17 financial years; 3-year aggregates",167.3,256.6,218.8,299,"Age-sex standardised rate per 100,000",NA,NA,NA,NA,NA,NA,NA
"Psychiatric patient hospitalisations","S12000050","3","2014/15 to 2016/17 financial years; 3-year aggregates",153.7,233.8,197.4,274.8,"Age-sex standardised rate per 100,000",NA,NA,NA,NA,NA,NA,NA
"Psychiatric patient hospitalisations","S12000050","4","2014/15 to 2016/17 financial years; 3-year aggregates",112.3,178.1,146,215.1,"Age-sex standardised rate per 100,000",NA,NA,NA,NA,NA,NA,NA
"Psychiatric patient hospitalisations","S12000050","5 - least deprived","2014/15 to 2016/17 financial years; 3-year aggregates",56.3,93.3,69.6,122.4,"Age-sex standardised rate per 100,000",NA,NA,NA,NA,NA,NA,NA
"Psychiatric patient hospitalisations","S12000050","Total","2014/15 to 2016/17 financial years; 3-year aggregates",727.7,225.9,209.4,243.3,"Age-sex standardised rate per 100,000",70.2,43.3,97.2,317.3,195.5,439.2,58.8
"Psychiatric patient hospitalisations","S12000050","1 - most deprived","2015/16 to 2017/18 financial years; 3-year aggregates",239.3,373.1,326.4,424.5,"Age-sex standardised rate per 100,000",NA,NA,NA,NA,NA,NA,NA
"Psychiatric patient hospitalisations","S12000050","2","2015/16 to 2017/18 financial years; 3-year aggregates",162,248.9,211.7,290.8,"Age-sex standardised rate per 100,000",NA,NA,NA,NA,NA,NA,NA
"Psychiatric patient hospitalisations","S12000050","3","2015/16 to 2017/18 financial years; 3-year aggregates",144.7,222,186.4,262.3,"Age-sex standardised rate per 100,000",NA,NA,NA,NA,NA,NA,NA
"Psychiatric patient hospitalisations","S12000050","4","2015/16 to 2017/18 financial years; 3-year aggregates",121.3,191.3,158.1,229.2,"Age-sex standardised rate per 100,000",NA,NA,NA,NA,NA,NA,NA
"Psychiatric patient hospitalisations","S12000050","5 - least deprived","2015/16 to 2017/18 financial years; 3-year aggregates",50.3,82.4,60.3,109.6,"Age-sex standardised rate per 100,000",NA,NA,NA,NA,NA,NA,NA
"Psychiatric patient hospitalisations","S12000050","Total","2015/16 to 2017/18 financial years; 3-year aggregates",717.7,222.8,206.5,240.1,"Age-sex standardised rate per 100,000",71.6,35,108.2,319.1,156.1,482.2,63.1
"Psychiatric patient hospitalisations","S12000050","1 - most deprived","2016/17 to 2018/19 financial years; 3-year aggregates",237.7,370,323.7,421,"Age-sex standardised rate per 100,000",NA,NA,NA,NA,NA,NA,NA
"Psychiatric patient hospitalisations","S12000050","2","2016/17 to 2018/19 financial years; 3-year aggregates",154.3,237.2,200.9,278.2,"Age-sex standardised rate per 100,000",NA,NA,NA,NA,NA,NA,NA
"Psychiatric patient hospitalisations","S12000050","3","2016/17 to 2018/19 financial years; 3-year aggregates",130.3,200.4,166.5,239.1,"Age-sex standardised rate per 100,000",NA,NA,NA,NA,NA,NA,NA
"Psychiatric patient hospitalisations","S12000050","4","2016/17 to 2018/19 financial years; 3-year aggregates",123,189.7,157.2,226.9,"Age-sex standardised rate per 100,000",NA,NA,NA,NA,NA,NA,NA
"Psychiatric patient hospitalisations","S12000050","5 - least deprived","2016/17 to 2018/19 financial years; 3-year aggregates",50,81.5,59.3,108.9,"Age-sex standardised rate per 100,000",NA,NA,NA,NA,NA,NA,NA
"Psychiatric patient hospitalisations","S12000050","Total","2016/17 to 2018/19 financial years; 3-year aggregates",695.3,214.6,198.7,231.5,"Age-sex standardised rate per 100,000",72.6,28.6,116.6,311.5,122.7,500.4,62.2
"Psychiatric patient hospitalisations","S12000050","1 - most deprived","2017/18 to 2019/20 financial years; 3-year aggregates",232,364.7,318.4,415.6,"Age-sex standardised rate per 100,000",NA,NA,NA,NA,NA,NA,NA
"Psychiatric patient hospitalisations","S12000050","2","2017/18 to 2019/20 financial years; 3-year aggregates",156,238.9,202.5,279.9,"Age-sex standardised rate per 100,000",NA,NA,NA,NA,NA,NA,NA
"Psychiatric patient hospitalisations","S12000050","3","2017/18 to 2019/20 financial years; 3-year aggregates",125,187.9,155.9,224.5,"Age-sex standardised rate per 100,000",NA,NA,NA,NA,NA,NA,NA
"Psychiatric patient hospitalisations","S12000050","4","2017/18 to 2019/20 financial years; 3-year aggregates",115,178.2,146.6,214.5,"Age-sex standardised rate per 100,000",NA,NA,NA,NA,NA,NA,NA
"Psychiatric patient hospitalisations","S12000050","5 - least deprived","2017/18 to 2019/20 financial years; 3-year aggregates",54.7,88.3,65.4,116.4,"Age-sex standardised rate per 100,000",NA,NA,NA,NA,NA,NA,NA
"Psychiatric patient hospitalisations","S12000050","Total","2017/18 to 2019/20 financial years; 3-year aggregates",682.7,210.1,194.4,226.7,"Age-sex standardised rate per 100,000",72.7,32,113.4,305.6,134.6,476.5,58.2
