"indicator","geography_code","quintile","period","numerator","indicator_measure","lower_confidence_interval","upper_confidence_interval","definition","relative_inequality_gap","lower_confidence_interval_relative_ineq","upper_confidence_interval_relative_ineq","absolute_inequality_gap","lower_confidence_interval_absolute_ineq","upper_confidence_interval_absolute_ineq","population_attributable_risk"
"Psychiatric patient hospitalisations","S12000029","1 - most deprived","2002/03 to 2004/05 financial years; 3-year aggregates",327.3,572,509.6,639.8,"Age-sex standardised rate per 100,000",NA,NA,NA,NA,NA,NA,NA
"Psychiatric patient hospitalisations","S12000029","2","2002/03 to 2004/05 financial years; 3-year aggregates",279,490.8,429.9,557.4,"Age-sex standardised rate per 100,000",NA,NA,NA,NA,NA,NA,NA
"Psychiatric patient hospitalisations","S12000029","3","2002/03 to 2004/05 financial years; 3-year aggregates",224.3,399.1,345.1,458.7,"Age-sex standardised rate per 100,000",NA,NA,NA,NA,NA,NA,NA
"Psychiatric patient hospitalisations","S12000029","4","2002/03 to 2004/05 financial years; 3-year aggregates",155.7,279.6,234.7,330.2,"Age-sex standardised rate per 100,000",NA,NA,NA,NA,NA,NA,NA
"Psychiatric patient hospitalisations","S12000029","5 - least deprived","2002/03 to 2004/05 financial years; 3-year aggregates",100.7,201.9,160.2,250.4,"Age-sex standardised rate per 100,000",NA,NA,NA,NA,NA,NA,NA
"Psychiatric patient hospitalisations","S12000029","Total","2002/03 to 2004/05 financial years; 3-year aggregates",1087,387.6,363.2,413.1,"Age-sex standardised rate per 100,000",61.3,53.7,68.9,475.3,416.6,533.9,47.9
"Psychiatric patient hospitalisations","S12000029","1 - most deprived","2003/04 to 2005/06 financial years; 3-year aggregates",316.7,554.4,492.2,622.1,"Age-sex standardised rate per 100,000",NA,NA,NA,NA,NA,NA,NA
"Psychiatric patient hospitalisations","S12000029","2","2003/04 to 2005/06 financial years; 3-year aggregates",261.3,455.5,397.8,518.8,"Age-sex standardised rate per 100,000",NA,NA,NA,NA,NA,NA,NA
"Psychiatric patient hospitalisations","S12000029","3","2003/04 to 2005/06 financial years; 3-year aggregates",207.3,360.3,309.4,416.6,"Age-sex standardised rate per 100,000",NA,NA,NA,NA,NA,NA,NA
"Psychiatric patient hospitalisations","S12000029","4","2003/04 to 2005/06 financial years; 3-year aggregates",142.3,257.4,213.6,307.1,"Age-sex standardised rate per 100,000",NA,NA,NA,NA,NA,NA,NA
"Psychiatric patient hospitalisations","S12000029","5 - least deprived","2003/04 to 2005/06 financial years; 3-year aggregates",96.3,192.5,151.9,239.8,"Age-sex standardised rate per 100,000",NA,NA,NA,NA,NA,NA,NA
"Psychiatric patient hospitalisations","S12000029","Total","2003/04 to 2005/06 financial years; 3-year aggregates",1024,362.7,339.2,387.4,"Age-sex standardised rate per 100,000",63.5,55.2,71.8,460.4,400.1,520.7,47.1
"Psychiatric patient hospitalisations","S12000029","1 - most deprived","2004/05 to 2006/07 financial years; 3-year aggregates",307.3,531.3,470.9,596.9,"Age-sex standardised rate per 100,000",NA,NA,NA,NA,NA,NA,NA
"Psychiatric patient hospitalisations","S12000029","2","2004/05 to 2006/07 financial years; 3-year aggregates",250,423.1,369.2,482.2,"Age-sex standardised rate per 100,000",NA,NA,NA,NA,NA,NA,NA
"Psychiatric patient hospitalisations","S12000029","3","2004/05 to 2006/07 financial years; 3-year aggregates",197.7,339.9,290.3,394.9,"Age-sex standardised rate per 100,000",NA,NA,NA,NA,NA,NA,NA
"Psychiatric patient hospitalisations","S12000029","4","2004/05 to 2006/07 financial years; 3-year aggregates",128.7,233.6,192.1,281,"Age-sex standardised rate per 100,000",NA,NA,NA,NA,NA,NA,NA
"Psychiatric patient hospitalisations","S12000029","5 - least deprived","2004/05 to 2006/07 financial years; 3-year aggregates",92.7,185.2,146,231,"Age-sex standardised rate per 100,000",NA,NA,NA,NA,NA,NA,NA
"Psychiatric patient hospitalisations","S12000029","Total","2004/05 to 2006/07 financial years; 3-year aggregates",976.3,341.5,318.9,365.1,"Age-sex standardised rate per 100,000",64.5,51.2,77.8,440.6,349.9,531.3,46
"Psychiatric patient hospitalisations","S12000029","1 - most deprived","2005/06 to 2007/08 financial years; 3-year aggregates",294,503.1,445.4,566,"Age-sex standardised rate per 100,000",NA,NA,NA,NA,NA,NA,NA
"Psychiatric patient hospitalisations","S12000029","2","2005/06 to 2007/08 financial years; 3-year aggregates",234.3,388,338.6,442.4,"Age-sex standardised rate per 100,000",NA,NA,NA,NA,NA,NA,NA
"Psychiatric patient hospitalisations","S12000029","3","2005/06 to 2007/08 financial years; 3-year aggregates",200,338.6,289.4,393.4,"Age-sex standardised rate per 100,000",NA,NA,NA,NA,NA,NA,NA
"Psychiatric patient hospitalisations","S12000029","4","2005/06 to 2007/08 financial years; 3-year aggregates",122.7,219.4,179.3,265.2,"Age-sex standardised rate per 100,000",NA,NA,NA,NA,NA,NA,NA
"Psychiatric patient hospitalisations","S12000029","5 - least deprived","2005/06 to 2007/08 financial years; 3-year aggregates",82,155.7,121.8,195.6,"Age-sex standardised rate per 100,000",NA,NA,NA,NA,NA,NA,NA
"Psychiatric patient hospitalisations","S12000029","Total","2005/06 to 2007/08 financial years; 3-year aggregates",933,319.7,298.5,342,"Age-sex standardised rate per 100,000",67.5,52.7,82.2,431.3,337,525.6,51.6
"Psychiatric patient hospitalisations","S12000029","1 - most deprived","2006/07 to 2008/09 financial years; 3-year aggregates",290.7,487.2,431.8,547.6,"Age-sex standardised rate per 100,000",NA,NA,NA,NA,NA,NA,NA
"Psychiatric patient hospitalisations","S12000029","2","2006/07 to 2008/09 financial years; 3-year aggregates",241.7,391,342.6,444.3,"Age-sex standardised rate per 100,000",NA,NA,NA,NA,NA,NA,NA
"Psychiatric patient hospitalisations","S12000029","3","2006/07 to 2008/09 financial years; 3-year aggregates",199,332.8,285.4,385.4,"Age-sex standardised rate per 100,000",NA,NA,NA,NA,NA,NA,NA
"Psychiatric patient hospitalisations","S12000029","4","2006/07 to 2008/09 financial years; 3-year aggregates",119,207.9,170.1,251.2,"Age-sex standardised rate per 100,000",NA,NA,NA,NA,NA,NA,NA
"Psychiatric patient hospitalisations","S12000029","5 - least deprived","2006/07 to 2008/09 financial years; 3-year aggregates",78.7,144.1,112.7,181.3,"Age-sex standardised rate per 100,000",NA,NA,NA,NA,NA,NA,NA
"Psychiatric patient hospitalisations","S12000029","Total","2006/07 to 2008/09 financial years; 3-year aggregates",929,311.9,291.5,333.3,"Age-sex standardised rate per 100,000",69.6,56.2,82.9,433.9,350.6,517.1,54
"Psychiatric patient hospitalisations","S12000029","1 - most deprived","2007/08 to 2009/10 financial years; 3-year aggregates",286,474.8,420.5,534.2,"Age-sex standardised rate per 100,000",NA,NA,NA,NA,NA,NA,NA
"Psychiatric patient hospitalisations","S12000029","2","2007/08 to 2009/10 financial years; 3-year aggregates",229,368.8,321.8,420.6,"Age-sex standardised rate per 100,000",NA,NA,NA,NA,NA,NA,NA
"Psychiatric patient hospitalisations","S12000029","3","2007/08 to 2009/10 financial years; 3-year aggregates",193.7,319.8,274.1,370.7,"Age-sex standardised rate per 100,000",NA,NA,NA,NA,NA,NA,NA
"Psychiatric patient hospitalisations","S12000029","4","2007/08 to 2009/10 financial years; 3-year aggregates",121.3,207,169.9,249.5,"Age-sex standardised rate per 100,000",NA,NA,NA,NA,NA,NA,NA
"Psychiatric patient hospitalisations","S12000029","5 - least deprived","2007/08 to 2009/10 financial years; 3-year aggregates",84.7,155.8,122.9,194.6,"Age-sex standardised rate per 100,000",NA,NA,NA,NA,NA,NA,NA
"Psychiatric patient hospitalisations","S12000029","Total","2007/08 to 2009/10 financial years; 3-year aggregates",914.7,304.6,284.6,325.6,"Age-sex standardised rate per 100,000",65.5,50.4,80.6,398.9,307.1,490.8,49.1
"Psychiatric patient hospitalisations","S12000029","1 - most deprived","2008/09 to 2010/11 financial years; 3-year aggregates",293.7,478.4,424.5,537,"Age-sex standardised rate per 100,000",NA,NA,NA,NA,NA,NA,NA
"Psychiatric patient hospitalisations","S12000029","2","2008/09 to 2010/11 financial years; 3-year aggregates",229,363.4,317.2,414.4,"Age-sex standardised rate per 100,000",NA,NA,NA,NA,NA,NA,NA
"Psychiatric patient hospitalisations","S12000029","3","2008/09 to 2010/11 financial years; 3-year aggregates",181.3,295.5,252.5,343.5,"Age-sex standardised rate per 100,000",NA,NA,NA,NA,NA,NA,NA
"Psychiatric patient hospitalisations","S12000029","4","2008/09 to 2010/11 financial years; 3-year aggregates",117.7,197.7,162.4,238.2,"Age-sex standardised rate per 100,000",NA,NA,NA,NA,NA,NA,NA
"Psychiatric patient hospitalisations","S12000029","5 - least deprived","2008/09 to 2010/11 financial years; 3-year aggregates",86.3,159.5,126.3,198.6,"Age-sex standardised rate per 100,000",NA,NA,NA,NA,NA,NA,NA
"Psychiatric patient hospitalisations","S12000029","Total","2008/09 to 2010/11 financial years; 3-year aggregates",908,298.8,279.2,319.3,"Age-sex standardised rate per 100,000",67.2,48.7,85.6,401.3,290.9,511.7,46.8
"Psychiatric patient hospitalisations","S12000029","1 - most deprived","2009/10 to 2011/12 financial years; 3-year aggregates",277.3,445,393.6,501.3,"Age-sex standardised rate per 100,000",NA,NA,NA,NA,NA,NA,NA
"Psychiatric patient hospitalisations","S12000029","2","2009/10 to 2011/12 financial years; 3-year aggregates",218.3,345.3,300.4,395,"Age-sex standardised rate per 100,000",NA,NA,NA,NA,NA,NA,NA
"Psychiatric patient hospitalisations","S12000029","3","2009/10 to 2011/12 financial years; 3-year aggregates",158.3,256.7,217.2,301.2,"Age-sex standardised rate per 100,000",NA,NA,NA,NA,NA,NA,NA
"Psychiatric patient hospitalisations","S12000029","4","2009/10 to 2011/12 financial years; 3-year aggregates",112.7,189,154.6,228.5,"Age-sex standardised rate per 100,000",NA,NA,NA,NA,NA,NA,NA
"Psychiatric patient hospitalisations","S12000029","5 - least deprived","2009/10 to 2011/12 financial years; 3-year aggregates",89.3,161.5,128.6,200,"Age-sex standardised rate per 100,000",NA,NA,NA,NA,NA,NA,NA
"Psychiatric patient hospitalisations","S12000029","Total","2009/10 to 2011/12 financial years; 3-year aggregates",856,280.2,261.4,300,"Age-sex standardised rate per 100,000",64.6,41.6,87.5,362,233.4,490.6,42.4
"Psychiatric patient hospitalisations","S12000029","1 - most deprived","2010/11 to 2012/13 financial years; 3-year aggregates",287,457.7,405.5,514.6,"Age-sex standardised rate per 100,000",NA,NA,NA,NA,NA,NA,NA
"Psychiatric patient hospitalisations","S12000029","2","2010/11 to 2012/13 financial years; 3-year aggregates",224,352.8,307.7,402.6,"Age-sex standardised rate per 100,000",NA,NA,NA,NA,NA,NA,NA
"Psychiatric patient hospitalisations","S12000029","3","2010/11 to 2012/13 financial years; 3-year aggregates",165.7,268.6,228.5,313.7,"Age-sex standardised rate per 100,000",NA,NA,NA,NA,NA,NA,NA
"Psychiatric patient hospitalisations","S12000029","4","2010/11 to 2012/13 financial years; 3-year aggregates",106.3,177.8,144.3,216.6,"Age-sex standardised rate per 100,000",NA,NA,NA,NA,NA,NA,NA
"Psychiatric patient hospitalisations","S12000029","5 - least deprived","2010/11 to 2012/13 financial years; 3-year aggregates",79.7,142.9,111.7,179.8,"Age-sex standardised rate per 100,000",NA,NA,NA,NA,NA,NA,NA
"Psychiatric patient hospitalisations","S12000029","Total","2010/11 to 2012/13 financial years; 3-year aggregates",862.7,281.1,262.3,300.9,"Age-sex standardised rate per 100,000",71.6,52,91.1,402.4,292.5,512.4,49.2
"Psychiatric patient hospitalisations","S12000029","1 - most deprived","2011/12 to 2013/14 financial years; 3-year aggregates",264,423.7,373.1,479.1,"Age-sex standardised rate per 100,000",NA,NA,NA,NA,NA,NA,NA
"Psychiatric patient hospitalisations","S12000029","2","2011/12 to 2013/14 financial years; 3-year aggregates",202.3,320.8,277.8,368.7,"Age-sex standardised rate per 100,000",NA,NA,NA,NA,NA,NA,NA
"Psychiatric patient hospitalisations","S12000029","3","2011/12 to 2013/14 financial years; 3-year aggregates",158.7,258.7,219.3,303.1,"Age-sex standardised rate per 100,000",NA,NA,NA,NA,NA,NA,NA
"Psychiatric patient hospitalisations","S12000029","4","2011/12 to 2013/14 financial years; 3-year aggregates",101.3,167.4,135.3,204.7,"Age-sex standardised rate per 100,000",NA,NA,NA,NA,NA,NA,NA
"Psychiatric patient hospitalisations","S12000029","5 - least deprived","2011/12 to 2013/14 financial years; 3-year aggregates",75.7,131.7,102.5,166.5,"Age-sex standardised rate per 100,000",NA,NA,NA,NA,NA,NA,NA
"Psychiatric patient hospitalisations","S12000029","Total","2011/12 to 2013/14 financial years; 3-year aggregates",802,261.8,243.6,280.9,"Age-sex standardised rate per 100,000",70.4,51.8,88.9,368.4,271.3,465.5,49.6
"Psychiatric patient hospitalisations","S12000029","1 - most deprived","2012/13 to 2014/15 financial years; 3-year aggregates",262.7,430,378.3,486.8,"Age-sex standardised rate per 100,000",NA,NA,NA,NA,NA,NA,NA
"Psychiatric patient hospitalisations","S12000029","2","2012/13 to 2014/15 financial years; 3-year aggregates",183.3,290.8,249.9,336.5,"Age-sex standardised rate per 100,000",NA,NA,NA,NA,NA,NA,NA
"Psychiatric patient hospitalisations","S12000029","3","2012/13 to 2014/15 financial years; 3-year aggregates",166.7,270.2,230,315.3,"Age-sex standardised rate per 100,000",NA,NA,NA,NA,NA,NA,NA
"Psychiatric patient hospitalisations","S12000029","4","2012/13 to 2014/15 financial years; 3-year aggregates",96.7,158.1,127.3,194,"Age-sex standardised rate per 100,000",NA,NA,NA,NA,NA,NA,NA
"Psychiatric patient hospitalisations","S12000029","5 - least deprived","2012/13 to 2014/15 financial years; 3-year aggregates",70.7,121.1,93.3,154.4,"Age-sex standardised rate per 100,000",NA,NA,NA,NA,NA,NA,NA
"Psychiatric patient hospitalisations","S12000029","Total","2012/13 to 2014/15 financial years; 3-year aggregates",780,254.6,236.7,273.5,"Age-sex standardised rate per 100,000",73.7,41.8,105.5,375.1,213.1,537.1,52.4
"Psychiatric patient hospitalisations","S12000029","1 - most deprived","2013/14 to 2015/16 financial years; 3-year aggregates",233,382.6,334.1,436.2,"Age-sex standardised rate per 100,000",NA,NA,NA,NA,NA,NA,NA
"Psychiatric patient hospitalisations","S12000029","2","2013/14 to 2015/16 financial years; 3-year aggregates",177.7,282.1,241.7,327.2,"Age-sex standardised rate per 100,000",NA,NA,NA,NA,NA,NA,NA
"Psychiatric patient hospitalisations","S12000029","3","2013/14 to 2015/16 financial years; 3-year aggregates",155.7,250.3,211.8,293.5,"Age-sex standardised rate per 100,000",NA,NA,NA,NA,NA,NA,NA
"Psychiatric patient hospitalisations","S12000029","4","2013/14 to 2015/16 financial years; 3-year aggregates",95.7,155.5,125.4,190.6,"Age-sex standardised rate per 100,000",NA,NA,NA,NA,NA,NA,NA
"Psychiatric patient hospitalisations","S12000029","5 - least deprived","2013/14 to 2015/16 financial years; 3-year aggregates",69.3,113.5,87.9,144.2,"Age-sex standardised rate per 100,000",NA,NA,NA,NA,NA,NA,NA
"Psychiatric patient hospitalisations","S12000029","Total","2013/14 to 2015/16 financial years; 3-year aggregates",731.3,237.5,220.3,255.6,"Age-sex standardised rate per 100,000",69.9,49.6,90.3,332.2,235.4,428.9,52.1
"Psychiatric patient hospitalisations","S12000029","1 - most deprived","2014/15 to 2016/17 financial years; 3-year aggregates",221,363.6,316.6,415.6,"Age-sex standardised rate per 100,000",NA,NA,NA,NA,NA,NA,NA
"Psychiatric patient hospitalisations","S12000029","2","2014/15 to 2016/17 financial years; 3-year aggregates",187.7,300.5,258.6,347.1,"Age-sex standardised rate per 100,000",NA,NA,NA,NA,NA,NA,NA
"Psychiatric patient hospitalisations","S12000029","3","2014/15 to 2016/17 financial years; 3-year aggregates",159,254.7,216,298.2,"Age-sex standardised rate per 100,000",NA,NA,NA,NA,NA,NA,NA
"Psychiatric patient hospitalisations","S12000029","4","2014/15 to 2016/17 financial years; 3-year aggregates",100.7,161.8,131.3,197.3,"Age-sex standardised rate per 100,000",NA,NA,NA,NA,NA,NA,NA
"Psychiatric patient hospitalisations","S12000029","5 - least deprived","2014/15 to 2016/17 financial years; 3-year aggregates",73,122.4,95.1,154.9,"Age-sex standardised rate per 100,000",NA,NA,NA,NA,NA,NA,NA
"Psychiatric patient hospitalisations","S12000029","Total","2014/15 to 2016/17 financial years; 3-year aggregates",741.3,240.3,223.1,258.5,"Age-sex standardised rate per 100,000",64.6,50.9,78.4,310.7,244.5,376.8,49
"Psychiatric patient hospitalisations","S12000029","1 - most deprived","2015/16 to 2017/18 financial years; 3-year aggregates",211.3,343.1,298.1,392.8,"Age-sex standardised rate per 100,000",NA,NA,NA,NA,NA,NA,NA
"Psychiatric patient hospitalisations","S12000029","2","2015/16 to 2017/18 financial years; 3-year aggregates",187.3,300,258.2,346.7,"Age-sex standardised rate per 100,000",NA,NA,NA,NA,NA,NA,NA
"Psychiatric patient hospitalisations","S12000029","3","2015/16 to 2017/18 financial years; 3-year aggregates",151.3,239.6,202.5,281.6,"Age-sex standardised rate per 100,000",NA,NA,NA,NA,NA,NA,NA
"Psychiatric patient hospitalisations","S12000029","4","2015/16 to 2017/18 financial years; 3-year aggregates",103,166.7,135.5,202.8,"Age-sex standardised rate per 100,000",NA,NA,NA,NA,NA,NA,NA
"Psychiatric patient hospitalisations","S12000029","5 - least deprived","2015/16 to 2017/18 financial years; 3-year aggregates",67.7,112.2,86.3,143.2,"Age-sex standardised rate per 100,000",NA,NA,NA,NA,NA,NA,NA
"Psychiatric patient hospitalisations","S12000029","Total","2015/16 to 2017/18 financial years; 3-year aggregates",720.7,232.1,215.3,249.8,"Age-sex standardised rate per 100,000",64.1,54.8,73.3,297.5,254.6,340.4,51.6
"Psychiatric patient hospitalisations","S12000029","1 - most deprived","2016/17 to 2018/19 financial years; 3-year aggregates",222.3,363.3,316.8,414.6,"Age-sex standardised rate per 100,000",NA,NA,NA,NA,NA,NA,NA
"Psychiatric patient hospitalisations","S12000029","2","2016/17 to 2018/19 financial years; 3-year aggregates",178.7,285.6,244.9,331.1,"Age-sex standardised rate per 100,000",NA,NA,NA,NA,NA,NA,NA
"Psychiatric patient hospitalisations","S12000029","3","2016/17 to 2018/19 financial years; 3-year aggregates",139.7,222.2,186.3,262.9,"Age-sex standardised rate per 100,000",NA,NA,NA,NA,NA,NA,NA
"Psychiatric patient hospitalisations","S12000029","4","2016/17 to 2018/19 financial years; 3-year aggregates",97.7,158.8,128.2,194.3,"Age-sex standardised rate per 100,000",NA,NA,NA,NA,NA,NA,NA
"Psychiatric patient hospitalisations","S12000029","5 - least deprived","2016/17 to 2018/19 financial years; 3-year aggregates",66,111.1,85,142.5,"Age-sex standardised rate per 100,000",NA,NA,NA,NA,NA,NA,NA
"Psychiatric patient hospitalisations","S12000029","Total","2016/17 to 2018/19 financial years; 3-year aggregates",704.3,227.3,210.6,244.9,"Age-sex standardised rate per 100,000",69.4,58.6,80.2,315.3,266.1,364.4,51.2
"Psychiatric patient hospitalisations","S12000029","1 - most deprived","2017/18 to 2019/20 financial years; 3-year aggregates",231.3,378.5,331,430.9,"Age-sex standardised rate per 100,000",NA,NA,NA,NA,NA,NA,NA
"Psychiatric patient hospitalisations","S12000029","2","2017/18 to 2019/20 financial years; 3-year aggregates",177.3,279.7,239.7,324.4,"Age-sex standardised rate per 100,000",NA,NA,NA,NA,NA,NA,NA
"Psychiatric patient hospitalisations","S12000029","3","2017/18 to 2019/20 financial years; 3-year aggregates",130.7,206.3,171.9,245.4,"Age-sex standardised rate per 100,000",NA,NA,NA,NA,NA,NA,NA
"Psychiatric patient hospitalisations","S12000029","4","2017/18 to 2019/20 financial years; 3-year aggregates",94.7,153.8,123.8,188.8,"Age-sex standardised rate per 100,000",NA,NA,NA,NA,NA,NA,NA
"Psychiatric patient hospitalisations","S12000029","5 - least deprived","2017/18 to 2019/20 financial years; 3-year aggregates",63,104.4,79.3,134.8,"Age-sex standardised rate per 100,000",NA,NA,NA,NA,NA,NA,NA
"Psychiatric patient hospitalisations","S12000029","Total","2017/18 to 2019/20 financial years; 3-year aggregates",697,223.7,207.2,241.1,"Age-sex standardised rate per 100,000",75.2,53.6,96.8,336.4,240,432.9,53.4
