"indicator","geography_code","quintile","period","numerator","indicator_measure","lower_confidence_interval","upper_confidence_interval","definition","relative_inequality_gap","lower_confidence_interval_relative_ineq","upper_confidence_interval_relative_ineq","absolute_inequality_gap","lower_confidence_interval_absolute_ineq","upper_confidence_interval_absolute_ineq","population_attributable_risk"
"Psychiatric patient hospitalisations","S12000020","1 - most deprived","2002/03 to 2004/05 financial years; 3-year aggregates",89.3,535.9,426.2,664.4,"Age-sex standardised rate per 100,000",NA,NA,NA,NA,NA,NA,NA
"Psychiatric patient hospitalisations","S12000020","2","2002/03 to 2004/05 financial years; 3-year aggregates",53.7,350.4,248.3,475.6,"Age-sex standardised rate per 100,000",NA,NA,NA,NA,NA,NA,NA
"Psychiatric patient hospitalisations","S12000020","3","2002/03 to 2004/05 financial years; 3-year aggregates",46.3,289.3,202.5,397.3,"Age-sex standardised rate per 100,000",NA,NA,NA,NA,NA,NA,NA
"Psychiatric patient hospitalisations","S12000020","4","2002/03 to 2004/05 financial years; 3-year aggregates",56.3,333.2,247.3,438,"Age-sex standardised rate per 100,000",NA,NA,NA,NA,NA,NA,NA
"Psychiatric patient hospitalisations","S12000020","5 - least deprived","2002/03 to 2004/05 financial years; 3-year aggregates",39,240.5,166.7,334.2,"Age-sex standardised rate per 100,000",NA,NA,NA,NA,NA,NA,NA
"Psychiatric patient hospitalisations","S12000020","Total","2002/03 to 2004/05 financial years; 3-year aggregates",284.7,346.2,304.1,392.1,"Age-sex standardised rate per 100,000",43.7,-5.1,92.5,302.3,-35.5,640.1,31.2
"Psychiatric patient hospitalisations","S12000020","1 - most deprived","2003/04 to 2005/06 financial years; 3-year aggregates",89,531.8,422.6,659.7,"Age-sex standardised rate per 100,000",NA,NA,NA,NA,NA,NA,NA
"Psychiatric patient hospitalisations","S12000020","2","2003/04 to 2005/06 financial years; 3-year aggregates",55.3,335,242.6,447.8,"Age-sex standardised rate per 100,000",NA,NA,NA,NA,NA,NA,NA
"Psychiatric patient hospitalisations","S12000020","3","2003/04 to 2005/06 financial years; 3-year aggregates",48,290.5,207,394,"Age-sex standardised rate per 100,000",NA,NA,NA,NA,NA,NA,NA
"Psychiatric patient hospitalisations","S12000020","4","2003/04 to 2005/06 financial years; 3-year aggregates",55.3,321.5,240.1,421,"Age-sex standardised rate per 100,000",NA,NA,NA,NA,NA,NA,NA
"Psychiatric patient hospitalisations","S12000020","5 - least deprived","2003/04 to 2005/06 financial years; 3-year aggregates",36.7,219.5,148.9,309.8,"Age-sex standardised rate per 100,000",NA,NA,NA,NA,NA,NA,NA
"Psychiatric patient hospitalisations","S12000020","Total","2003/04 to 2005/06 financial years; 3-year aggregates",284.3,336.4,296.2,380.4,"Age-sex standardised rate per 100,000",47,-3,97,316.1,-20.4,652.6,35.3
"Psychiatric patient hospitalisations","S12000020","1 - most deprived","2004/05 to 2006/07 financial years; 3-year aggregates",86.3,506,402.8,627.2,"Age-sex standardised rate per 100,000",NA,NA,NA,NA,NA,NA,NA
"Psychiatric patient hospitalisations","S12000020","2","2004/05 to 2006/07 financial years; 3-year aggregates",51.3,300.1,218.6,400.5,"Age-sex standardised rate per 100,000",NA,NA,NA,NA,NA,NA,NA
"Psychiatric patient hospitalisations","S12000020","3","2004/05 to 2006/07 financial years; 3-year aggregates",44.3,258.1,186.6,347.7,"Age-sex standardised rate per 100,000",NA,NA,NA,NA,NA,NA,NA
"Psychiatric patient hospitalisations","S12000020","4","2004/05 to 2006/07 financial years; 3-year aggregates",55.3,318.8,238.4,417,"Age-sex standardised rate per 100,000",NA,NA,NA,NA,NA,NA,NA
"Psychiatric patient hospitalisations","S12000020","5 - least deprived","2004/05 to 2006/07 financial years; 3-year aggregates",32,197.7,129.8,286.1,"Age-sex standardised rate per 100,000",NA,NA,NA,NA,NA,NA,NA
"Psychiatric patient hospitalisations","S12000020","Total","2004/05 to 2006/07 financial years; 3-year aggregates",269.3,314.6,276.8,355.9,"Age-sex standardised rate per 100,000",46.8,-15.2,108.8,294.3,-95.8,684.4,37.4
"Psychiatric patient hospitalisations","S12000020","1 - most deprived","2005/06 to 2007/08 financial years; 3-year aggregates",87,499.1,397.9,617.9,"Age-sex standardised rate per 100,000",NA,NA,NA,NA,NA,NA,NA
"Psychiatric patient hospitalisations","S12000020","2","2005/06 to 2007/08 financial years; 3-year aggregates",49,289.1,211.1,385.7,"Age-sex standardised rate per 100,000",NA,NA,NA,NA,NA,NA,NA
"Psychiatric patient hospitalisations","S12000020","3","2005/06 to 2007/08 financial years; 3-year aggregates",42,242.6,173.7,329.2,"Age-sex standardised rate per 100,000",NA,NA,NA,NA,NA,NA,NA
"Psychiatric patient hospitalisations","S12000020","4","2005/06 to 2007/08 financial years; 3-year aggregates",48,271.8,197.7,363.7,"Age-sex standardised rate per 100,000",NA,NA,NA,NA,NA,NA,NA
"Psychiatric patient hospitalisations","S12000020","5 - least deprived","2005/06 to 2007/08 financial years; 3-year aggregates",28.7,182.7,117.2,269.3,"Age-sex standardised rate per 100,000",NA,NA,NA,NA,NA,NA,NA
"Psychiatric patient hospitalisations","S12000020","Total","2005/06 to 2007/08 financial years; 3-year aggregates",254.7,296,259.6,335.9,"Age-sex standardised rate per 100,000",54.3,-6.5,115.2,321.7,-38.3,681.7,38.5
"Psychiatric patient hospitalisations","S12000020","1 - most deprived","2006/07 to 2008/09 financial years; 3-year aggregates",79.7,462.9,361.2,583.2,"Age-sex standardised rate per 100,000",NA,NA,NA,NA,NA,NA,NA
"Psychiatric patient hospitalisations","S12000020","2","2006/07 to 2008/09 financial years; 3-year aggregates",48,289.8,210.5,388,"Age-sex standardised rate per 100,000",NA,NA,NA,NA,NA,NA,NA
"Psychiatric patient hospitalisations","S12000020","3","2006/07 to 2008/09 financial years; 3-year aggregates",39,226.3,159.6,310.9,"Age-sex standardised rate per 100,000",NA,NA,NA,NA,NA,NA,NA
"Psychiatric patient hospitalisations","S12000020","4","2006/07 to 2008/09 financial years; 3-year aggregates",39,220.3,153.8,304.7,"Age-sex standardised rate per 100,000",NA,NA,NA,NA,NA,NA,NA
"Psychiatric patient hospitalisations","S12000020","5 - least deprived","2006/07 to 2008/09 financial years; 3-year aggregates",31.7,199.4,132.7,286.5,"Age-sex standardised rate per 100,000",NA,NA,NA,NA,NA,NA,NA
"Psychiatric patient hospitalisations","S12000020","Total","2006/07 to 2008/09 financial years; 3-year aggregates",237.3,277.5,242,316.7,"Age-sex standardised rate per 100,000",53.5,-0.9,108,297.2,-4.9,599.3,28.7
"Psychiatric patient hospitalisations","S12000020","1 - most deprived","2007/08 to 2009/10 financial years; 3-year aggregates",73,411.1,317.7,522.4,"Age-sex standardised rate per 100,000",NA,NA,NA,NA,NA,NA,NA
"Psychiatric patient hospitalisations","S12000020","2","2007/08 to 2009/10 financial years; 3-year aggregates",46.7,270.8,196.1,363.6,"Age-sex standardised rate per 100,000",NA,NA,NA,NA,NA,NA,NA
"Psychiatric patient hospitalisations","S12000020","3","2007/08 to 2009/10 financial years; 3-year aggregates",33.7,191.7,131.3,269.9,"Age-sex standardised rate per 100,000",NA,NA,NA,NA,NA,NA,NA
"Psychiatric patient hospitalisations","S12000020","4","2007/08 to 2009/10 financial years; 3-year aggregates",31.3,169.9,113.5,243.5,"Age-sex standardised rate per 100,000",NA,NA,NA,NA,NA,NA,NA
"Psychiatric patient hospitalisations","S12000020","5 - least deprived","2007/08 to 2009/10 financial years; 3-year aggregates",30.7,184.8,124.2,264.3,"Age-sex standardised rate per 100,000",NA,NA,NA,NA,NA,NA,NA
"Psychiatric patient hospitalisations","S12000020","Total","2007/08 to 2009/10 financial years; 3-year aggregates",215.3,245.1,212.5,281.2,"Age-sex standardised rate per 100,000",56.7,-0.9,114.3,277.9,-4.7,560.5,25
"Psychiatric patient hospitalisations","S12000020","1 - most deprived","2008/09 to 2010/11 financial years; 3-year aggregates",63.7,355,268.9,458.8,"Age-sex standardised rate per 100,000",NA,NA,NA,NA,NA,NA,NA
"Psychiatric patient hospitalisations","S12000020","2","2008/09 to 2010/11 financial years; 3-year aggregates",50,280.4,205.6,372.8,"Age-sex standardised rate per 100,000",NA,NA,NA,NA,NA,NA,NA
"Psychiatric patient hospitalisations","S12000020","3","2008/09 to 2010/11 financial years; 3-year aggregates",36.3,205.2,143,285,"Age-sex standardised rate per 100,000",NA,NA,NA,NA,NA,NA,NA
"Psychiatric patient hospitalisations","S12000020","4","2008/09 to 2010/11 financial years; 3-year aggregates",28.3,151.2,99.6,219.4,"Age-sex standardised rate per 100,000",NA,NA,NA,NA,NA,NA,NA
"Psychiatric patient hospitalisations","S12000020","5 - least deprived","2008/09 to 2010/11 financial years; 3-year aggregates",29,169,112.7,243.2,"Age-sex standardised rate per 100,000",NA,NA,NA,NA,NA,NA,NA
"Psychiatric patient hospitalisations","S12000020","Total","2008/09 to 2010/11 financial years; 3-year aggregates",207.3,232.8,201.4,267.7,"Age-sex standardised rate per 100,000",54,17.7,90.3,251.7,82.6,420.7,27.5
"Psychiatric patient hospitalisations","S12000020","1 - most deprived","2009/10 to 2011/12 financial years; 3-year aggregates",53.3,289.1,216.1,378.7,"Age-sex standardised rate per 100,000",NA,NA,NA,NA,NA,NA,NA
"Psychiatric patient hospitalisations","S12000020","2","2009/10 to 2011/12 financial years; 3-year aggregates",48,264.3,193.1,352.7,"Age-sex standardised rate per 100,000",NA,NA,NA,NA,NA,NA,NA
"Psychiatric patient hospitalisations","S12000020","3","2009/10 to 2011/12 financial years; 3-year aggregates",34,187.7,129.2,263.4,"Age-sex standardised rate per 100,000",NA,NA,NA,NA,NA,NA,NA
"Psychiatric patient hospitalisations","S12000020","4","2009/10 to 2011/12 financial years; 3-year aggregates",30.3,160,106.8,229.9,"Age-sex standardised rate per 100,000",NA,NA,NA,NA,NA,NA,NA
"Psychiatric patient hospitalisations","S12000020","5 - least deprived","2009/10 to 2011/12 financial years; 3-year aggregates",28.3,162.4,107.6,235,"Age-sex standardised rate per 100,000",NA,NA,NA,NA,NA,NA,NA
"Psychiatric patient hospitalisations","S12000020","Total","2009/10 to 2011/12 financial years; 3-year aggregates",194,212.2,183,244.7,"Age-sex standardised rate per 100,000",42.3,15.2,69.4,179.6,64.4,294.8,23.9
"Psychiatric patient hospitalisations","S12000020","1 - most deprived","2010/11 to 2012/13 financial years; 3-year aggregates",55.3,306.8,230.1,400.4,"Age-sex standardised rate per 100,000",NA,NA,NA,NA,NA,NA,NA
"Psychiatric patient hospitalisations","S12000020","2","2010/11 to 2012/13 financial years; 3-year aggregates",54.3,294.3,219.5,385.9,"Age-sex standardised rate per 100,000",NA,NA,NA,NA,NA,NA,NA
"Psychiatric patient hospitalisations","S12000020","3","2010/11 to 2012/13 financial years; 3-year aggregates",37.3,205.6,143.6,284.8,"Age-sex standardised rate per 100,000",NA,NA,NA,NA,NA,NA,NA
"Psychiatric patient hospitalisations","S12000020","4","2010/11 to 2012/13 financial years; 3-year aggregates",33.3,178.4,121.3,252.4,"Age-sex standardised rate per 100,000",NA,NA,NA,NA,NA,NA,NA
"Psychiatric patient hospitalisations","S12000020","5 - least deprived","2010/11 to 2012/13 financial years; 3-year aggregates",31,178.5,120.7,254.1,"Age-sex standardised rate per 100,000",NA,NA,NA,NA,NA,NA,NA
"Psychiatric patient hospitalisations","S12000020","Total","2010/11 to 2012/13 financial years; 3-year aggregates",211.3,232.6,201.8,266.6,"Age-sex standardised rate per 100,000",40.2,12.3,68.1,186.9,57.2,316.6,23.6
"Psychiatric patient hospitalisations","S12000020","1 - most deprived","2011/12 to 2013/14 financial years; 3-year aggregates",55.7,314,236,409.4,"Age-sex standardised rate per 100,000",NA,NA,NA,NA,NA,NA,NA
"Psychiatric patient hospitalisations","S12000020","2","2011/12 to 2013/14 financial years; 3-year aggregates",57,303.2,228.1,394.7,"Age-sex standardised rate per 100,000",NA,NA,NA,NA,NA,NA,NA
"Psychiatric patient hospitalisations","S12000020","3","2011/12 to 2013/14 financial years; 3-year aggregates",36,200.1,138.9,278.5,"Age-sex standardised rate per 100,000",NA,NA,NA,NA,NA,NA,NA
"Psychiatric patient hospitalisations","S12000020","4","2011/12 to 2013/14 financial years; 3-year aggregates",30.7,160.7,107.3,230.5,"Age-sex standardised rate per 100,000",NA,NA,NA,NA,NA,NA,NA
"Psychiatric patient hospitalisations","S12000020","5 - least deprived","2011/12 to 2013/14 financial years; 3-year aggregates",32.3,186,126.7,263.2,"Age-sex standardised rate per 100,000",NA,NA,NA,NA,NA,NA,NA
"Psychiatric patient hospitalisations","S12000020","Total","2011/12 to 2013/14 financial years; 3-year aggregates",211.7,232,201.4,265.9,"Age-sex standardised rate per 100,000",43.3,3.3,83.2,200.7,15.2,386.2,20.3
"Psychiatric patient hospitalisations","S12000020","1 - most deprived","2012/13 to 2014/15 financial years; 3-year aggregates",59.7,330.3,251.1,426.4,"Age-sex standardised rate per 100,000",NA,NA,NA,NA,NA,NA,NA
"Psychiatric patient hospitalisations","S12000020","2","2012/13 to 2014/15 financial years; 3-year aggregates",55,290.8,218.1,379.7,"Age-sex standardised rate per 100,000",NA,NA,NA,NA,NA,NA,NA
"Psychiatric patient hospitalisations","S12000020","3","2012/13 to 2014/15 financial years; 3-year aggregates",35.7,199.6,138.1,278.5,"Age-sex standardised rate per 100,000",NA,NA,NA,NA,NA,NA,NA
"Psychiatric patient hospitalisations","S12000020","4","2012/13 to 2014/15 financial years; 3-year aggregates",29.3,156.3,103.7,225.6,"Age-sex standardised rate per 100,000",NA,NA,NA,NA,NA,NA,NA
"Psychiatric patient hospitalisations","S12000020","5 - least deprived","2012/13 to 2014/15 financial years; 3-year aggregates",32.3,182.5,123.9,258.8,"Age-sex standardised rate per 100,000",NA,NA,NA,NA,NA,NA,NA
"Psychiatric patient hospitalisations","S12000020","Total","2012/13 to 2014/15 financial years; 3-year aggregates",212,232,201.4,265.9,"Age-sex standardised rate per 100,000",46.4,8,84.7,215.2,37.1,393.2,21.3
"Psychiatric patient hospitalisations","S12000020","1 - most deprived","2013/14 to 2015/16 financial years; 3-year aggregates",57.7,311.2,235.7,403.2,"Age-sex standardised rate per 100,000",NA,NA,NA,NA,NA,NA,NA
"Psychiatric patient hospitalisations","S12000020","2","2013/14 to 2015/16 financial years; 3-year aggregates",47.7,248.8,182.8,330.8,"Age-sex standardised rate per 100,000",NA,NA,NA,NA,NA,NA,NA
"Psychiatric patient hospitalisations","S12000020","3","2013/14 to 2015/16 financial years; 3-year aggregates",34.3,185.8,127.6,261,"Age-sex standardised rate per 100,000",NA,NA,NA,NA,NA,NA,NA
"Psychiatric patient hospitalisations","S12000020","4","2013/14 to 2015/16 financial years; 3-year aggregates",28.7,157.9,104.4,228.6,"Age-sex standardised rate per 100,000",NA,NA,NA,NA,NA,NA,NA
"Psychiatric patient hospitalisations","S12000020","5 - least deprived","2013/14 to 2015/16 financial years; 3-year aggregates",30.7,163.8,110.1,234.3,"Age-sex standardised rate per 100,000",NA,NA,NA,NA,NA,NA,NA
"Psychiatric patient hospitalisations","S12000020","Total","2013/14 to 2015/16 financial years; 3-year aggregates",199,213.4,184.5,245.6,"Age-sex standardised rate per 100,000",45,13.1,77,192.2,55.9,328.5,23.2
"Psychiatric patient hospitalisations","S12000020","1 - most deprived","2014/15 to 2016/17 financial years; 3-year aggregates",56.3,298.1,225,387.3,"Age-sex standardised rate per 100,000",NA,NA,NA,NA,NA,NA,NA
"Psychiatric patient hospitalisations","S12000020","2","2014/15 to 2016/17 financial years; 3-year aggregates",39.7,203.6,144.5,278.5,"Age-sex standardised rate per 100,000",NA,NA,NA,NA,NA,NA,NA
"Psychiatric patient hospitalisations","S12000020","3","2014/15 to 2016/17 financial years; 3-year aggregates",35.3,187.9,129.5,263.1,"Age-sex standardised rate per 100,000",NA,NA,NA,NA,NA,NA,NA
"Psychiatric patient hospitalisations","S12000020","4","2014/15 to 2016/17 financial years; 3-year aggregates",26.7,152.9,99.3,224.5,"Age-sex standardised rate per 100,000",NA,NA,NA,NA,NA,NA,NA
"Psychiatric patient hospitalisations","S12000020","5 - least deprived","2014/15 to 2016/17 financial years; 3-year aggregates",30.3,160.3,107.5,229.7,"Age-sex standardised rate per 100,000",NA,NA,NA,NA,NA,NA,NA
"Psychiatric patient hospitalisations","S12000020","Total","2014/15 to 2016/17 financial years; 3-year aggregates",188.3,200.1,172.2,231.2,"Age-sex standardised rate per 100,000",40.8,1.6,80.1,163.3,6.2,320.4,20.1
"Psychiatric patient hospitalisations","S12000020","1 - most deprived","2015/16 to 2017/18 financial years; 3-year aggregates",57,307.2,232.1,398.8,"Age-sex standardised rate per 100,000",NA,NA,NA,NA,NA,NA,NA
"Psychiatric patient hospitalisations","S12000020","2","2015/16 to 2017/18 financial years; 3-year aggregates",37,189.7,132.9,262.4,"Age-sex standardised rate per 100,000",NA,NA,NA,NA,NA,NA,NA
"Psychiatric patient hospitalisations","S12000020","3","2015/16 to 2017/18 financial years; 3-year aggregates",35.3,183.7,126.9,256.6,"Age-sex standardised rate per 100,000",NA,NA,NA,NA,NA,NA,NA
"Psychiatric patient hospitalisations","S12000020","4","2015/16 to 2017/18 financial years; 3-year aggregates",24.7,141.5,89.8,211.3,"Age-sex standardised rate per 100,000",NA,NA,NA,NA,NA,NA,NA
"Psychiatric patient hospitalisations","S12000020","5 - least deprived","2015/16 to 2017/18 financial years; 3-year aggregates",24,128,81.4,191.4,"Age-sex standardised rate per 100,000",NA,NA,NA,NA,NA,NA,NA
"Psychiatric patient hospitalisations","S12000020","Total","2015/16 to 2017/18 financial years; 3-year aggregates",178,188.8,161.8,219,"Age-sex standardised rate per 100,000",53.9,8.8,99,203.5,33.2,373.8,32.6
"Psychiatric patient hospitalisations","S12000020","1 - most deprived","2016/17 to 2018/19 financial years; 3-year aggregates",54.7,295.9,222.2,386.2,"Age-sex standardised rate per 100,000",NA,NA,NA,NA,NA,NA,NA
"Psychiatric patient hospitalisations","S12000020","2","2016/17 to 2018/19 financial years; 3-year aggregates",36.3,186.1,129.9,258.2,"Age-sex standardised rate per 100,000",NA,NA,NA,NA,NA,NA,NA
"Psychiatric patient hospitalisations","S12000020","3","2016/17 to 2018/19 financial years; 3-year aggregates",35.3,187.5,129.8,261.8,"Age-sex standardised rate per 100,000",NA,NA,NA,NA,NA,NA,NA
"Psychiatric patient hospitalisations","S12000020","4","2016/17 to 2018/19 financial years; 3-year aggregates",25.3,141.3,90.8,209.4,"Age-sex standardised rate per 100,000",NA,NA,NA,NA,NA,NA,NA
"Psychiatric patient hospitalisations","S12000020","5 - least deprived","2016/17 to 2018/19 financial years; 3-year aggregates",22.3,118.8,73.9,180.5,"Age-sex standardised rate per 100,000",NA,NA,NA,NA,NA,NA,NA
"Psychiatric patient hospitalisations","S12000020","Total","2016/17 to 2018/19 financial years; 3-year aggregates",174,185.4,158.6,215.4,"Age-sex standardised rate per 100,000",53.8,13.3,94.3,199.6,49.4,349.8,36.1
"Psychiatric patient hospitalisations","S12000020","1 - most deprived","2017/18 to 2019/20 financial years; 3-year aggregates",55,299.3,224.9,390.2,"Age-sex standardised rate per 100,000",NA,NA,NA,NA,NA,NA,NA
"Psychiatric patient hospitalisations","S12000020","2","2017/18 to 2019/20 financial years; 3-year aggregates",38,197.5,139,272,"Age-sex standardised rate per 100,000",NA,NA,NA,NA,NA,NA,NA
"Psychiatric patient hospitalisations","S12000020","3","2017/18 to 2019/20 financial years; 3-year aggregates",35.7,190.2,132,264.9,"Age-sex standardised rate per 100,000",NA,NA,NA,NA,NA,NA,NA
"Psychiatric patient hospitalisations","S12000020","4","2017/18 to 2019/20 financial years; 3-year aggregates",27.7,152.6,100.2,222.3,"Age-sex standardised rate per 100,000",NA,NA,NA,NA,NA,NA,NA
"Psychiatric patient hospitalisations","S12000020","5 - least deprived","2017/18 to 2019/20 financial years; 3-year aggregates",22,114.3,70.8,174.2,"Age-sex standardised rate per 100,000",NA,NA,NA,NA,NA,NA,NA
"Psychiatric patient hospitalisations","S12000020","Total","2017/18 to 2019/20 financial years; 3-year aggregates",178.3,190.2,163.1,220.6,"Age-sex standardised rate per 100,000",54.4,20.9,87.9,207.1,79.6,334.6,40
