"indicator","geography_code","quintile","period","numerator","indicator_measure","lower_confidence_interval","upper_confidence_interval","definition","relative_inequality_gap","lower_confidence_interval_relative_ineq","upper_confidence_interval_relative_ineq","absolute_inequality_gap","lower_confidence_interval_absolute_ineq","upper_confidence_interval_absolute_ineq","population_attributable_risk"
"Psychiatric patient hospitalisations","S12000048","1 - most deprived","2002/03 to 2004/05 financial years; 3-year aggregates",195.7,736.1,633.4,850.3,"Age-sex standardised rate per 100,000",NA,NA,NA,NA,NA,NA,NA
"Psychiatric patient hospitalisations","S12000048","2","2002/03 to 2004/05 financial years; 3-year aggregates",108.3,422.5,342.8,514.5,"Age-sex standardised rate per 100,000",NA,NA,NA,NA,NA,NA,NA
"Psychiatric patient hospitalisations","S12000048","3","2002/03 to 2004/05 financial years; 3-year aggregates",92.7,365.2,289.4,453.6,"Age-sex standardised rate per 100,000",NA,NA,NA,NA,NA,NA,NA
"Psychiatric patient hospitalisations","S12000048","4","2002/03 to 2004/05 financial years; 3-year aggregates",92,338.5,269.3,419.3,"Age-sex standardised rate per 100,000",NA,NA,NA,NA,NA,NA,NA
"Psychiatric patient hospitalisations","S12000048","5 - least deprived","2002/03 to 2004/05 financial years; 3-year aggregates",70.3,269.3,205.9,345.1,"Age-sex standardised rate per 100,000",NA,NA,NA,NA,NA,NA,NA
"Psychiatric patient hospitalisations","S12000048","Total","2002/03 to 2004/05 financial years; 3-year aggregates",559,428.7,392.4,467.5,"Age-sex standardised rate per 100,000",59.1,1.7,116.4,506.4,14.9,997.9,36.7
"Psychiatric patient hospitalisations","S12000048","1 - most deprived","2003/04 to 2005/06 financial years; 3-year aggregates",200.7,744.2,642.2,857.4,"Age-sex standardised rate per 100,000",NA,NA,NA,NA,NA,NA,NA
"Psychiatric patient hospitalisations","S12000048","2","2003/04 to 2005/06 financial years; 3-year aggregates",104.3,391.6,317.5,477.4,"Age-sex standardised rate per 100,000",NA,NA,NA,NA,NA,NA,NA
"Psychiatric patient hospitalisations","S12000048","3","2003/04 to 2005/06 financial years; 3-year aggregates",80.3,311.8,244.1,391.6,"Age-sex standardised rate per 100,000",NA,NA,NA,NA,NA,NA,NA
"Psychiatric patient hospitalisations","S12000048","4","2003/04 to 2005/06 financial years; 3-year aggregates",84,315.4,247.7,395,"Age-sex standardised rate per 100,000",NA,NA,NA,NA,NA,NA,NA
"Psychiatric patient hospitalisations","S12000048","5 - least deprived","2003/04 to 2005/06 financial years; 3-year aggregates",65,247.7,186.9,320.8,"Age-sex standardised rate per 100,000",NA,NA,NA,NA,NA,NA,NA
"Psychiatric patient hospitalisations","S12000048","Total","2003/04 to 2005/06 financial years; 3-year aggregates",534.3,404.3,369.5,441.4,"Age-sex standardised rate per 100,000",66.1,-7.7,140,534.6,-62.4,1131.6,38.4
"Psychiatric patient hospitalisations","S12000048","1 - most deprived","2004/05 to 2006/07 financial years; 3-year aggregates",199.7,728.5,628.1,840.1,"Age-sex standardised rate per 100,000",NA,NA,NA,NA,NA,NA,NA
"Psychiatric patient hospitalisations","S12000048","2","2004/05 to 2006/07 financial years; 3-year aggregates",107.3,393.7,320.1,478.6,"Age-sex standardised rate per 100,000",NA,NA,NA,NA,NA,NA,NA
"Psychiatric patient hospitalisations","S12000048","3","2004/05 to 2006/07 financial years; 3-year aggregates",72.3,280,217.6,354.5,"Age-sex standardised rate per 100,000",NA,NA,NA,NA,NA,NA,NA
"Psychiatric patient hospitalisations","S12000048","4","2004/05 to 2006/07 financial years; 3-year aggregates",82.7,302.3,236.4,380,"Age-sex standardised rate per 100,000",NA,NA,NA,NA,NA,NA,NA
"Psychiatric patient hospitalisations","S12000048","5 - least deprived","2004/05 to 2006/07 financial years; 3-year aggregates",59.3,222.5,165.6,291.5,"Age-sex standardised rate per 100,000",NA,NA,NA,NA,NA,NA,NA
"Psychiatric patient hospitalisations","S12000048","Total","2004/05 to 2006/07 financial years; 3-year aggregates",521.3,390.3,356.4,426.5,"Age-sex standardised rate per 100,000",71.1,-3.5,145.7,554.9,-27.4,1137.1,42.5
"Psychiatric patient hospitalisations","S12000048","1 - most deprived","2005/06 to 2007/08 financial years; 3-year aggregates",200.3,717.1,618,827.1,"Age-sex standardised rate per 100,000",NA,NA,NA,NA,NA,NA,NA
"Psychiatric patient hospitalisations","S12000048","2","2005/06 to 2007/08 financial years; 3-year aggregates",108,390.3,317.7,474,"Age-sex standardised rate per 100,000",NA,NA,NA,NA,NA,NA,NA
"Psychiatric patient hospitalisations","S12000048","3","2005/06 to 2007/08 financial years; 3-year aggregates",85.3,317.7,252,394.9,"Age-sex standardised rate per 100,000",NA,NA,NA,NA,NA,NA,NA
"Psychiatric patient hospitalisations","S12000048","4","2005/06 to 2007/08 financial years; 3-year aggregates",74.7,278.8,214.9,354.7,"Age-sex standardised rate per 100,000",NA,NA,NA,NA,NA,NA,NA
"Psychiatric patient hospitalisations","S12000048","5 - least deprived","2005/06 to 2007/08 financial years; 3-year aggregates",63,240,179,313.7,"Age-sex standardised rate per 100,000",NA,NA,NA,NA,NA,NA,NA
"Psychiatric patient hospitalisations","S12000048","Total","2005/06 to 2007/08 financial years; 3-year aggregates",531.3,392,358.2,428.1,"Age-sex standardised rate per 100,000",68.7,1.3,136.1,538.7,10.3,1067.1,38.7
"Psychiatric patient hospitalisations","S12000048","1 - most deprived","2006/07 to 2008/09 financial years; 3-year aggregates",202.7,717.2,617.7,827.7,"Age-sex standardised rate per 100,000",NA,NA,NA,NA,NA,NA,NA
"Psychiatric patient hospitalisations","S12000048","2","2006/07 to 2008/09 financial years; 3-year aggregates",113.3,415.5,339.8,502.6,"Age-sex standardised rate per 100,000",NA,NA,NA,NA,NA,NA,NA
"Psychiatric patient hospitalisations","S12000048","3","2006/07 to 2008/09 financial years; 3-year aggregates",94.7,342.7,275.2,421.4,"Age-sex standardised rate per 100,000",NA,NA,NA,NA,NA,NA,NA
"Psychiatric patient hospitalisations","S12000048","4","2006/07 to 2008/09 financial years; 3-year aggregates",75.7,286.6,220.8,364.6,"Age-sex standardised rate per 100,000",NA,NA,NA,NA,NA,NA,NA
"Psychiatric patient hospitalisations","S12000048","5 - least deprived","2006/07 to 2008/09 financial years; 3-year aggregates",74.3,274.2,210.4,350.1,"Age-sex standardised rate per 100,000",NA,NA,NA,NA,NA,NA,NA
"Psychiatric patient hospitalisations","S12000048","Total","2006/07 to 2008/09 financial years; 3-year aggregates",560.7,409.7,375.2,446.4,"Age-sex standardised rate per 100,000",63.1,2.8,123.3,516.7,22.8,1010.6,33.3
"Psychiatric patient hospitalisations","S12000048","1 - most deprived","2007/08 to 2009/10 financial years; 3-year aggregates",198.3,682.7,587.6,788.4,"Age-sex standardised rate per 100,000",NA,NA,NA,NA,NA,NA,NA
"Psychiatric patient hospitalisations","S12000048","2","2007/08 to 2009/10 financial years; 3-year aggregates",104,376,304.8,458.4,"Age-sex standardised rate per 100,000",NA,NA,NA,NA,NA,NA,NA
"Psychiatric patient hospitalisations","S12000048","3","2007/08 to 2009/10 financial years; 3-year aggregates",103.3,363.6,294.2,444,"Age-sex standardised rate per 100,000",NA,NA,NA,NA,NA,NA,NA
"Psychiatric patient hospitalisations","S12000048","4","2007/08 to 2009/10 financial years; 3-year aggregates",74,282,218.3,357.7,"Age-sex standardised rate per 100,000",NA,NA,NA,NA,NA,NA,NA
"Psychiatric patient hospitalisations","S12000048","5 - least deprived","2007/08 to 2009/10 financial years; 3-year aggregates",76.7,278.9,215.5,354,"Age-sex standardised rate per 100,000",NA,NA,NA,NA,NA,NA,NA
"Psychiatric patient hospitalisations","S12000048","Total","2007/08 to 2009/10 financial years; 3-year aggregates",556.3,399.8,366.1,435.6,"Age-sex standardised rate per 100,000",57.9,-3.4,119.2,462.7,-27.4,952.8,30.6
"Psychiatric patient hospitalisations","S12000048","1 - most deprived","2008/09 to 2010/11 financial years; 3-year aggregates",192,656.5,563.8,759.6,"Age-sex standardised rate per 100,000",NA,NA,NA,NA,NA,NA,NA
"Psychiatric patient hospitalisations","S12000048","2","2008/09 to 2010/11 financial years; 3-year aggregates",100,355.4,287.2,434.7,"Age-sex standardised rate per 100,000",NA,NA,NA,NA,NA,NA,NA
"Psychiatric patient hospitalisations","S12000048","3","2008/09 to 2010/11 financial years; 3-year aggregates",90.3,314.9,250.9,389.7,"Age-sex standardised rate per 100,000",NA,NA,NA,NA,NA,NA,NA
"Psychiatric patient hospitalisations","S12000048","4","2008/09 to 2010/11 financial years; 3-year aggregates",75.7,279.4,217.4,352.9,"Age-sex standardised rate per 100,000",NA,NA,NA,NA,NA,NA,NA
"Psychiatric patient hospitalisations","S12000048","5 - least deprived","2008/09 to 2010/11 financial years; 3-year aggregates",77.3,273.8,213.4,345.4,"Age-sex standardised rate per 100,000",NA,NA,NA,NA,NA,NA,NA
"Psychiatric patient hospitalisations","S12000048","Total","2008/09 to 2010/11 financial years; 3-year aggregates",535.3,380.4,348,414.9,"Age-sex standardised rate per 100,000",57,-10.6,124.5,433.4,-80.6,947.5,28
"Psychiatric patient hospitalisations","S12000048","1 - most deprived","2009/10 to 2011/12 financial years; 3-year aggregates",175,579.7,494.5,675.1,"Age-sex standardised rate per 100,000",NA,NA,NA,NA,NA,NA,NA
"Psychiatric patient hospitalisations","S12000048","2","2009/10 to 2011/12 financial years; 3-year aggregates",97,332.2,267.6,407.3,"Age-sex standardised rate per 100,000",NA,NA,NA,NA,NA,NA,NA
"Psychiatric patient hospitalisations","S12000048","3","2009/10 to 2011/12 financial years; 3-year aggregates",89.7,312.9,249.1,387.6,"Age-sex standardised rate per 100,000",NA,NA,NA,NA,NA,NA,NA
"Psychiatric patient hospitalisations","S12000048","4","2009/10 to 2011/12 financial years; 3-year aggregates",72,257.3,199.4,326.3,"Age-sex standardised rate per 100,000",NA,NA,NA,NA,NA,NA,NA
"Psychiatric patient hospitalisations","S12000048","5 - least deprived","2009/10 to 2011/12 financial years; 3-year aggregates",71.7,249.9,193.1,317.5,"Age-sex standardised rate per 100,000",NA,NA,NA,NA,NA,NA,NA
"Psychiatric patient hospitalisations","S12000048","Total","2009/10 to 2011/12 financial years; 3-year aggregates",505.3,352.3,321.6,385.1,"Age-sex standardised rate per 100,000",53.5,-2.9,110,377.2,-20.3,774.8,28.6
"Psychiatric patient hospitalisations","S12000048","1 - most deprived","2010/11 to 2012/13 financial years; 3-year aggregates",166.7,543.5,461.5,635.4,"Age-sex standardised rate per 100,000",NA,NA,NA,NA,NA,NA,NA
"Psychiatric patient hospitalisations","S12000048","2","2010/11 to 2012/13 financial years; 3-year aggregates",100,335.9,271.6,410.6,"Age-sex standardised rate per 100,000",NA,NA,NA,NA,NA,NA,NA
"Psychiatric patient hospitalisations","S12000048","3","2010/11 to 2012/13 financial years; 3-year aggregates",78.7,273.5,214.9,342.7,"Age-sex standardised rate per 100,000",NA,NA,NA,NA,NA,NA,NA
"Psychiatric patient hospitalisations","S12000048","4","2010/11 to 2012/13 financial years; 3-year aggregates",65.7,231.4,177.2,296.5,"Age-sex standardised rate per 100,000",NA,NA,NA,NA,NA,NA,NA
"Psychiatric patient hospitalisations","S12000048","5 - least deprived","2010/11 to 2012/13 financial years; 3-year aggregates",76,258.5,201.5,326.1,"Age-sex standardised rate per 100,000",NA,NA,NA,NA,NA,NA,NA
"Psychiatric patient hospitalisations","S12000048","Total","2010/11 to 2012/13 financial years; 3-year aggregates",487,334.8,305.2,366.5,"Age-sex standardised rate per 100,000",51.7,-6.2,109.5,346,-41.6,733.5,22.1
"Psychiatric patient hospitalisations","S12000048","1 - most deprived","2011/12 to 2013/14 financial years; 3-year aggregates",167.3,537.2,456.5,627.7,"Age-sex standardised rate per 100,000",NA,NA,NA,NA,NA,NA,NA
"Psychiatric patient hospitalisations","S12000048","2","2011/12 to 2013/14 financial years; 3-year aggregates",98.7,323.2,260.9,395.5,"Age-sex standardised rate per 100,000",NA,NA,NA,NA,NA,NA,NA
"Psychiatric patient hospitalisations","S12000048","3","2011/12 to 2013/14 financial years; 3-year aggregates",81,281,221.6,351,"Age-sex standardised rate per 100,000",NA,NA,NA,NA,NA,NA,NA
"Psychiatric patient hospitalisations","S12000048","4","2011/12 to 2013/14 financial years; 3-year aggregates",60.7,208.6,157.9,270,"Age-sex standardised rate per 100,000",NA,NA,NA,NA,NA,NA,NA
"Psychiatric patient hospitalisations","S12000048","5 - least deprived","2011/12 to 2013/14 financial years; 3-year aggregates",73.3,240.5,186.6,304.7,"Age-sex standardised rate per 100,000",NA,NA,NA,NA,NA,NA,NA
"Psychiatric patient hospitalisations","S12000048","Total","2011/12 to 2013/14 financial years; 3-year aggregates",481,327.2,298.1,358.4,"Age-sex standardised rate per 100,000",55.4,-2.4,113.2,362.7,-15.4,740.7,25.2
"Psychiatric patient hospitalisations","S12000048","1 - most deprived","2012/13 to 2014/15 financial years; 3-year aggregates",173.7,571.1,487.2,665.1,"Age-sex standardised rate per 100,000",NA,NA,NA,NA,NA,NA,NA
"Psychiatric patient hospitalisations","S12000048","2","2012/13 to 2014/15 financial years; 3-year aggregates",96,316.2,254.4,388.1,"Age-sex standardised rate per 100,000",NA,NA,NA,NA,NA,NA,NA
"Psychiatric patient hospitalisations","S12000048","3","2012/13 to 2014/15 financial years; 3-year aggregates",80.7,275.8,217.3,344.9,"Age-sex standardised rate per 100,000",NA,NA,NA,NA,NA,NA,NA
"Psychiatric patient hospitalisations","S12000048","4","2012/13 to 2014/15 financial years; 3-year aggregates",57,196.4,147.6,255.9,"Age-sex standardised rate per 100,000",NA,NA,NA,NA,NA,NA,NA
"Psychiatric patient hospitalisations","S12000048","5 - least deprived","2012/13 to 2014/15 financial years; 3-year aggregates",74,229.4,177.9,290.6,"Age-sex standardised rate per 100,000",NA,NA,NA,NA,NA,NA,NA
"Psychiatric patient hospitalisations","S12000048","Total","2012/13 to 2014/15 financial years; 3-year aggregates",481.3,325,296.1,355.9,"Age-sex standardised rate per 100,000",62.9,-5.9,131.7,408.7,-38.4,855.9,28.4
"Psychiatric patient hospitalisations","S12000048","1 - most deprived","2013/14 to 2015/16 financial years; 3-year aggregates",177,601.1,513.5,699.1,"Age-sex standardised rate per 100,000",NA,NA,NA,NA,NA,NA,NA
"Psychiatric patient hospitalisations","S12000048","2","2013/14 to 2015/16 financial years; 3-year aggregates",94,312.9,251.1,385,"Age-sex standardised rate per 100,000",NA,NA,NA,NA,NA,NA,NA
"Psychiatric patient hospitalisations","S12000048","3","2013/14 to 2015/16 financial years; 3-year aggregates",85.7,287,227.9,356.5,"Age-sex standardised rate per 100,000",NA,NA,NA,NA,NA,NA,NA
"Psychiatric patient hospitalisations","S12000048","4","2013/14 to 2015/16 financial years; 3-year aggregates",54.7,186.4,139.4,244,"Age-sex standardised rate per 100,000",NA,NA,NA,NA,NA,NA,NA
"Psychiatric patient hospitalisations","S12000048","5 - least deprived","2013/14 to 2015/16 financial years; 3-year aggregates",68.7,203.9,156.5,260.6,"Age-sex standardised rate per 100,000",NA,NA,NA,NA,NA,NA,NA
"Psychiatric patient hospitalisations","S12000048","Total","2013/14 to 2015/16 financial years; 3-year aggregates",480,323.3,294.5,354.1,"Age-sex standardised rate per 100,000",71.9,-1.3,145,464.7,-8.1,937.5,36.3
"Psychiatric patient hospitalisations","S12000048","1 - most deprived","2014/15 to 2016/17 financial years; 3-year aggregates",172.7,596.5,508.6,695,"Age-sex standardised rate per 100,000",NA,NA,NA,NA,NA,NA,NA
"Psychiatric patient hospitalisations","S12000048","2","2014/15 to 2016/17 financial years; 3-year aggregates",99.3,334.5,270.1,409.2,"Age-sex standardised rate per 100,000",NA,NA,NA,NA,NA,NA,NA
"Psychiatric patient hospitalisations","S12000048","3","2014/15 to 2016/17 financial years; 3-year aggregates",89.3,288.9,230.6,357.1,"Age-sex standardised rate per 100,000",NA,NA,NA,NA,NA,NA,NA
"Psychiatric patient hospitalisations","S12000048","4","2014/15 to 2016/17 financial years; 3-year aggregates",55,183.9,137.7,240.3,"Age-sex standardised rate per 100,000",NA,NA,NA,NA,NA,NA,NA
"Psychiatric patient hospitalisations","S12000048","5 - least deprived","2014/15 to 2016/17 financial years; 3-year aggregates",68.7,204.3,156.2,261.9,"Age-sex standardised rate per 100,000",NA,NA,NA,NA,NA,NA,NA
"Psychiatric patient hospitalisations","S12000048","Total","2014/15 to 2016/17 financial years; 3-year aggregates",485,322.9,294.4,353.5,"Age-sex standardised rate per 100,000",72.4,5.4,139.3,467.5,35,900,36.5
"Psychiatric patient hospitalisations","S12000048","1 - most deprived","2015/16 to 2017/18 financial years; 3-year aggregates",167.7,571.3,486,667,"Age-sex standardised rate per 100,000",NA,NA,NA,NA,NA,NA,NA
"Psychiatric patient hospitalisations","S12000048","2","2015/16 to 2017/18 financial years; 3-year aggregates",108,361.8,295.2,438.7,"Age-sex standardised rate per 100,000",NA,NA,NA,NA,NA,NA,NA
"Psychiatric patient hospitalisations","S12000048","3","2015/16 to 2017/18 financial years; 3-year aggregates",83,269.8,213.6,336.1,"Age-sex standardised rate per 100,000",NA,NA,NA,NA,NA,NA,NA
"Psychiatric patient hospitalisations","S12000048","4","2015/16 to 2017/18 financial years; 3-year aggregates",55.7,184.2,138.3,240.4,"Age-sex standardised rate per 100,000",NA,NA,NA,NA,NA,NA,NA
"Psychiatric patient hospitalisations","S12000048","5 - least deprived","2015/16 to 2017/18 financial years; 3-year aggregates",61.7,186.9,140.9,242.5,"Age-sex standardised rate per 100,000",NA,NA,NA,NA,NA,NA,NA
"Psychiatric patient hospitalisations","S12000048","Total","2015/16 to 2017/18 financial years; 3-year aggregates",476,317.5,289.2,347.8,"Age-sex standardised rate per 100,000",74.5,20.4,128.5,472.8,129.6,816.1,40.6
"Psychiatric patient hospitalisations","S12000048","1 - most deprived","2016/17 to 2018/19 financial years; 3-year aggregates",158.7,527.5,447,617.9,"Age-sex standardised rate per 100,000",NA,NA,NA,NA,NA,NA,NA
"Psychiatric patient hospitalisations","S12000048","2","2016/17 to 2018/19 financial years; 3-year aggregates",102.7,344.9,280,420,"Age-sex standardised rate per 100,000",NA,NA,NA,NA,NA,NA,NA
"Psychiatric patient hospitalisations","S12000048","3","2016/17 to 2018/19 financial years; 3-year aggregates",79.3,255.6,201,320.2,"Age-sex standardised rate per 100,000",NA,NA,NA,NA,NA,NA,NA
"Psychiatric patient hospitalisations","S12000048","4","2016/17 to 2018/19 financial years; 3-year aggregates",59,192.9,146,249.8,"Age-sex standardised rate per 100,000",NA,NA,NA,NA,NA,NA,NA
"Psychiatric patient hospitalisations","S12000048","5 - least deprived","2016/17 to 2018/19 financial years; 3-year aggregates",55.3,168.4,124.7,221.8,"Age-sex standardised rate per 100,000",NA,NA,NA,NA,NA,NA,NA
"Psychiatric patient hospitalisations","S12000048","Total","2016/17 to 2018/19 financial years; 3-year aggregates",455,302.4,274.8,331.9,"Age-sex standardised rate per 100,000",71.8,26.7,117,434.5,161.2,707.7,43.4
"Psychiatric patient hospitalisations","S12000048","1 - most deprived","2017/18 to 2019/20 financial years; 3-year aggregates",152.7,500.4,422.8,587.9,"Age-sex standardised rate per 100,000",NA,NA,NA,NA,NA,NA,NA
"Psychiatric patient hospitalisations","S12000048","2","2017/18 to 2019/20 financial years; 3-year aggregates",98,329.9,266.4,403.7,"Age-sex standardised rate per 100,000",NA,NA,NA,NA,NA,NA,NA
"Psychiatric patient hospitalisations","S12000048","3","2017/18 to 2019/20 financial years; 3-year aggregates",72.3,238.9,185.3,302.7,"Age-sex standardised rate per 100,000",NA,NA,NA,NA,NA,NA,NA
"Psychiatric patient hospitalisations","S12000048","4","2017/18 to 2019/20 financial years; 3-year aggregates",63.3,208,158.9,267.2,"Age-sex standardised rate per 100,000",NA,NA,NA,NA,NA,NA,NA
"Psychiatric patient hospitalisations","S12000048","5 - least deprived","2017/18 to 2019/20 financial years; 3-year aggregates",47,139.6,100.5,188.1,"Age-sex standardised rate per 100,000",NA,NA,NA,NA,NA,NA,NA
"Psychiatric patient hospitalisations","S12000048","Total","2017/18 to 2019/20 financial years; 3-year aggregates",433.3,289.9,262.8,319,"Age-sex standardised rate per 100,000",72.7,32.3,113,421.3,187.4,655.2,50.7
