"indicator","geography_code","quintile","period","numerator","indicator_measure","lower_confidence_interval","upper_confidence_interval","definition","relative_inequality_gap","lower_confidence_interval_relative_ineq","upper_confidence_interval_relative_ineq","absolute_inequality_gap","lower_confidence_interval_absolute_ineq","upper_confidence_interval_absolute_ineq","population_attributable_risk"
"Psychiatric patient hospitalisations","S12000013","1 - most deprived","2002/03 to 2004/05 financial years; 3-year aggregates",19.7,375.8,219.4,595.1,"Age-sex standardised rate per 100,000",NA,NA,NA,NA,NA,NA,NA
"Psychiatric patient hospitalisations","S12000013","2","2002/03 to 2004/05 financial years; 3-year aggregates",20.7,447,264.4,700.9,"Age-sex standardised rate per 100,000",NA,NA,NA,NA,NA,NA,NA
"Psychiatric patient hospitalisations","S12000013","3","2002/03 to 2004/05 financial years; 3-year aggregates",23,477.2,294,727.4,"Age-sex standardised rate per 100,000",NA,NA,NA,NA,NA,NA,NA
"Psychiatric patient hospitalisations","S12000013","4","2002/03 to 2004/05 financial years; 3-year aggregates",22.3,444.8,269.3,685.7,"Age-sex standardised rate per 100,000",NA,NA,NA,NA,NA,NA,NA
"Psychiatric patient hospitalisations","S12000013","5 - least deprived","2002/03 to 2004/05 financial years; 3-year aggregates",21,437.6,239.4,712.5,"Age-sex standardised rate per 100,000",NA,NA,NA,NA,NA,NA,NA
"Psychiatric patient hospitalisations","S12000013","Total","2002/03 to 2004/05 financial years; 3-year aggregates",106.7,431.7,347.7,528.8,"Age-sex standardised rate per 100,000",-7.3,-29,14.4,-62.9,-250.1,124.4,-0.4
"Psychiatric patient hospitalisations","S12000013","1 - most deprived","2003/04 to 2005/06 financial years; 3-year aggregates",25.3,531.3,309.4,830,"Age-sex standardised rate per 100,000",NA,NA,NA,NA,NA,NA,NA
"Psychiatric patient hospitalisations","S12000013","2","2003/04 to 2005/06 financial years; 3-year aggregates",23.3,492.8,300.8,754.6,"Age-sex standardised rate per 100,000",NA,NA,NA,NA,NA,NA,NA
"Psychiatric patient hospitalisations","S12000013","3","2003/04 to 2005/06 financial years; 3-year aggregates",20.7,407.6,240.5,639.9,"Age-sex standardised rate per 100,000",NA,NA,NA,NA,NA,NA,NA
"Psychiatric patient hospitalisations","S12000013","4","2003/04 to 2005/06 financial years; 3-year aggregates",24.7,470.5,294.8,707.9,"Age-sex standardised rate per 100,000",NA,NA,NA,NA,NA,NA,NA
"Psychiatric patient hospitalisations","S12000013","5 - least deprived","2003/04 to 2005/06 financial years; 3-year aggregates",19,405.2,194.5,702.5,"Age-sex standardised rate per 100,000",NA,NA,NA,NA,NA,NA,NA
"Psychiatric patient hospitalisations","S12000013","Total","2003/04 to 2005/06 financial years; 3-year aggregates",113,448.3,362,547.6,"Age-sex standardised rate per 100,000",15.4,-6.6,37.4,138.3,-59.1,335.8,12.2
"Psychiatric patient hospitalisations","S12000013","1 - most deprived","2004/05 to 2006/07 financial years; 3-year aggregates",24.3,534.5,293.1,861.6,"Age-sex standardised rate per 100,000",NA,NA,NA,NA,NA,NA,NA
"Psychiatric patient hospitalisations","S12000013","2","2004/05 to 2006/07 financial years; 3-year aggregates",22.3,471.9,276.2,740.6,"Age-sex standardised rate per 100,000",NA,NA,NA,NA,NA,NA,NA
"Psychiatric patient hospitalisations","S12000013","3","2004/05 to 2006/07 financial years; 3-year aggregates",19,346.7,199.8,554,"Age-sex standardised rate per 100,000",NA,NA,NA,NA,NA,NA,NA
"Psychiatric patient hospitalisations","S12000013","4","2004/05 to 2006/07 financial years; 3-year aggregates",20.3,380.3,229.1,591.1,"Age-sex standardised rate per 100,000",NA,NA,NA,NA,NA,NA,NA
"Psychiatric patient hospitalisations","S12000013","5 - least deprived","2004/05 to 2006/07 financial years; 3-year aggregates",18.3,356.4,206.4,569.3,"Age-sex standardised rate per 100,000",NA,NA,NA,NA,NA,NA,NA
"Psychiatric patient hospitalisations","S12000013","Total","2004/05 to 2006/07 financial years; 3-year aggregates",104.3,401.7,321.9,493.9,"Age-sex standardised rate per 100,000",28.3,-1.9,58.4,227,-15.5,469.4,14.9
"Psychiatric patient hospitalisations","S12000013","1 - most deprived","2005/06 to 2007/08 financial years; 3-year aggregates",26,594.9,328.8,951.8,"Age-sex standardised rate per 100,000",NA,NA,NA,NA,NA,NA,NA
"Psychiatric patient hospitalisations","S12000013","2","2005/06 to 2007/08 financial years; 3-year aggregates",22.7,425.4,259.4,652.9,"Age-sex standardised rate per 100,000",NA,NA,NA,NA,NA,NA,NA
"Psychiatric patient hospitalisations","S12000013","3","2005/06 to 2007/08 financial years; 3-year aggregates",17.3,294.2,167.1,476.4,"Age-sex standardised rate per 100,000",NA,NA,NA,NA,NA,NA,NA
"Psychiatric patient hospitalisations","S12000013","4","2005/06 to 2007/08 financial years; 3-year aggregates",17,315.5,181.3,508.6,"Age-sex standardised rate per 100,000",NA,NA,NA,NA,NA,NA,NA
"Psychiatric patient hospitalisations","S12000013","5 - least deprived","2005/06 to 2007/08 financial years; 3-year aggregates",14.7,270.1,148.3,450.3,"Age-sex standardised rate per 100,000",NA,NA,NA,NA,NA,NA,NA
"Psychiatric patient hospitalisations","S12000013","Total","2005/06 to 2007/08 financial years; 3-year aggregates",97.7,368.2,294,454.5,"Age-sex standardised rate per 100,000",52.4,4.6,100.2,386.1,33.9,738.2,29.3
"Psychiatric patient hospitalisations","S12000013","1 - most deprived","2006/07 to 2008/09 financial years; 3-year aggregates",20.7,443.2,229.8,739.8,"Age-sex standardised rate per 100,000",NA,NA,NA,NA,NA,NA,NA
"Psychiatric patient hospitalisations","S12000013","2","2006/07 to 2008/09 financial years; 3-year aggregates",19,356.3,207.6,566.1,"Age-sex standardised rate per 100,000",NA,NA,NA,NA,NA,NA,NA
"Psychiatric patient hospitalisations","S12000013","3","2006/07 to 2008/09 financial years; 3-year aggregates",20.3,339.9,201.5,532.8,"Age-sex standardised rate per 100,000",NA,NA,NA,NA,NA,NA,NA
"Psychiatric patient hospitalisations","S12000013","4","2006/07 to 2008/09 financial years; 3-year aggregates",12,217.6,110.5,382.9,"Age-sex standardised rate per 100,000",NA,NA,NA,NA,NA,NA,NA
"Psychiatric patient hospitalisations","S12000013","5 - least deprived","2006/07 to 2008/09 financial years; 3-year aggregates",14.3,269.9,147.1,452.6,"Age-sex standardised rate per 100,000",NA,NA,NA,NA,NA,NA,NA
"Psychiatric patient hospitalisations","S12000013","Total","2006/07 to 2008/09 financial years; 3-year aggregates",86.3,322,254,401.8,"Age-sex standardised rate per 100,000",38.6,2.7,74.4,248.5,17.6,479.4,17
"Psychiatric patient hospitalisations","S12000013","1 - most deprived","2007/08 to 2009/10 financial years; 3-year aggregates",17,347,174.9,594.6,"Age-sex standardised rate per 100,000",NA,NA,NA,NA,NA,NA,NA
"Psychiatric patient hospitalisations","S12000013","2","2007/08 to 2009/10 financial years; 3-year aggregates",17.3,336.4,187.8,549.4,"Age-sex standardised rate per 100,000",NA,NA,NA,NA,NA,NA,NA
"Psychiatric patient hospitalisations","S12000013","3","2007/08 to 2009/10 financial years; 3-year aggregates",18,308.7,176.4,497.3,"Age-sex standardised rate per 100,000",NA,NA,NA,NA,NA,NA,NA
"Psychiatric patient hospitalisations","S12000013","4","2007/08 to 2009/10 financial years; 3-year aggregates",13,223,116.1,385.2,"Age-sex standardised rate per 100,000",NA,NA,NA,NA,NA,NA,NA
"Psychiatric patient hospitalisations","S12000013","5 - least deprived","2007/08 to 2009/10 financial years; 3-year aggregates",11.3,221.1,109.7,395.3,"Age-sex standardised rate per 100,000",NA,NA,NA,NA,NA,NA,NA
"Psychiatric patient hospitalisations","S12000013","Total","2007/08 to 2009/10 financial years; 3-year aggregates",76.7,286.8,222.8,362.6,"Age-sex standardised rate per 100,000",31.9,11.6,52.3,183.2,66.7,299.8,23
"Psychiatric patient hospitalisations","S12000013","1 - most deprived","2008/09 to 2010/11 financial years; 3-year aggregates",13.7,257.6,135.4,441.2,"Age-sex standardised rate per 100,000",NA,NA,NA,NA,NA,NA,NA
"Psychiatric patient hospitalisations","S12000013","2","2008/09 to 2010/11 financial years; 3-year aggregates",14,277.1,147.6,470.6,"Age-sex standardised rate per 100,000",NA,NA,NA,NA,NA,NA,NA
"Psychiatric patient hospitalisations","S12000013","3","2008/09 to 2010/11 financial years; 3-year aggregates",15.3,273,148.1,456.3,"Age-sex standardised rate per 100,000",NA,NA,NA,NA,NA,NA,NA
"Psychiatric patient hospitalisations","S12000013","4","2008/09 to 2010/11 financial years; 3-year aggregates",13,229.5,118.6,397.8,"Age-sex standardised rate per 100,000",NA,NA,NA,NA,NA,NA,NA
"Psychiatric patient hospitalisations","S12000013","5 - least deprived","2008/09 to 2010/11 financial years; 3-year aggregates",11.3,210.5,104.6,376,"Age-sex standardised rate per 100,000",NA,NA,NA,NA,NA,NA,NA
"Psychiatric patient hospitalisations","S12000013","Total","2008/09 to 2010/11 financial years; 3-year aggregates",67.3,250.8,192,321.4,"Age-sex standardised rate per 100,000",14,-6.6,34.5,70,-33,173.1,15.6
"Psychiatric patient hospitalisations","S12000013","1 - most deprived","2009/10 to 2011/12 financial years; 3-year aggregates",13.3,253.1,132.2,435.4,"Age-sex standardised rate per 100,000",NA,NA,NA,NA,NA,NA,NA
"Psychiatric patient hospitalisations","S12000013","2","2009/10 to 2011/12 financial years; 3-year aggregates",11.7,223.7,109.8,400.5,"Age-sex standardised rate per 100,000",NA,NA,NA,NA,NA,NA,NA
"Psychiatric patient hospitalisations","S12000013","3","2009/10 to 2011/12 financial years; 3-year aggregates",13.3,257.7,132.5,446.6,"Age-sex standardised rate per 100,000",NA,NA,NA,NA,NA,NA,NA
"Psychiatric patient hospitalisations","S12000013","4","2009/10 to 2011/12 financial years; 3-year aggregates",10.7,189.7,91.1,346.1,"Age-sex standardised rate per 100,000",NA,NA,NA,NA,NA,NA,NA
"Psychiatric patient hospitalisations","S12000013","5 - least deprived","2009/10 to 2011/12 financial years; 3-year aggregates",NA,175.9,81.1,329.7,"Age-sex standardised rate per 100,000",NA,NA,NA,NA,NA,NA,NA
"Psychiatric patient hospitalisations","S12000013","Total","2009/10 to 2011/12 financial years; 3-year aggregates",58.7,222.8,166.4,291.3,"Age-sex standardised rate per 100,000",21.2,-6.6,49,94.6,-29.2,218.5,20
"Psychiatric patient hospitalisations","S12000013","1 - most deprived","2010/11 to 2012/13 financial years; 3-year aggregates",14.3,276.2,147.4,467.7,"Age-sex standardised rate per 100,000",NA,NA,NA,NA,NA,NA,NA
"Psychiatric patient hospitalisations","S12000013","2","2010/11 to 2012/13 financial years; 3-year aggregates",11.3,218.6,106.5,393.8,"Age-sex standardised rate per 100,000",NA,NA,NA,NA,NA,NA,NA
"Psychiatric patient hospitalisations","S12000013","3","2010/11 to 2012/13 financial years; 3-year aggregates",12,232.5,113.3,416.4,"Age-sex standardised rate per 100,000",NA,NA,NA,NA,NA,NA,NA
"Psychiatric patient hospitalisations","S12000013","4","2010/11 to 2012/13 financial years; 3-year aggregates",NA,153,64.3,304.2,"Age-sex standardised rate per 100,000",NA,NA,NA,NA,NA,NA,NA
"Psychiatric patient hospitalisations","S12000013","5 - least deprived","2010/11 to 2012/13 financial years; 3-year aggregates",11.7,214.6,102,389.5,"Age-sex standardised rate per 100,000",NA,NA,NA,NA,NA,NA,NA
"Psychiatric patient hospitalisations","S12000013","Total","2010/11 to 2012/13 financial years; 3-year aggregates",57.3,218.6,162.6,286.7,"Age-sex standardised rate per 100,000",21.4,-22.3,65.1,93.4,-97.7,284.5,1.8
"Psychiatric patient hospitalisations","S12000013","1 - most deprived","2011/12 to 2013/14 financial years; 3-year aggregates",11,208.6,100,379.7,"Age-sex standardised rate per 100,000",NA,NA,NA,NA,NA,NA,NA
"Psychiatric patient hospitalisations","S12000013","2","2011/12 to 2013/14 financial years; 3-year aggregates",11.7,226.7,112.2,404.5,"Age-sex standardised rate per 100,000",NA,NA,NA,NA,NA,NA,NA
"Psychiatric patient hospitalisations","S12000013","3","2011/12 to 2013/14 financial years; 3-year aggregates",13,242,123.1,422.4,"Age-sex standardised rate per 100,000",NA,NA,NA,NA,NA,NA,NA
"Psychiatric patient hospitalisations","S12000013","4","2011/12 to 2013/14 financial years; 3-year aggregates",NA,118.3,43.9,254,"Age-sex standardised rate per 100,000",NA,NA,NA,NA,NA,NA,NA
"Psychiatric patient hospitalisations","S12000013","5 - least deprived","2011/12 to 2013/14 financial years; 3-year aggregates",11,197.1,93.1,360.8,"Age-sex standardised rate per 100,000",NA,NA,NA,NA,NA,NA,NA
"Psychiatric patient hospitalisations","S12000013","Total","2011/12 to 2013/14 financial years; 3-year aggregates",53,198.8,146.5,263,"Age-sex standardised rate per 100,000",16.7,-47,80.4,66.4,-186.9,319.7,0.6
"Psychiatric patient hospitalisations","S12000013","1 - most deprived","2012/13 to 2014/15 financial years; 3-year aggregates",NA,164.9,74.2,313.4,"Age-sex standardised rate per 100,000",NA,NA,NA,NA,NA,NA,NA
"Psychiatric patient hospitalisations","S12000013","2","2012/13 to 2014/15 financial years; 3-year aggregates",10.7,212.5,101.2,389.1,"Age-sex standardised rate per 100,000",NA,NA,NA,NA,NA,NA,NA
"Psychiatric patient hospitalisations","S12000013","3","2012/13 to 2014/15 financial years; 3-year aggregates",10.7,189.1,88.9,347.9,"Age-sex standardised rate per 100,000",NA,NA,NA,NA,NA,NA,NA
"Psychiatric patient hospitalisations","S12000013","4","2012/13 to 2014/15 financial years; 3-year aggregates",NA,113,40.5,247.4,"Age-sex standardised rate per 100,000",NA,NA,NA,NA,NA,NA,NA
"Psychiatric patient hospitalisations","S12000013","5 - least deprived","2012/13 to 2014/15 financial years; 3-year aggregates",NA,164.9,74.3,313.2,"Age-sex standardised rate per 100,000",NA,NA,NA,NA,NA,NA,NA
"Psychiatric patient hospitalisations","S12000013","Total","2012/13 to 2014/15 financial years; 3-year aggregates",46,169.7,122.6,228.3,"Age-sex standardised rate per 100,000",14.6,-42.5,71.7,49.6,-144,243.3,2.3
"Psychiatric patient hospitalisations","S12000013","1 - most deprived","2013/14 to 2015/16 financial years; 3-year aggregates",NA,150.6,67.1,288.5,"Age-sex standardised rate per 100,000",NA,NA,NA,NA,NA,NA,NA
"Psychiatric patient hospitalisations","S12000013","2","2013/14 to 2015/16 financial years; 3-year aggregates",NA,175.6,74.9,342.1,"Age-sex standardised rate per 100,000",NA,NA,NA,NA,NA,NA,NA
"Psychiatric patient hospitalisations","S12000013","3","2013/14 to 2015/16 financial years; 3-year aggregates",11,205.1,98.1,373.5,"Age-sex standardised rate per 100,000",NA,NA,NA,NA,NA,NA,NA
"Psychiatric patient hospitalisations","S12000013","4","2013/14 to 2015/16 financial years; 3-year aggregates",NA,98.9,32.8,226.1,"Age-sex standardised rate per 100,000",NA,NA,NA,NA,NA,NA,NA
"Psychiatric patient hospitalisations","S12000013","5 - least deprived","2013/14 to 2015/16 financial years; 3-year aggregates",NA,122,46.1,258.2,"Age-sex standardised rate per 100,000",NA,NA,NA,NA,NA,NA,NA
"Psychiatric patient hospitalisations","S12000013","Total","2013/14 to 2015/16 financial years; 3-year aggregates",41,150.3,106.6,205.5,"Age-sex standardised rate per 100,000",21.9,-48.6,92.5,65.9,-146.2,278,19
"Psychiatric patient hospitalisations","S12000013","1 - most deprived","2014/15 to 2016/17 financial years; 3-year aggregates",10,166.2,77.8,308.5,"Age-sex standardised rate per 100,000",NA,NA,NA,NA,NA,NA,NA
"Psychiatric patient hospitalisations","S12000013","2","2014/15 to 2016/17 financial years; 3-year aggregates",NA,166.4,66.4,334.9,"Age-sex standardised rate per 100,000",NA,NA,NA,NA,NA,NA,NA
"Psychiatric patient hospitalisations","S12000013","3","2014/15 to 2016/17 financial years; 3-year aggregates",NA,168.1,72.7,325.7,"Age-sex standardised rate per 100,000",NA,NA,NA,NA,NA,NA,NA
"Psychiatric patient hospitalisations","S12000013","4","2014/15 to 2016/17 financial years; 3-year aggregates",NA,136,53.2,282.6,"Age-sex standardised rate per 100,000",NA,NA,NA,NA,NA,NA,NA
"Psychiatric patient hospitalisations","S12000013","5 - least deprived","2014/15 to 2016/17 financial years; 3-year aggregates",NA,100.8,31.2,237.9,"Age-sex standardised rate per 100,000",NA,NA,NA,NA,NA,NA,NA
"Psychiatric patient hospitalisations","S12000013","Total","2014/15 to 2016/17 financial years; 3-year aggregates",39.3,147.9,103.8,203.7,"Age-sex standardised rate per 100,000",26.9,-2.2,56,79.6,-6.4,165.5,31.8
"Psychiatric patient hospitalisations","S12000013","1 - most deprived","2015/16 to 2017/18 financial years; 3-year aggregates",11,183.2,89.3,331.1,"Age-sex standardised rate per 100,000",NA,NA,NA,NA,NA,NA,NA
"Psychiatric patient hospitalisations","S12000013","2","2015/16 to 2017/18 financial years; 3-year aggregates",NA,171.2,71.7,335.6,"Age-sex standardised rate per 100,000",NA,NA,NA,NA,NA,NA,NA
"Psychiatric patient hospitalisations","S12000013","3","2015/16 to 2017/18 financial years; 3-year aggregates",NA,156.4,66.2,308.4,"Age-sex standardised rate per 100,000",NA,NA,NA,NA,NA,NA,NA
"Psychiatric patient hospitalisations","S12000013","4","2015/16 to 2017/18 financial years; 3-year aggregates",NA,133.9,51.5,279.6,"Age-sex standardised rate per 100,000",NA,NA,NA,NA,NA,NA,NA
"Psychiatric patient hospitalisations","S12000013","5 - least deprived","2015/16 to 2017/18 financial years; 3-year aggregates",NA,100.8,31.6,234,"Age-sex standardised rate per 100,000",NA,NA,NA,NA,NA,NA,NA
"Psychiatric patient hospitalisations","S12000013","Total","2015/16 to 2017/18 financial years; 3-year aggregates",40.7,148.7,105.1,203.7,"Age-sex standardised rate per 100,000",34,20.7,47.3,101.1,61.6,140.7,32.5
"Psychiatric patient hospitalisations","S12000013","1 - most deprived","2016/17 to 2018/19 financial years; 3-year aggregates",13,220.4,114.7,380.7,"Age-sex standardised rate per 100,000",NA,NA,NA,NA,NA,NA,NA
"Psychiatric patient hospitalisations","S12000013","2","2016/17 to 2018/19 financial years; 3-year aggregates",10.7,207.4,96.2,383.6,"Age-sex standardised rate per 100,000",NA,NA,NA,NA,NA,NA,NA
"Psychiatric patient hospitalisations","S12000013","3","2016/17 to 2018/19 financial years; 3-year aggregates",NA,162.6,70.5,316.2,"Age-sex standardised rate per 100,000",NA,NA,NA,NA,NA,NA,NA
"Psychiatric patient hospitalisations","S12000013","4","2016/17 to 2018/19 financial years; 3-year aggregates",NA,136.4,53.8,280.7,"Age-sex standardised rate per 100,000",NA,NA,NA,NA,NA,NA,NA
"Psychiatric patient hospitalisations","S12000013","5 - least deprived","2016/17 to 2018/19 financial years; 3-year aggregates",NA,130.3,51.6,267.7,"Age-sex standardised rate per 100,000",NA,NA,NA,NA,NA,NA,NA
"Psychiatric patient hospitalisations","S12000013","Total","2016/17 to 2018/19 financial years; 3-year aggregates",47,171.2,124.3,229.5,"Age-sex standardised rate per 100,000",36.8,19.9,53.7,126,68.2,183.8,24
"Psychiatric patient hospitalisations","S12000013","1 - most deprived","2017/18 to 2019/20 financial years; 3-year aggregates",15.3,271.9,149.4,451.6,"Age-sex standardised rate per 100,000",NA,NA,NA,NA,NA,NA,NA
"Psychiatric patient hospitalisations","S12000013","2","2017/18 to 2019/20 financial years; 3-year aggregates",10.3,184.3,84.3,344,"Age-sex standardised rate per 100,000",NA,NA,NA,NA,NA,NA,NA
"Psychiatric patient hospitalisations","S12000013","3","2017/18 to 2019/20 financial years; 3-year aggregates",NA,185.3,82.3,355.6,"Age-sex standardised rate per 100,000",NA,NA,NA,NA,NA,NA,NA
"Psychiatric patient hospitalisations","S12000013","4","2017/18 to 2019/20 financial years; 3-year aggregates",NA,112.6,40.5,243.9,"Age-sex standardised rate per 100,000",NA,NA,NA,NA,NA,NA,NA
"Psychiatric patient hospitalisations","S12000013","5 - least deprived","2017/18 to 2019/20 financial years; 3-year aggregates",NA,140.5,60.1,276.1,"Age-sex standardised rate per 100,000",NA,NA,NA,NA,NA,NA,NA
"Psychiatric patient hospitalisations","S12000013","Total","2017/18 to 2019/20 financial years; 3-year aggregates",49.3,178.8,130.9,237.9,"Age-sex standardised rate per 100,000",46.9,-1.5,95.3,167.7,-5.2,340.6,21
