"indicator","geography_code","quintile","period","numerator","indicator_measure","lower_confidence_interval","upper_confidence_interval","definition","relative_inequality_gap","lower_confidence_interval_relative_ineq","upper_confidence_interval_relative_ineq","absolute_inequality_gap","lower_confidence_interval_absolute_ineq","upper_confidence_interval_absolute_ineq","population_attributable_risk"
"Psychiatric patient hospitalisations","S12000017","1 - most deprived","2002/03 to 2004/05 financial years; 3-year aggregates",284.7,708,626,797.6,"Age-sex standardised rate per 100,000",NA,NA,NA,NA,NA,NA,NA
"Psychiatric patient hospitalisations","S12000017","2","2002/03 to 2004/05 financial years; 3-year aggregates",175.3,440.6,374.8,514.2,"Age-sex standardised rate per 100,000",NA,NA,NA,NA,NA,NA,NA
"Psychiatric patient hospitalisations","S12000017","3","2002/03 to 2004/05 financial years; 3-year aggregates",143.3,340.7,286.2,402.4,"Age-sex standardised rate per 100,000",NA,NA,NA,NA,NA,NA,NA
"Psychiatric patient hospitalisations","S12000017","4","2002/03 to 2004/05 financial years; 3-year aggregates",129,321.4,265.3,385.3,"Age-sex standardised rate per 100,000",NA,NA,NA,NA,NA,NA,NA
"Psychiatric patient hospitalisations","S12000017","5 - least deprived","2002/03 to 2004/05 financial years; 3-year aggregates",130,322.7,267.3,385.8,"Age-sex standardised rate per 100,000",NA,NA,NA,NA,NA,NA,NA
"Psychiatric patient hospitalisations","S12000017","Total","2002/03 to 2004/05 financial years; 3-year aggregates",862.3,425.8,396.9,456.3,"Age-sex standardised rate per 100,000",52.1,-6.7,110.8,443.3,-56.7,943.4,24.3
"Psychiatric patient hospitalisations","S12000017","1 - most deprived","2003/04 to 2005/06 financial years; 3-year aggregates",286.7,700.7,619.9,788.9,"Age-sex standardised rate per 100,000",NA,NA,NA,NA,NA,NA,NA
"Psychiatric patient hospitalisations","S12000017","2","2003/04 to 2005/06 financial years; 3-year aggregates",170,406.8,346.4,474.4,"Age-sex standardised rate per 100,000",NA,NA,NA,NA,NA,NA,NA
"Psychiatric patient hospitalisations","S12000017","3","2003/04 to 2005/06 financial years; 3-year aggregates",142,334.3,280.6,395.2,"Age-sex standardised rate per 100,000",NA,NA,NA,NA,NA,NA,NA
"Psychiatric patient hospitalisations","S12000017","4","2003/04 to 2005/06 financial years; 3-year aggregates",128,315.9,260.7,378.8,"Age-sex standardised rate per 100,000",NA,NA,NA,NA,NA,NA,NA
"Psychiatric patient hospitalisations","S12000017","5 - least deprived","2003/04 to 2005/06 financial years; 3-year aggregates",120,292.6,240.4,352.4,"Age-sex standardised rate per 100,000",NA,NA,NA,NA,NA,NA,NA
"Psychiatric patient hospitalisations","S12000017","Total","2003/04 to 2005/06 financial years; 3-year aggregates",846.7,409.5,381.5,439,"Age-sex standardised rate per 100,000",55.3,-6.8,117.5,453.1,-56.1,962.4,28.6
"Psychiatric patient hospitalisations","S12000017","1 - most deprived","2004/05 to 2006/07 financial years; 3-year aggregates",279.7,670.6,591.7,756.8,"Age-sex standardised rate per 100,000",NA,NA,NA,NA,NA,NA,NA
"Psychiatric patient hospitalisations","S12000017","2","2004/05 to 2006/07 financial years; 3-year aggregates",161,377,319.7,441.4,"Age-sex standardised rate per 100,000",NA,NA,NA,NA,NA,NA,NA
"Psychiatric patient hospitalisations","S12000017","3","2004/05 to 2006/07 financial years; 3-year aggregates",138,331.4,275.5,394.9,"Age-sex standardised rate per 100,000",NA,NA,NA,NA,NA,NA,NA
"Psychiatric patient hospitalisations","S12000017","4","2004/05 to 2006/07 financial years; 3-year aggregates",123,304.3,250.2,366.1,"Age-sex standardised rate per 100,000",NA,NA,NA,NA,NA,NA,NA
"Psychiatric patient hospitalisations","S12000017","5 - least deprived","2004/05 to 2006/07 financial years; 3-year aggregates",106,255.7,207.7,311.2,"Age-sex standardised rate per 100,000",NA,NA,NA,NA,NA,NA,NA
"Psychiatric patient hospitalisations","S12000017","Total","2004/05 to 2006/07 financial years; 3-year aggregates",807.7,387.8,360.5,416.5,"Age-sex standardised rate per 100,000",58.4,-2.4,119.1,452.6,-18.2,923.5,34.1
"Psychiatric patient hospitalisations","S12000017","1 - most deprived","2005/06 to 2007/08 financial years; 3-year aggregates",275.3,653.9,575.8,739.4,"Age-sex standardised rate per 100,000",NA,NA,NA,NA,NA,NA,NA
"Psychiatric patient hospitalisations","S12000017","2","2005/06 to 2007/08 financial years; 3-year aggregates",151,351.4,295.8,414.1,"Age-sex standardised rate per 100,000",NA,NA,NA,NA,NA,NA,NA
"Psychiatric patient hospitalisations","S12000017","3","2005/06 to 2007/08 financial years; 3-year aggregates",140.3,335.9,280.1,399.1,"Age-sex standardised rate per 100,000",NA,NA,NA,NA,NA,NA,NA
"Psychiatric patient hospitalisations","S12000017","4","2005/06 to 2007/08 financial years; 3-year aggregates",115,272.6,223.3,329.3,"Age-sex standardised rate per 100,000",NA,NA,NA,NA,NA,NA,NA
"Psychiatric patient hospitalisations","S12000017","5 - least deprived","2005/06 to 2007/08 financial years; 3-year aggregates",100.7,237.9,192.5,290.6,"Age-sex standardised rate per 100,000",NA,NA,NA,NA,NA,NA,NA
"Psychiatric patient hospitalisations","S12000017","Total","2005/06 to 2007/08 financial years; 3-year aggregates",782.3,369.8,343.5,397.6,"Age-sex standardised rate per 100,000",61.8,-1.6,125.3,457.2,-12.1,926.5,35.8
"Psychiatric patient hospitalisations","S12000017","1 - most deprived","2006/07 to 2008/09 financial years; 3-year aggregates",262.7,618.8,543,701.8,"Age-sex standardised rate per 100,000",NA,NA,NA,NA,NA,NA,NA
"Psychiatric patient hospitalisations","S12000017","2","2006/07 to 2008/09 financial years; 3-year aggregates",156.7,360.4,304.4,423.4,"Age-sex standardised rate per 100,000",NA,NA,NA,NA,NA,NA,NA
"Psychiatric patient hospitalisations","S12000017","3","2006/07 to 2008/09 financial years; 3-year aggregates",136.7,330.1,273.8,394,"Age-sex standardised rate per 100,000",NA,NA,NA,NA,NA,NA,NA
"Psychiatric patient hospitalisations","S12000017","4","2006/07 to 2008/09 financial years; 3-year aggregates",110,257.8,210.5,312.3,"Age-sex standardised rate per 100,000",NA,NA,NA,NA,NA,NA,NA
"Psychiatric patient hospitalisations","S12000017","5 - least deprived","2006/07 to 2008/09 financial years; 3-year aggregates",99.7,231,186.8,282.2,"Age-sex standardised rate per 100,000",NA,NA,NA,NA,NA,NA,NA
"Psychiatric patient hospitalisations","S12000017","Total","2006/07 to 2008/09 financial years; 3-year aggregates",765.7,358.7,332.9,385.9,"Age-sex standardised rate per 100,000",61.5,7.4,115.6,441,53.2,828.9,35.8
"Psychiatric patient hospitalisations","S12000017","1 - most deprived","2007/08 to 2009/10 financial years; 3-year aggregates",253.7,590.3,517.1,670.8,"Age-sex standardised rate per 100,000",NA,NA,NA,NA,NA,NA,NA
"Psychiatric patient hospitalisations","S12000017","2","2007/08 to 2009/10 financial years; 3-year aggregates",156,350,296,410.9,"Age-sex standardised rate per 100,000",NA,NA,NA,NA,NA,NA,NA
"Psychiatric patient hospitalisations","S12000017","3","2007/08 to 2009/10 financial years; 3-year aggregates",126.3,301.2,248.2,361.6,"Age-sex standardised rate per 100,000",NA,NA,NA,NA,NA,NA,NA
"Psychiatric patient hospitalisations","S12000017","4","2007/08 to 2009/10 financial years; 3-year aggregates",108,247.4,201.8,300,"Age-sex standardised rate per 100,000",NA,NA,NA,NA,NA,NA,NA
"Psychiatric patient hospitalisations","S12000017","5 - least deprived","2007/08 to 2009/10 financial years; 3-year aggregates",103,232.1,188.3,282.9,"Age-sex standardised rate per 100,000",NA,NA,NA,NA,NA,NA,NA
"Psychiatric patient hospitalisations","S12000017","Total","2007/08 to 2009/10 financial years; 3-year aggregates",747,343.8,318.8,370.1,"Age-sex standardised rate per 100,000",59.9,4.3,115.4,411.6,29.7,793.4,32.6
"Psychiatric patient hospitalisations","S12000017","1 - most deprived","2008/09 to 2010/11 financial years; 3-year aggregates",250,567.6,497.4,644.6,"Age-sex standardised rate per 100,000",NA,NA,NA,NA,NA,NA,NA
"Psychiatric patient hospitalisations","S12000017","2","2008/09 to 2010/11 financial years; 3-year aggregates",144.7,317.9,267.6,374.9,"Age-sex standardised rate per 100,000",NA,NA,NA,NA,NA,NA,NA
"Psychiatric patient hospitalisations","S12000017","3","2008/09 to 2010/11 financial years; 3-year aggregates",119.7,281.9,230.9,340.2,"Age-sex standardised rate per 100,000",NA,NA,NA,NA,NA,NA,NA
"Psychiatric patient hospitalisations","S12000017","4","2008/09 to 2010/11 financial years; 3-year aggregates",108,246.7,201.3,299,"Age-sex standardised rate per 100,000",NA,NA,NA,NA,NA,NA,NA
"Psychiatric patient hospitalisations","S12000017","5 - least deprived","2008/09 to 2010/11 financial years; 3-year aggregates",110.3,244,199.6,295.2,"Age-sex standardised rate per 100,000",NA,NA,NA,NA,NA,NA,NA
"Psychiatric patient hospitalisations","S12000017","Total","2008/09 to 2010/11 financial years; 3-year aggregates",732.7,331.8,307.6,357.3,"Age-sex standardised rate per 100,000",54.5,-9.8,118.8,361.9,-64.7,788.6,26.6
"Psychiatric patient hospitalisations","S12000017","1 - most deprived","2009/10 to 2011/12 financial years; 3-year aggregates",251.7,560.7,491.8,636.4,"Age-sex standardised rate per 100,000",NA,NA,NA,NA,NA,NA,NA
"Psychiatric patient hospitalisations","S12000017","2","2009/10 to 2011/12 financial years; 3-year aggregates",137,302.8,253.1,359.1,"Age-sex standardised rate per 100,000",NA,NA,NA,NA,NA,NA,NA
"Psychiatric patient hospitalisations","S12000017","3","2009/10 to 2011/12 financial years; 3-year aggregates",118.3,272.1,223.6,327.8,"Age-sex standardised rate per 100,000",NA,NA,NA,NA,NA,NA,NA
"Psychiatric patient hospitalisations","S12000017","4","2009/10 to 2011/12 financial years; 3-year aggregates",105.3,236,192.2,286.5,"Age-sex standardised rate per 100,000",NA,NA,NA,NA,NA,NA,NA
"Psychiatric patient hospitalisations","S12000017","5 - least deprived","2009/10 to 2011/12 financial years; 3-year aggregates",119.3,261.7,215.8,314.2,"Age-sex standardised rate per 100,000",NA,NA,NA,NA,NA,NA,NA
"Psychiatric patient hospitalisations","S12000017","Total","2009/10 to 2011/12 financial years; 3-year aggregates",731.7,327.1,303.3,352.2,"Age-sex standardised rate per 100,000",51.4,-20.9,123.8,336.4,-136.8,809.6,20.1
"Psychiatric patient hospitalisations","S12000017","1 - most deprived","2010/11 to 2012/13 financial years; 3-year aggregates",255.3,558.9,491.5,633,"Age-sex standardised rate per 100,000",NA,NA,NA,NA,NA,NA,NA
"Psychiatric patient hospitalisations","S12000017","2","2010/11 to 2012/13 financial years; 3-year aggregates",149,334.1,281.3,393.8,"Age-sex standardised rate per 100,000",NA,NA,NA,NA,NA,NA,NA
"Psychiatric patient hospitalisations","S12000017","3","2010/11 to 2012/13 financial years; 3-year aggregates",117.7,266.9,219.6,321.2,"Age-sex standardised rate per 100,000",NA,NA,NA,NA,NA,NA,NA
"Psychiatric patient hospitalisations","S12000017","4","2010/11 to 2012/13 financial years; 3-year aggregates",105,234.3,190.9,284.5,"Age-sex standardised rate per 100,000",NA,NA,NA,NA,NA,NA,NA
"Psychiatric patient hospitalisations","S12000017","5 - least deprived","2010/11 to 2012/13 financial years; 3-year aggregates",116,255.4,210.1,307.3,"Age-sex standardised rate per 100,000",NA,NA,NA,NA,NA,NA,NA
"Psychiatric patient hospitalisations","S12000017","Total","2010/11 to 2012/13 financial years; 3-year aggregates",743,330.4,306.7,355.4,"Age-sex standardised rate per 100,000",54.1,-9.7,118,357.8,-64.3,779.8,22.9
"Psychiatric patient hospitalisations","S12000017","1 - most deprived","2011/12 to 2013/14 financial years; 3-year aggregates",244.3,532.5,467.1,604.4,"Age-sex standardised rate per 100,000",NA,NA,NA,NA,NA,NA,NA
"Psychiatric patient hospitalisations","S12000017","2","2011/12 to 2013/14 financial years; 3-year aggregates",159.3,357.6,302.9,419.1,"Age-sex standardised rate per 100,000",NA,NA,NA,NA,NA,NA,NA
"Psychiatric patient hospitalisations","S12000017","3","2011/12 to 2013/14 financial years; 3-year aggregates",114,257.2,210.9,310.3,"Age-sex standardised rate per 100,000",NA,NA,NA,NA,NA,NA,NA
"Psychiatric patient hospitalisations","S12000017","4","2011/12 to 2013/14 financial years; 3-year aggregates",116.3,257.5,212.1,309.6,"Age-sex standardised rate per 100,000",NA,NA,NA,NA,NA,NA,NA
"Psychiatric patient hospitalisations","S12000017","5 - least deprived","2011/12 to 2013/14 financial years; 3-year aggregates",113,250.5,205.3,302.4,"Age-sex standardised rate per 100,000",NA,NA,NA,NA,NA,NA,NA
"Psychiatric patient hospitalisations","S12000017","Total","2011/12 to 2013/14 financial years; 3-year aggregates",747,331.8,308.1,356.9,"Age-sex standardised rate per 100,000",50.4,-2.3,103.1,334.6,-15.4,684.5,24.5
"Psychiatric patient hospitalisations","S12000017","1 - most deprived","2012/13 to 2014/15 financial years; 3-year aggregates",233,518.9,453.5,591,"Age-sex standardised rate per 100,000",NA,NA,NA,NA,NA,NA,NA
"Psychiatric patient hospitalisations","S12000017","2","2012/13 to 2014/15 financial years; 3-year aggregates",149.3,330.5,278.6,389.1,"Age-sex standardised rate per 100,000",NA,NA,NA,NA,NA,NA,NA
"Psychiatric patient hospitalisations","S12000017","3","2012/13 to 2014/15 financial years; 3-year aggregates",118.7,266.2,219.3,320.1,"Age-sex standardised rate per 100,000",NA,NA,NA,NA,NA,NA,NA
"Psychiatric patient hospitalisations","S12000017","4","2012/13 to 2014/15 financial years; 3-year aggregates",112,246,202,296.8,"Age-sex standardised rate per 100,000",NA,NA,NA,NA,NA,NA,NA
"Psychiatric patient hospitalisations","S12000017","5 - least deprived","2012/13 to 2014/15 financial years; 3-year aggregates",104,229.3,186.4,278.9,"Age-sex standardised rate per 100,000",NA,NA,NA,NA,NA,NA,NA
"Psychiatric patient hospitalisations","S12000017","Total","2012/13 to 2014/15 financial years; 3-year aggregates",717,318.3,295.1,342.9,"Age-sex standardised rate per 100,000",52.3,1.9,102.8,333.3,12.2,654.4,28
"Psychiatric patient hospitalisations","S12000017","1 - most deprived","2013/14 to 2015/16 financial years; 3-year aggregates",227,509,444,580.7,"Age-sex standardised rate per 100,000",NA,NA,NA,NA,NA,NA,NA
"Psychiatric patient hospitalisations","S12000017","2","2013/14 to 2015/16 financial years; 3-year aggregates",135.3,294.6,246.2,349.7,"Age-sex standardised rate per 100,000",NA,NA,NA,NA,NA,NA,NA
"Psychiatric patient hospitalisations","S12000017","3","2013/14 to 2015/16 financial years; 3-year aggregates",118.3,262.8,216.5,315.9,"Age-sex standardised rate per 100,000",NA,NA,NA,NA,NA,NA,NA
"Psychiatric patient hospitalisations","S12000017","4","2013/14 to 2015/16 financial years; 3-year aggregates",114.7,251.5,206.9,302.7,"Age-sex standardised rate per 100,000",NA,NA,NA,NA,NA,NA,NA
"Psychiatric patient hospitalisations","S12000017","5 - least deprived","2013/14 to 2015/16 financial years; 3-year aggregates",102,223,181.1,271.6,"Age-sex standardised rate per 100,000",NA,NA,NA,NA,NA,NA,NA
"Psychiatric patient hospitalisations","S12000017","Total","2013/14 to 2015/16 financial years; 3-year aggregates",697.3,308.2,285.4,332.3,"Age-sex standardised rate per 100,000",50,-8.1,108.1,308.1,-50.1,666.3,27.7
"Psychiatric patient hospitalisations","S12000017","1 - most deprived","2014/15 to 2016/17 financial years; 3-year aggregates",221.7,498.5,434.2,569.5,"Age-sex standardised rate per 100,000",NA,NA,NA,NA,NA,NA,NA
"Psychiatric patient hospitalisations","S12000017","2","2014/15 to 2016/17 financial years; 3-year aggregates",127.7,276.6,229.8,330,"Age-sex standardised rate per 100,000",NA,NA,NA,NA,NA,NA,NA
"Psychiatric patient hospitalisations","S12000017","3","2014/15 to 2016/17 financial years; 3-year aggregates",112.7,248.2,203.4,299.7,"Age-sex standardised rate per 100,000",NA,NA,NA,NA,NA,NA,NA
"Psychiatric patient hospitalisations","S12000017","4","2014/15 to 2016/17 financial years; 3-year aggregates",104,227.9,185.6,277,"Age-sex standardised rate per 100,000",NA,NA,NA,NA,NA,NA,NA
"Psychiatric patient hospitalisations","S12000017","5 - least deprived","2014/15 to 2016/17 financial years; 3-year aggregates",86,185.1,147.6,229.2,"Age-sex standardised rate per 100,000",NA,NA,NA,NA,NA,NA,NA
"Psychiatric patient hospitalisations","S12000017","Total","2014/15 to 2016/17 financial years; 3-year aggregates",652,286.6,264.7,309.8,"Age-sex standardised rate per 100,000",58.9,-2.3,120.2,337.7,-13.4,688.8,35.5
"Psychiatric patient hospitalisations","S12000017","1 - most deprived","2015/16 to 2017/18 financial years; 3-year aggregates",223,493.4,430.1,563.2,"Age-sex standardised rate per 100,000",NA,NA,NA,NA,NA,NA,NA
"Psychiatric patient hospitalisations","S12000017","2","2015/16 to 2017/18 financial years; 3-year aggregates",134.7,296.3,247.6,351.7,"Age-sex standardised rate per 100,000",NA,NA,NA,NA,NA,NA,NA
"Psychiatric patient hospitalisations","S12000017","3","2015/16 to 2017/18 financial years; 3-year aggregates",92.7,204.6,164,252,"Age-sex standardised rate per 100,000",NA,NA,NA,NA,NA,NA,NA
"Psychiatric patient hospitalisations","S12000017","4","2015/16 to 2017/18 financial years; 3-year aggregates",109.7,240.7,197.1,290.9,"Age-sex standardised rate per 100,000",NA,NA,NA,NA,NA,NA,NA
"Psychiatric patient hospitalisations","S12000017","5 - least deprived","2015/16 to 2017/18 financial years; 3-year aggregates",80,170.9,135,213.3,"Age-sex standardised rate per 100,000",NA,NA,NA,NA,NA,NA,NA
"Psychiatric patient hospitalisations","S12000017","Total","2015/16 to 2017/18 financial years; 3-year aggregates",640,280.5,258.9,303.4,"Age-sex standardised rate per 100,000",62.4,-2.8,127.7,350.3,-16,716.5,39.2
"Psychiatric patient hospitalisations","S12000017","1 - most deprived","2016/17 to 2018/19 financial years; 3-year aggregates",212.3,468.6,407.2,536.6,"Age-sex standardised rate per 100,000",NA,NA,NA,NA,NA,NA,NA
"Psychiatric patient hospitalisations","S12000017","2","2016/17 to 2018/19 financial years; 3-year aggregates",130,288,239.9,342.8,"Age-sex standardised rate per 100,000",NA,NA,NA,NA,NA,NA,NA
"Psychiatric patient hospitalisations","S12000017","3","2016/17 to 2018/19 financial years; 3-year aggregates",87,192.9,153.3,239.3,"Age-sex standardised rate per 100,000",NA,NA,NA,NA,NA,NA,NA
"Psychiatric patient hospitalisations","S12000017","4","2016/17 to 2018/19 financial years; 3-year aggregates",97,208.9,168.7,255.5,"Age-sex standardised rate per 100,000",NA,NA,NA,NA,NA,NA,NA
"Psychiatric patient hospitalisations","S12000017","5 - least deprived","2016/17 to 2018/19 financial years; 3-year aggregates",75.3,162.5,127.1,204.4,"Age-sex standardised rate per 100,000",NA,NA,NA,NA,NA,NA,NA
"Psychiatric patient hospitalisations","S12000017","Total","2016/17 to 2018/19 financial years; 3-year aggregates",601.7,263.7,242.7,285.9,"Age-sex standardised rate per 100,000",65.5,2.5,128.6,345.5,13,678,38.4
"Psychiatric patient hospitalisations","S12000017","1 - most deprived","2017/18 to 2019/20 financial years; 3-year aggregates",202.7,450.2,389.8,517.1,"Age-sex standardised rate per 100,000",NA,NA,NA,NA,NA,NA,NA
"Psychiatric patient hospitalisations","S12000017","2","2017/18 to 2019/20 financial years; 3-year aggregates",119.7,266.1,220,319,"Age-sex standardised rate per 100,000",NA,NA,NA,NA,NA,NA,NA
"Psychiatric patient hospitalisations","S12000017","3","2017/18 to 2019/20 financial years; 3-year aggregates",83,181,143,225.7,"Age-sex standardised rate per 100,000",NA,NA,NA,NA,NA,NA,NA
"Psychiatric patient hospitalisations","S12000017","4","2017/18 to 2019/20 financial years; 3-year aggregates",98.3,211.4,171,258.4,"Age-sex standardised rate per 100,000",NA,NA,NA,NA,NA,NA,NA
"Psychiatric patient hospitalisations","S12000017","5 - least deprived","2017/18 to 2019/20 financial years; 3-year aggregates",70.7,150.9,117,191.2,"Age-sex standardised rate per 100,000",NA,NA,NA,NA,NA,NA,NA
"Psychiatric patient hospitalisations","S12000017","Total","2017/18 to 2019/20 financial years; 3-year aggregates",574.3,251.6,231.2,273.3,"Age-sex standardised rate per 100,000",64.8,-3,132.5,325.9,-15,666.9,40
