"indicator","geography_code","quintile","period","numerator","indicator_measure","lower_confidence_interval","upper_confidence_interval","definition","relative_inequality_gap","lower_confidence_interval_relative_ineq","upper_confidence_interval_relative_ineq","absolute_inequality_gap","lower_confidence_interval_absolute_ineq","upper_confidence_interval_absolute_ineq","population_attributable_risk"
"Psychiatric patient hospitalisations","S12000036","1 - most deprived","2002/03 to 2004/05 financial years; 3-year aggregates",633.7,743.7,683.7,807.2,"Age-sex standardised rate per 100,000",NA,NA,NA,NA,NA,NA,NA
"Psychiatric patient hospitalisations","S12000036","2","2002/03 to 2004/05 financial years; 3-year aggregates",480.7,551.5,499.7,607,"Age-sex standardised rate per 100,000",NA,NA,NA,NA,NA,NA,NA
"Psychiatric patient hospitalisations","S12000036","3","2002/03 to 2004/05 financial years; 3-year aggregates",293,356,313.7,402.2,"Age-sex standardised rate per 100,000",NA,NA,NA,NA,NA,NA,NA
"Psychiatric patient hospitalisations","S12000036","4","2002/03 to 2004/05 financial years; 3-year aggregates",220,270.4,233.6,311.1,"Age-sex standardised rate per 100,000",NA,NA,NA,NA,NA,NA,NA
"Psychiatric patient hospitalisations","S12000036","5 - least deprived","2002/03 to 2004/05 financial years; 3-year aggregates",170.7,210,178.2,245.7,"Age-sex standardised rate per 100,000",NA,NA,NA,NA,NA,NA,NA
"Psychiatric patient hospitalisations","S12000036","Total","2002/03 to 2004/05 financial years; 3-year aggregates",1798,421.3,401,442.4,"Age-sex standardised rate per 100,000",80.3,44.9,115.6,676.3,378.6,974,50.8
"Psychiatric patient hospitalisations","S12000036","1 - most deprived","2003/04 to 2005/06 financial years; 3-year aggregates",607.3,702.1,644.9,762.9,"Age-sex standardised rate per 100,000",NA,NA,NA,NA,NA,NA,NA
"Psychiatric patient hospitalisations","S12000036","2","2003/04 to 2005/06 financial years; 3-year aggregates",446.3,514.2,464.1,568,"Age-sex standardised rate per 100,000",NA,NA,NA,NA,NA,NA,NA
"Psychiatric patient hospitalisations","S12000036","3","2003/04 to 2005/06 financial years; 3-year aggregates",277.3,327.1,287.7,370.2,"Age-sex standardised rate per 100,000",NA,NA,NA,NA,NA,NA,NA
"Psychiatric patient hospitalisations","S12000036","4","2003/04 to 2005/06 financial years; 3-year aggregates",205.3,251,215.6,290.2,"Age-sex standardised rate per 100,000",NA,NA,NA,NA,NA,NA,NA
"Psychiatric patient hospitalisations","S12000036","5 - least deprived","2003/04 to 2005/06 financial years; 3-year aggregates",160.7,199,168,233.8,"Age-sex standardised rate per 100,000",NA,NA,NA,NA,NA,NA,NA
"Psychiatric patient hospitalisations","S12000036","Total","2003/04 to 2005/06 financial years; 3-year aggregates",1697,395.4,375.8,415.7,"Age-sex standardised rate per 100,000",80.6,42.2,119,637.3,333.9,940.7,50.3
"Psychiatric patient hospitalisations","S12000036","1 - most deprived","2004/05 to 2006/07 financial years; 3-year aggregates",584.7,670.2,614.8,729.1,"Age-sex standardised rate per 100,000",NA,NA,NA,NA,NA,NA,NA
"Psychiatric patient hospitalisations","S12000036","2","2004/05 to 2006/07 financial years; 3-year aggregates",416.3,476,428.1,527.5,"Age-sex standardised rate per 100,000",NA,NA,NA,NA,NA,NA,NA
"Psychiatric patient hospitalisations","S12000036","3","2004/05 to 2006/07 financial years; 3-year aggregates",254.3,295.6,258.8,335.8,"Age-sex standardised rate per 100,000",NA,NA,NA,NA,NA,NA,NA
"Psychiatric patient hospitalisations","S12000036","4","2004/05 to 2006/07 financial years; 3-year aggregates",196.3,235,201.3,272.5,"Age-sex standardised rate per 100,000",NA,NA,NA,NA,NA,NA,NA
"Psychiatric patient hospitalisations","S12000036","5 - least deprived","2004/05 to 2006/07 financial years; 3-year aggregates",157.3,194.1,163.6,228.4,"Age-sex standardised rate per 100,000",NA,NA,NA,NA,NA,NA,NA
"Psychiatric patient hospitalisations","S12000036","Total","2004/05 to 2006/07 financial years; 3-year aggregates",1609,372.2,353.4,391.7,"Age-sex standardised rate per 100,000",80.6,35.6,125.6,599.8,264.8,934.7,48.4
"Psychiatric patient hospitalisations","S12000036","1 - most deprived","2005/06 to 2007/08 financial years; 3-year aggregates",579.7,659.9,605.3,718.1,"Age-sex standardised rate per 100,000",NA,NA,NA,NA,NA,NA,NA
"Psychiatric patient hospitalisations","S12000036","2","2005/06 to 2007/08 financial years; 3-year aggregates",389.7,441.3,395.9,490.2,"Age-sex standardised rate per 100,000",NA,NA,NA,NA,NA,NA,NA
"Psychiatric patient hospitalisations","S12000036","3","2005/06 to 2007/08 financial years; 3-year aggregates",248.7,286.4,250.4,325.9,"Age-sex standardised rate per 100,000",NA,NA,NA,NA,NA,NA,NA
"Psychiatric patient hospitalisations","S12000036","4","2005/06 to 2007/08 financial years; 3-year aggregates",185,218,186.1,253.5,"Age-sex standardised rate per 100,000",NA,NA,NA,NA,NA,NA,NA
"Psychiatric patient hospitalisations","S12000036","5 - least deprived","2005/06 to 2007/08 financial years; 3-year aggregates",150.7,178,149.8,209.8,"Age-sex standardised rate per 100,000",NA,NA,NA,NA,NA,NA,NA
"Psychiatric patient hospitalisations","S12000036","Total","2005/06 to 2007/08 financial years; 3-year aggregates",1553.7,354.8,336.6,373.6,"Age-sex standardised rate per 100,000",84.2,35.9,132.5,597.4,255,939.8,50.4
"Psychiatric patient hospitalisations","S12000036","1 - most deprived","2006/07 to 2008/09 financial years; 3-year aggregates",568.7,644.2,590.3,701.6,"Age-sex standardised rate per 100,000",NA,NA,NA,NA,NA,NA,NA
"Psychiatric patient hospitalisations","S12000036","2","2006/07 to 2008/09 financial years; 3-year aggregates",379.3,423,379,470.6,"Age-sex standardised rate per 100,000",NA,NA,NA,NA,NA,NA,NA
"Psychiatric patient hospitalisations","S12000036","3","2006/07 to 2008/09 financial years; 3-year aggregates",248.7,286.6,250.6,326.2,"Age-sex standardised rate per 100,000",NA,NA,NA,NA,NA,NA,NA
"Psychiatric patient hospitalisations","S12000036","4","2006/07 to 2008/09 financial years; 3-year aggregates",172.3,197.8,168.3,230.8,"Age-sex standardised rate per 100,000",NA,NA,NA,NA,NA,NA,NA
"Psychiatric patient hospitalisations","S12000036","5 - least deprived","2006/07 to 2008/09 financial years; 3-year aggregates",151,173.3,146,204.3,"Age-sex standardised rate per 100,000",NA,NA,NA,NA,NA,NA,NA
"Psychiatric patient hospitalisations","S12000036","Total","2006/07 to 2008/09 financial years; 3-year aggregates",1520,343.4,325.7,361.7,"Age-sex standardised rate per 100,000",85.6,36.4,134.8,587.8,250.1,925.5,50.1
"Psychiatric patient hospitalisations","S12000036","1 - most deprived","2007/08 to 2009/10 financial years; 3-year aggregates",525.7,593.1,541.5,648.1,"Age-sex standardised rate per 100,000",NA,NA,NA,NA,NA,NA,NA
"Psychiatric patient hospitalisations","S12000036","2","2007/08 to 2009/10 financial years; 3-year aggregates",356.3,394.8,352.4,440.7,"Age-sex standardised rate per 100,000",NA,NA,NA,NA,NA,NA,NA
"Psychiatric patient hospitalisations","S12000036","3","2007/08 to 2009/10 financial years; 3-year aggregates",249,286.3,250.1,326.1,"Age-sex standardised rate per 100,000",NA,NA,NA,NA,NA,NA,NA
"Psychiatric patient hospitalisations","S12000036","4","2007/08 to 2009/10 financial years; 3-year aggregates",160.7,184.7,156.3,216.6,"Age-sex standardised rate per 100,000",NA,NA,NA,NA,NA,NA,NA
"Psychiatric patient hospitalisations","S12000036","5 - least deprived","2007/08 to 2009/10 financial years; 3-year aggregates",144.3,162.9,136.4,192.9,"Age-sex standardised rate per 100,000",NA,NA,NA,NA,NA,NA,NA
"Psychiatric patient hospitalisations","S12000036","Total","2007/08 to 2009/10 financial years; 3-year aggregates",1436,323,305.8,340.8,"Age-sex standardised rate per 100,000",83.4,40.2,126.6,538.8,259.9,817.7,50.1
"Psychiatric patient hospitalisations","S12000036","1 - most deprived","2008/09 to 2010/11 financial years; 3-year aggregates",492.3,541.7,493.2,593.6,"Age-sex standardised rate per 100,000",NA,NA,NA,NA,NA,NA,NA
"Psychiatric patient hospitalisations","S12000036","2","2008/09 to 2010/11 financial years; 3-year aggregates",337.7,375.4,333.7,420.5,"Age-sex standardised rate per 100,000",NA,NA,NA,NA,NA,NA,NA
"Psychiatric patient hospitalisations","S12000036","3","2008/09 to 2010/11 financial years; 3-year aggregates",239.7,270.9,236.4,308.9,"Age-sex standardised rate per 100,000",NA,NA,NA,NA,NA,NA,NA
"Psychiatric patient hospitalisations","S12000036","4","2008/09 to 2010/11 financial years; 3-year aggregates",146,165.1,138.7,195.1,"Age-sex standardised rate per 100,000",NA,NA,NA,NA,NA,NA,NA
"Psychiatric patient hospitalisations","S12000036","5 - least deprived","2008/09 to 2010/11 financial years; 3-year aggregates",135,154.9,128.7,184.6,"Age-sex standardised rate per 100,000",NA,NA,NA,NA,NA,NA,NA
"Psychiatric patient hospitalisations","S12000036","Total","2008/09 to 2010/11 financial years; 3-year aggregates",1350.7,301.2,284.7,318.3,"Age-sex standardised rate per 100,000",82.3,41.9,122.7,495.7,252.1,739.2,49.1
"Psychiatric patient hospitalisations","S12000036","1 - most deprived","2009/10 to 2011/12 financial years; 3-year aggregates",454.3,491.9,446.1,541.1,"Age-sex standardised rate per 100,000",NA,NA,NA,NA,NA,NA,NA
"Psychiatric patient hospitalisations","S12000036","2","2009/10 to 2011/12 financial years; 3-year aggregates",321.7,362.6,321,407.8,"Age-sex standardised rate per 100,000",NA,NA,NA,NA,NA,NA,NA
"Psychiatric patient hospitalisations","S12000036","3","2009/10 to 2011/12 financial years; 3-year aggregates",226.7,251.5,218.4,288,"Age-sex standardised rate per 100,000",NA,NA,NA,NA,NA,NA,NA
"Psychiatric patient hospitalisations","S12000036","4","2009/10 to 2011/12 financial years; 3-year aggregates",146.7,167.2,140.4,197.5,"Age-sex standardised rate per 100,000",NA,NA,NA,NA,NA,NA,NA
"Psychiatric patient hospitalisations","S12000036","5 - least deprived","2009/10 to 2011/12 financial years; 3-year aggregates",127.7,146.4,121.1,175.2,"Age-sex standardised rate per 100,000",NA,NA,NA,NA,NA,NA,NA
"Psychiatric patient hospitalisations","S12000036","Total","2009/10 to 2011/12 financial years; 3-year aggregates",1277,283.9,267.9,300.5,"Age-sex standardised rate per 100,000",78.7,45.5,111.8,446.7,258.6,634.8,48.9
"Psychiatric patient hospitalisations","S12000036","1 - most deprived","2010/11 to 2012/13 financial years; 3-year aggregates",453.7,478.8,434.2,526.6,"Age-sex standardised rate per 100,000",NA,NA,NA,NA,NA,NA,NA
"Psychiatric patient hospitalisations","S12000036","2","2010/11 to 2012/13 financial years; 3-year aggregates",335.7,376.9,334.2,423.2,"Age-sex standardised rate per 100,000",NA,NA,NA,NA,NA,NA,NA
"Psychiatric patient hospitalisations","S12000036","3","2010/11 to 2012/13 financial years; 3-year aggregates",224.3,242,210.1,277.1,"Age-sex standardised rate per 100,000",NA,NA,NA,NA,NA,NA,NA
"Psychiatric patient hospitalisations","S12000036","4","2010/11 to 2012/13 financial years; 3-year aggregates",146.3,164.2,137.9,193.8,"Age-sex standardised rate per 100,000",NA,NA,NA,NA,NA,NA,NA
"Psychiatric patient hospitalisations","S12000036","5 - least deprived","2010/11 to 2012/13 financial years; 3-year aggregates",117.3,133.8,109.9,161.3,"Age-sex standardised rate per 100,000",NA,NA,NA,NA,NA,NA,NA
"Psychiatric patient hospitalisations","S12000036","Total","2010/11 to 2012/13 financial years; 3-year aggregates",1277.3,279.4,263.7,295.7,"Age-sex standardised rate per 100,000",81.3,50.9,111.7,454.5,284.7,624.4,52.5
"Psychiatric patient hospitalisations","S12000036","1 - most deprived","2011/12 to 2013/14 financial years; 3-year aggregates",433.3,456.2,412.6,503.1,"Age-sex standardised rate per 100,000",NA,NA,NA,NA,NA,NA,NA
"Psychiatric patient hospitalisations","S12000036","2","2011/12 to 2013/14 financial years; 3-year aggregates",346.7,379.9,337.6,425.7,"Age-sex standardised rate per 100,000",NA,NA,NA,NA,NA,NA,NA
"Psychiatric patient hospitalisations","S12000036","3","2011/12 to 2013/14 financial years; 3-year aggregates",225,238.9,207.5,273.5,"Age-sex standardised rate per 100,000",NA,NA,NA,NA,NA,NA,NA
"Psychiatric patient hospitalisations","S12000036","4","2011/12 to 2013/14 financial years; 3-year aggregates",151.3,168.2,141.8,197.9,"Age-sex standardised rate per 100,000",NA,NA,NA,NA,NA,NA,NA
"Psychiatric patient hospitalisations","S12000036","5 - least deprived","2011/12 to 2013/14 financial years; 3-year aggregates",111,126.8,103.5,153.6,"Age-sex standardised rate per 100,000",NA,NA,NA,NA,NA,NA,NA
"Psychiatric patient hospitalisations","S12000036","Total","2011/12 to 2013/14 financial years; 3-year aggregates",1267.3,274.2,258.7,290.3,"Age-sex standardised rate per 100,000",79.8,53.1,106.6,437.8,291.2,584.3,54.2
"Psychiatric patient hospitalisations","S12000036","1 - most deprived","2012/13 to 2014/15 financial years; 3-year aggregates",414,436,393.4,481.8,"Age-sex standardised rate per 100,000",NA,NA,NA,NA,NA,NA,NA
"Psychiatric patient hospitalisations","S12000036","2","2012/13 to 2014/15 financial years; 3-year aggregates",350.3,382.9,340.8,428.5,"Age-sex standardised rate per 100,000",NA,NA,NA,NA,NA,NA,NA
"Psychiatric patient hospitalisations","S12000036","3","2012/13 to 2014/15 financial years; 3-year aggregates",221.3,231.7,201.1,265.6,"Age-sex standardised rate per 100,000",NA,NA,NA,NA,NA,NA,NA
"Psychiatric patient hospitalisations","S12000036","4","2012/13 to 2014/15 financial years; 3-year aggregates",138.7,149.2,125,176.7,"Age-sex standardised rate per 100,000",NA,NA,NA,NA,NA,NA,NA
"Psychiatric patient hospitalisations","S12000036","5 - least deprived","2012/13 to 2014/15 financial years; 3-year aggregates",105.7,116.9,94.9,142.2,"Age-sex standardised rate per 100,000",NA,NA,NA,NA,NA,NA,NA
"Psychiatric patient hospitalisations","S12000036","Total","2012/13 to 2014/15 financial years; 3-year aggregates",1230,261.8,246.9,277.4,"Age-sex standardised rate per 100,000",83.5,50.9,116.2,437.4,266.5,608.2,56
"Psychiatric patient hospitalisations","S12000036","1 - most deprived","2013/14 to 2015/16 financial years; 3-year aggregates",393.3,420.5,378.4,465.9,"Age-sex standardised rate per 100,000",NA,NA,NA,NA,NA,NA,NA
"Psychiatric patient hospitalisations","S12000036","2","2013/14 to 2015/16 financial years; 3-year aggregates",361.3,400.1,356.9,446.8,"Age-sex standardised rate per 100,000",NA,NA,NA,NA,NA,NA,NA
"Psychiatric patient hospitalisations","S12000036","3","2013/14 to 2015/16 financial years; 3-year aggregates",212.7,222.7,192.6,256,"Age-sex standardised rate per 100,000",NA,NA,NA,NA,NA,NA,NA
"Psychiatric patient hospitalisations","S12000036","4","2013/14 to 2015/16 financial years; 3-year aggregates",133.3,139.3,116.3,165.5,"Age-sex standardised rate per 100,000",NA,NA,NA,NA,NA,NA,NA
"Psychiatric patient hospitalisations","S12000036","5 - least deprived","2013/14 to 2015/16 financial years; 3-year aggregates",103.7,111.7,90.6,136.2,"Age-sex standardised rate per 100,000",NA,NA,NA,NA,NA,NA,NA
"Psychiatric patient hospitalisations","S12000036","Total","2013/14 to 2015/16 financial years; 3-year aggregates",1204.3,255.3,240.6,270.6,"Age-sex standardised rate per 100,000",86.2,41.5,130.8,439.9,211.9,668,57.1
"Psychiatric patient hospitalisations","S12000036","1 - most deprived","2014/15 to 2016/17 financial years; 3-year aggregates",386.7,414.7,372.9,459.8,"Age-sex standardised rate per 100,000",NA,NA,NA,NA,NA,NA,NA
"Psychiatric patient hospitalisations","S12000036","2","2014/15 to 2016/17 financial years; 3-year aggregates",352.7,395.8,352.5,442.6,"Age-sex standardised rate per 100,000",NA,NA,NA,NA,NA,NA,NA
"Psychiatric patient hospitalisations","S12000036","3","2014/15 to 2016/17 financial years; 3-year aggregates",219,230.8,199.9,264.9,"Age-sex standardised rate per 100,000",NA,NA,NA,NA,NA,NA,NA
"Psychiatric patient hospitalisations","S12000036","4","2014/15 to 2016/17 financial years; 3-year aggregates",127.3,130.6,108.5,155.8,"Age-sex standardised rate per 100,000",NA,NA,NA,NA,NA,NA,NA
"Psychiatric patient hospitalisations","S12000036","5 - least deprived","2014/15 to 2016/17 financial years; 3-year aggregates",109.7,114.1,93.2,138.2,"Age-sex standardised rate per 100,000",NA,NA,NA,NA,NA,NA,NA
"Psychiatric patient hospitalisations","S12000036","Total","2014/15 to 2016/17 financial years; 3-year aggregates",1195.3,252.2,237.6,267.4,"Age-sex standardised rate per 100,000",86,40.8,131.1,433.6,205.8,661.5,55.8
"Psychiatric patient hospitalisations","S12000036","1 - most deprived","2015/16 to 2017/18 financial years; 3-year aggregates",394,417.6,375.8,462.7,"Age-sex standardised rate per 100,000",NA,NA,NA,NA,NA,NA,NA
"Psychiatric patient hospitalisations","S12000036","2","2015/16 to 2017/18 financial years; 3-year aggregates",326,365.5,324,410.5,"Age-sex standardised rate per 100,000",NA,NA,NA,NA,NA,NA,NA
"Psychiatric patient hospitalisations","S12000036","3","2015/16 to 2017/18 financial years; 3-year aggregates",218.7,229.9,199.1,264,"Age-sex standardised rate per 100,000",NA,NA,NA,NA,NA,NA,NA
"Psychiatric patient hospitalisations","S12000036","4","2015/16 to 2017/18 financial years; 3-year aggregates",143.3,146.9,123.4,173.5,"Age-sex standardised rate per 100,000",NA,NA,NA,NA,NA,NA,NA
"Psychiatric patient hospitalisations","S12000036","5 - least deprived","2015/16 to 2017/18 financial years; 3-year aggregates",114,115.6,94.9,139.4,"Age-sex standardised rate per 100,000",NA,NA,NA,NA,NA,NA,NA
"Psychiatric patient hospitalisations","S12000036","Total","2015/16 to 2017/18 financial years; 3-year aggregates",1196,250.7,236.2,265.8,"Age-sex standardised rate per 100,000",82.2,52.1,112.2,411.9,261.1,562.6,54.8
"Psychiatric patient hospitalisations","S12000036","1 - most deprived","2016/17 to 2018/19 financial years; 3-year aggregates",400.7,426.4,383.7,472.3,"Age-sex standardised rate per 100,000",NA,NA,NA,NA,NA,NA,NA
"Psychiatric patient hospitalisations","S12000036","2","2016/17 to 2018/19 financial years; 3-year aggregates",292.3,317,279.1,358.3,"Age-sex standardised rate per 100,000",NA,NA,NA,NA,NA,NA,NA
"Psychiatric patient hospitalisations","S12000036","3","2016/17 to 2018/19 financial years; 3-year aggregates",227,235.4,204.5,269.6,"Age-sex standardised rate per 100,000",NA,NA,NA,NA,NA,NA,NA
"Psychiatric patient hospitalisations","S12000036","4","2016/17 to 2018/19 financial years; 3-year aggregates",149,152.2,128.2,179.3,"Age-sex standardised rate per 100,000",NA,NA,NA,NA,NA,NA,NA
"Psychiatric patient hospitalisations","S12000036","5 - least deprived","2016/17 to 2018/19 financial years; 3-year aggregates",113.7,113.7,93.4,137.1,"Age-sex standardised rate per 100,000",NA,NA,NA,NA,NA,NA,NA
"Psychiatric patient hospitalisations","S12000036","Total","2016/17 to 2018/19 financial years; 3-year aggregates",1182.7,244.8,230.6,259.7,"Age-sex standardised rate per 100,000",80.7,58,103.4,395.3,284.1,506.4,54.4
"Psychiatric patient hospitalisations","S12000036","1 - most deprived","2017/18 to 2019/20 financial years; 3-year aggregates",397.7,421.7,379.2,467.5,"Age-sex standardised rate per 100,000",NA,NA,NA,NA,NA,NA,NA
"Psychiatric patient hospitalisations","S12000036","2","2017/18 to 2019/20 financial years; 3-year aggregates",302,317.2,279.9,357.9,"Age-sex standardised rate per 100,000",NA,NA,NA,NA,NA,NA,NA
"Psychiatric patient hospitalisations","S12000036","3","2017/18 to 2019/20 financial years; 3-year aggregates",219.7,221.9,192.3,254.7,"Age-sex standardised rate per 100,000",NA,NA,NA,NA,NA,NA,NA
"Psychiatric patient hospitalisations","S12000036","4","2017/18 to 2019/20 financial years; 3-year aggregates",153.7,156.5,132.3,183.8,"Age-sex standardised rate per 100,000",NA,NA,NA,NA,NA,NA,NA
"Psychiatric patient hospitalisations","S12000036","5 - least deprived","2017/18 to 2019/20 financial years; 3-year aggregates",117.7,115,94.8,138.1,"Age-sex standardised rate per 100,000",NA,NA,NA,NA,NA,NA,NA
"Psychiatric patient hospitalisations","S12000036","Total","2017/18 to 2019/20 financial years; 3-year aggregates",1190.7,241.9,227.9,256.5,"Age-sex standardised rate per 100,000",79.9,55.1,104.7,386.7,266.6,506.8,53.4
