"indicator","geography_code","quintile","period","numerator","indicator_measure","lower_confidence_interval","upper_confidence_interval","definition","relative_inequality_gap","lower_confidence_interval_relative_ineq","upper_confidence_interval_relative_ineq","absolute_inequality_gap","lower_confidence_interval_absolute_ineq","upper_confidence_interval_absolute_ineq","population_attributable_risk"
"Psychiatric patient hospitalisations","S12000049","1 - most deprived","2002/03 to 2004/05 financial years; 3-year aggregates",782,738.1,685.9,793.3,"Age-sex standardised rate per 100,000",NA,NA,NA,NA,NA,NA,NA
"Psychiatric patient hospitalisations","S12000049","2","2002/03 to 2004/05 financial years; 3-year aggregates",661,604.8,557.9,654.4,"Age-sex standardised rate per 100,000",NA,NA,NA,NA,NA,NA,NA
"Psychiatric patient hospitalisations","S12000049","3","2002/03 to 2004/05 financial years; 3-year aggregates",521.7,451.1,411.8,493,"Age-sex standardised rate per 100,000",NA,NA,NA,NA,NA,NA,NA
"Psychiatric patient hospitalisations","S12000049","4","2002/03 to 2004/05 financial years; 3-year aggregates",371.7,342.1,305.7,381.4,"Age-sex standardised rate per 100,000",NA,NA,NA,NA,NA,NA,NA
"Psychiatric patient hospitalisations","S12000049","5 - least deprived","2002/03 to 2004/05 financial years; 3-year aggregates",216.3,210,180.4,242.8,"Age-sex standardised rate per 100,000",NA,NA,NA,NA,NA,NA,NA
"Psychiatric patient hospitalisations","S12000049","Total","2002/03 to 2004/05 financial years; 3-year aggregates",2552.7,456.8,438.5,475.7,"Age-sex standardised rate per 100,000",72.1,65.4,78.8,658.7,597.2,720.1,55.1
"Psychiatric patient hospitalisations","S12000049","1 - most deprived","2003/04 to 2005/06 financial years; 3-year aggregates",769.7,719.3,668,773.4,"Age-sex standardised rate per 100,000",NA,NA,NA,NA,NA,NA,NA
"Psychiatric patient hospitalisations","S12000049","2","2003/04 to 2005/06 financial years; 3-year aggregates",657.3,601.5,554.9,651,"Age-sex standardised rate per 100,000",NA,NA,NA,NA,NA,NA,NA
"Psychiatric patient hospitalisations","S12000049","3","2003/04 to 2005/06 financial years; 3-year aggregates",509.7,448,408.4,490.2,"Age-sex standardised rate per 100,000",NA,NA,NA,NA,NA,NA,NA
"Psychiatric patient hospitalisations","S12000049","4","2003/04 to 2005/06 financial years; 3-year aggregates",356.3,334.5,298,374,"Age-sex standardised rate per 100,000",NA,NA,NA,NA,NA,NA,NA
"Psychiatric patient hospitalisations","S12000049","5 - least deprived","2003/04 to 2005/06 financial years; 3-year aggregates",206.7,197.5,169.3,228.9,"Age-sex standardised rate per 100,000",NA,NA,NA,NA,NA,NA,NA
"Psychiatric patient hospitalisations","S12000049","Total","2003/04 to 2005/06 financial years; 3-year aggregates",2499.7,450,431.7,468.8,"Age-sex standardised rate per 100,000",72.9,67.3,78.5,656,605.7,706.2,57
"Psychiatric patient hospitalisations","S12000049","1 - most deprived","2004/05 to 2006/07 financial years; 3-year aggregates",753,690.9,641,743.6,"Age-sex standardised rate per 100,000",NA,NA,NA,NA,NA,NA,NA
"Psychiatric patient hospitalisations","S12000049","2","2004/05 to 2006/07 financial years; 3-year aggregates",625.3,571.8,526.6,619.8,"Age-sex standardised rate per 100,000",NA,NA,NA,NA,NA,NA,NA
"Psychiatric patient hospitalisations","S12000049","3","2004/05 to 2006/07 financial years; 3-year aggregates",487,436,396.7,478.2,"Age-sex standardised rate per 100,000",NA,NA,NA,NA,NA,NA,NA
"Psychiatric patient hospitalisations","S12000049","4","2004/05 to 2006/07 financial years; 3-year aggregates",347,327.9,291.6,367.2,"Age-sex standardised rate per 100,000",NA,NA,NA,NA,NA,NA,NA
"Psychiatric patient hospitalisations","S12000049","5 - least deprived","2004/05 to 2006/07 financial years; 3-year aggregates",196,184.1,157.5,213.8,"Age-sex standardised rate per 100,000",NA,NA,NA,NA,NA,NA,NA
"Psychiatric patient hospitalisations","S12000049","Total","2004/05 to 2006/07 financial years; 3-year aggregates",2408.3,435,417.1,453.5,"Age-sex standardised rate per 100,000",72.5,67.4,77.6,630.9,586.4,675.3,58.4
"Psychiatric patient hospitalisations","S12000049","1 - most deprived","2005/06 to 2007/08 financial years; 3-year aggregates",727.3,663.6,614.9,715.2,"Age-sex standardised rate per 100,000",NA,NA,NA,NA,NA,NA,NA
"Psychiatric patient hospitalisations","S12000049","2","2005/06 to 2007/08 financial years; 3-year aggregates",623,564.2,519.6,611.5,"Age-sex standardised rate per 100,000",NA,NA,NA,NA,NA,NA,NA
"Psychiatric patient hospitalisations","S12000049","3","2005/06 to 2007/08 financial years; 3-year aggregates",472.3,420.1,382.1,460.8,"Age-sex standardised rate per 100,000",NA,NA,NA,NA,NA,NA,NA
"Psychiatric patient hospitalisations","S12000049","4","2005/06 to 2007/08 financial years; 3-year aggregates",334,320.8,284.7,360,"Age-sex standardised rate per 100,000",NA,NA,NA,NA,NA,NA,NA
"Psychiatric patient hospitalisations","S12000049","5 - least deprived","2005/06 to 2007/08 financial years; 3-year aggregates",193,182.4,155.7,212.2,"Age-sex standardised rate per 100,000",NA,NA,NA,NA,NA,NA,NA
"Psychiatric patient hospitalisations","S12000049","Total","2005/06 to 2007/08 financial years; 3-year aggregates",2349.7,424,406.3,442.2,"Age-sex standardised rate per 100,000",71.3,63.4,79.2,604.5,537.5,671.5,57.7
"Psychiatric patient hospitalisations","S12000049","1 - most deprived","2006/07 to 2008/09 financial years; 3-year aggregates",726,655.8,607.6,706.7,"Age-sex standardised rate per 100,000",NA,NA,NA,NA,NA,NA,NA
"Psychiatric patient hospitalisations","S12000049","2","2006/07 to 2008/09 financial years; 3-year aggregates",601.7,536.8,493.8,582.4,"Age-sex standardised rate per 100,000",NA,NA,NA,NA,NA,NA,NA
"Psychiatric patient hospitalisations","S12000049","3","2006/07 to 2008/09 financial years; 3-year aggregates",449.3,398.2,361,438,"Age-sex standardised rate per 100,000",NA,NA,NA,NA,NA,NA,NA
"Psychiatric patient hospitalisations","S12000049","4","2006/07 to 2008/09 financial years; 3-year aggregates",330.3,315.8,280.1,354.6,"Age-sex standardised rate per 100,000",NA,NA,NA,NA,NA,NA,NA
"Psychiatric patient hospitalisations","S12000049","5 - least deprived","2006/07 to 2008/09 financial years; 3-year aggregates",201.3,196.6,167.9,228.4,"Age-sex standardised rate per 100,000",NA,NA,NA,NA,NA,NA,NA
"Psychiatric patient hospitalisations","S12000049","Total","2006/07 to 2008/09 financial years; 3-year aggregates",2308.7,414.8,397.4,432.8,"Age-sex standardised rate per 100,000",68.9,60.1,77.7,571.6,498.8,644.3,53.4
"Psychiatric patient hospitalisations","S12000049","1 - most deprived","2007/08 to 2009/10 financial years; 3-year aggregates",725,648.5,600.9,698.8,"Age-sex standardised rate per 100,000",NA,NA,NA,NA,NA,NA,NA
"Psychiatric patient hospitalisations","S12000049","2","2007/08 to 2009/10 financial years; 3-year aggregates",578.7,511.4,469.6,555.9,"Age-sex standardised rate per 100,000",NA,NA,NA,NA,NA,NA,NA
"Psychiatric patient hospitalisations","S12000049","3","2007/08 to 2009/10 financial years; 3-year aggregates",412,366.3,330.2,405.2,"Age-sex standardised rate per 100,000",NA,NA,NA,NA,NA,NA,NA
"Psychiatric patient hospitalisations","S12000049","4","2007/08 to 2009/10 financial years; 3-year aggregates",326.3,310.7,275.4,349.1,"Age-sex standardised rate per 100,000",NA,NA,NA,NA,NA,NA,NA
"Psychiatric patient hospitalisations","S12000049","5 - least deprived","2007/08 to 2009/10 financial years; 3-year aggregates",209,207.3,177.2,240.6,"Age-sex standardised rate per 100,000",NA,NA,NA,NA,NA,NA,NA
"Psychiatric patient hospitalisations","S12000049","Total","2007/08 to 2009/10 financial years; 3-year aggregates",2251,403.6,386.3,421.3,"Age-sex standardised rate per 100,000",67.4,49.2,85.5,543.8,397.2,690.5,49.5
"Psychiatric patient hospitalisations","S12000049","1 - most deprived","2008/09 to 2010/11 financial years; 3-year aggregates",705,614.6,569.1,662.6,"Age-sex standardised rate per 100,000",NA,NA,NA,NA,NA,NA,NA
"Psychiatric patient hospitalisations","S12000049","2","2008/09 to 2010/11 financial years; 3-year aggregates",554.3,486.9,446.3,530.2,"Age-sex standardised rate per 100,000",NA,NA,NA,NA,NA,NA,NA
"Psychiatric patient hospitalisations","S12000049","3","2008/09 to 2010/11 financial years; 3-year aggregates",396.3,357.8,321.3,397.1,"Age-sex standardised rate per 100,000",NA,NA,NA,NA,NA,NA,NA
"Psychiatric patient hospitalisations","S12000049","4","2008/09 to 2010/11 financial years; 3-year aggregates",304.7,288.4,254.1,325.7,"Age-sex standardised rate per 100,000",NA,NA,NA,NA,NA,NA,NA
"Psychiatric patient hospitalisations","S12000049","5 - least deprived","2008/09 to 2010/11 financial years; 3-year aggregates",182.7,178.4,151.3,208.8,"Age-sex standardised rate per 100,000",NA,NA,NA,NA,NA,NA,NA
"Psychiatric patient hospitalisations","S12000049","Total","2008/09 to 2010/11 financial years; 3-year aggregates",2143,382.2,365.5,399.5,"Age-sex standardised rate per 100,000",70.4,58,82.7,538.2,443.8,632.6,53.9
"Psychiatric patient hospitalisations","S12000049","1 - most deprived","2009/10 to 2011/12 financial years; 3-year aggregates",672.7,576.7,532.9,623.1,"Age-sex standardised rate per 100,000",NA,NA,NA,NA,NA,NA,NA
"Psychiatric patient hospitalisations","S12000049","2","2009/10 to 2011/12 financial years; 3-year aggregates",538.3,471.6,431.6,514.1,"Age-sex standardised rate per 100,000",NA,NA,NA,NA,NA,NA,NA
"Psychiatric patient hospitalisations","S12000049","3","2009/10 to 2011/12 financial years; 3-year aggregates",385.3,349.9,314.2,388.5,"Age-sex standardised rate per 100,000",NA,NA,NA,NA,NA,NA,NA
"Psychiatric patient hospitalisations","S12000049","4","2009/10 to 2011/12 financial years; 3-year aggregates",285.7,273.4,239.4,310.5,"Age-sex standardised rate per 100,000",NA,NA,NA,NA,NA,NA,NA
"Psychiatric patient hospitalisations","S12000049","5 - least deprived","2009/10 to 2011/12 financial years; 3-year aggregates",178,167.6,142.2,196,"Age-sex standardised rate per 100,000",NA,NA,NA,NA,NA,NA,NA
"Psychiatric patient hospitalisations","S12000049","Total","2009/10 to 2011/12 financial years; 3-year aggregates",2060,366.1,349.7,383,"Age-sex standardised rate per 100,000",69.8,62.1,77.5,511.1,454.8,567.5,54.7
"Psychiatric patient hospitalisations","S12000049","1 - most deprived","2010/11 to 2012/13 financial years; 3-year aggregates",645.7,542.2,500.2,586.7,"Age-sex standardised rate per 100,000",NA,NA,NA,NA,NA,NA,NA
"Psychiatric patient hospitalisations","S12000049","2","2010/11 to 2012/13 financial years; 3-year aggregates",537,467.2,427.6,509.4,"Age-sex standardised rate per 100,000",NA,NA,NA,NA,NA,NA,NA
"Psychiatric patient hospitalisations","S12000049","3","2010/11 to 2012/13 financial years; 3-year aggregates",404,365.5,329.4,404.4,"Age-sex standardised rate per 100,000",NA,NA,NA,NA,NA,NA,NA
"Psychiatric patient hospitalisations","S12000049","4","2010/11 to 2012/13 financial years; 3-year aggregates",276,262.9,229.8,299.1,"Age-sex standardised rate per 100,000",NA,NA,NA,NA,NA,NA,NA
"Psychiatric patient hospitalisations","S12000049","5 - least deprived","2010/11 to 2012/13 financial years; 3-year aggregates",167.3,156,132,182.9,"Age-sex standardised rate per 100,000",NA,NA,NA,NA,NA,NA,NA
"Psychiatric patient hospitalisations","S12000049","Total","2010/11 to 2012/13 financial years; 3-year aggregates",2030,357.7,341.7,374.3,"Age-sex standardised rate per 100,000",68.6,60.1,77.1,491,430.2,551.8,56.7
"Psychiatric patient hospitalisations","S12000049","1 - most deprived","2011/12 to 2013/14 financial years; 3-year aggregates",657.3,550.2,508,595,"Age-sex standardised rate per 100,000",NA,NA,NA,NA,NA,NA,NA
"Psychiatric patient hospitalisations","S12000049","2","2011/12 to 2013/14 financial years; 3-year aggregates",551,481,440.8,523.9,"Age-sex standardised rate per 100,000",NA,NA,NA,NA,NA,NA,NA
"Psychiatric patient hospitalisations","S12000049","3","2011/12 to 2013/14 financial years; 3-year aggregates",402.3,362.9,327.2,401.4,"Age-sex standardised rate per 100,000",NA,NA,NA,NA,NA,NA,NA
"Psychiatric patient hospitalisations","S12000049","4","2011/12 to 2013/14 financial years; 3-year aggregates",276.7,259.1,226.6,294.5,"Age-sex standardised rate per 100,000",NA,NA,NA,NA,NA,NA,NA
"Psychiatric patient hospitalisations","S12000049","5 - least deprived","2011/12 to 2013/14 financial years; 3-year aggregates",184,167.9,143.3,195.3,"Age-sex standardised rate per 100,000",NA,NA,NA,NA,NA,NA,NA
"Psychiatric patient hospitalisations","S12000049","Total","2011/12 to 2013/14 financial years; 3-year aggregates",2071.3,363.3,347.2,379.9,"Age-sex standardised rate per 100,000",68.3,58.6,78.1,496.3,425.5,567.1,54.1
"Psychiatric patient hospitalisations","S12000049","1 - most deprived","2012/13 to 2014/15 financial years; 3-year aggregates",678.7,574.8,531.3,620.7,"Age-sex standardised rate per 100,000",NA,NA,NA,NA,NA,NA,NA
"Psychiatric patient hospitalisations","S12000049","2","2012/13 to 2014/15 financial years; 3-year aggregates",549,480.1,440,522.9,"Age-sex standardised rate per 100,000",NA,NA,NA,NA,NA,NA,NA
"Psychiatric patient hospitalisations","S12000049","3","2012/13 to 2014/15 financial years; 3-year aggregates",391,348.8,314.1,386.2,"Age-sex standardised rate per 100,000",NA,NA,NA,NA,NA,NA,NA
"Psychiatric patient hospitalisations","S12000049","4","2012/13 to 2014/15 financial years; 3-year aggregates",277.7,253.8,222.7,287.8,"Age-sex standardised rate per 100,000",NA,NA,NA,NA,NA,NA,NA
"Psychiatric patient hospitalisations","S12000049","5 - least deprived","2012/13 to 2014/15 financial years; 3-year aggregates",178.7,163.7,139.3,190.9,"Age-sex standardised rate per 100,000",NA,NA,NA,NA,NA,NA,NA
"Psychiatric patient hospitalisations","S12000049","Total","2012/13 to 2014/15 financial years; 3-year aggregates",2075,362.6,346.6,379.1,"Age-sex standardised rate per 100,000",72.6,63.8,81.5,526.8,462.5,591.1,55.2
"Psychiatric patient hospitalisations","S12000049","1 - most deprived","2013/14 to 2015/16 financial years; 3-year aggregates",699.3,598.2,553.6,645.3,"Age-sex standardised rate per 100,000",NA,NA,NA,NA,NA,NA,NA
"Psychiatric patient hospitalisations","S12000049","2","2013/14 to 2015/16 financial years; 3-year aggregates",546,476.2,436.3,518.7,"Age-sex standardised rate per 100,000",NA,NA,NA,NA,NA,NA,NA
"Psychiatric patient hospitalisations","S12000049","3","2013/14 to 2015/16 financial years; 3-year aggregates",376.3,329.1,295.8,365.1,"Age-sex standardised rate per 100,000",NA,NA,NA,NA,NA,NA,NA
"Psychiatric patient hospitalisations","S12000049","4","2013/14 to 2015/16 financial years; 3-year aggregates",263.3,236.6,206.7,269.3,"Age-sex standardised rate per 100,000",NA,NA,NA,NA,NA,NA,NA
"Psychiatric patient hospitalisations","S12000049","5 - least deprived","2013/14 to 2015/16 financial years; 3-year aggregates",189.3,173.4,148.2,201.5,"Age-sex standardised rate per 100,000",NA,NA,NA,NA,NA,NA,NA
"Psychiatric patient hospitalisations","S12000049","Total","2013/14 to 2015/16 financial years; 3-year aggregates",2074.3,360.6,344.7,377,"Age-sex standardised rate per 100,000",75.8,55.4,96.1,546.3,399.3,693.3,52.3
"Psychiatric patient hospitalisations","S12000049","1 - most deprived","2014/15 to 2016/17 financial years; 3-year aggregates",681,585.6,541.4,632.5,"Age-sex standardised rate per 100,000",NA,NA,NA,NA,NA,NA,NA
"Psychiatric patient hospitalisations","S12000049","2","2014/15 to 2016/17 financial years; 3-year aggregates",541,463.9,424.8,505.6,"Age-sex standardised rate per 100,000",NA,NA,NA,NA,NA,NA,NA
"Psychiatric patient hospitalisations","S12000049","3","2014/15 to 2016/17 financial years; 3-year aggregates",363.7,309.9,277.8,344.5,"Age-sex standardised rate per 100,000",NA,NA,NA,NA,NA,NA,NA
"Psychiatric patient hospitalisations","S12000049","4","2014/15 to 2016/17 financial years; 3-year aggregates",262,233.5,203.9,265.9,"Age-sex standardised rate per 100,000",NA,NA,NA,NA,NA,NA,NA
"Psychiatric patient hospitalisations","S12000049","5 - least deprived","2014/15 to 2016/17 financial years; 3-year aggregates",195,181.3,155,210.5,"Age-sex standardised rate per 100,000",NA,NA,NA,NA,NA,NA,NA
"Psychiatric patient hospitalisations","S12000049","Total","2014/15 to 2016/17 financial years; 3-year aggregates",2042.7,351.5,335.8,367.6,"Age-sex standardised rate per 100,000",73.9,47.5,100.3,519.7,334.1,705.4,48.9
"Psychiatric patient hospitalisations","S12000049","1 - most deprived","2015/16 to 2017/18 financial years; 3-year aggregates",673,577.1,533.1,623.6,"Age-sex standardised rate per 100,000",NA,NA,NA,NA,NA,NA,NA
"Psychiatric patient hospitalisations","S12000049","2","2015/16 to 2017/18 financial years; 3-year aggregates",516.3,436.5,398.7,476.7,"Age-sex standardised rate per 100,000",NA,NA,NA,NA,NA,NA,NA
"Psychiatric patient hospitalisations","S12000049","3","2015/16 to 2017/18 financial years; 3-year aggregates",375.3,316.9,284.5,351.8,"Age-sex standardised rate per 100,000",NA,NA,NA,NA,NA,NA,NA
"Psychiatric patient hospitalisations","S12000049","4","2015/16 to 2017/18 financial years; 3-year aggregates",256.7,222.9,194.4,254.2,"Age-sex standardised rate per 100,000",NA,NA,NA,NA,NA,NA,NA
"Psychiatric patient hospitalisations","S12000049","5 - least deprived","2015/16 to 2017/18 financial years; 3-year aggregates",205,188.2,161.6,217.8,"Age-sex standardised rate per 100,000",NA,NA,NA,NA,NA,NA,NA
"Psychiatric patient hospitalisations","S12000049","Total","2015/16 to 2017/18 financial years; 3-year aggregates",2026.3,345.4,329.9,361.4,"Age-sex standardised rate per 100,000",71.8,44.5,99.1,495.8,307.1,684.6,45.9
"Psychiatric patient hospitalisations","S12000049","1 - most deprived","2016/17 to 2018/19 financial years; 3-year aggregates",665,567.6,524.1,613.8,"Age-sex standardised rate per 100,000",NA,NA,NA,NA,NA,NA,NA
"Psychiatric patient hospitalisations","S12000049","2","2016/17 to 2018/19 financial years; 3-year aggregates",514.3,428.9,391.6,468.6,"Age-sex standardised rate per 100,000",NA,NA,NA,NA,NA,NA,NA
"Psychiatric patient hospitalisations","S12000049","3","2016/17 to 2018/19 financial years; 3-year aggregates",368.3,310.8,278.6,345.6,"Age-sex standardised rate per 100,000",NA,NA,NA,NA,NA,NA,NA
"Psychiatric patient hospitalisations","S12000049","4","2016/17 to 2018/19 financial years; 3-year aggregates",265,231.3,202.4,262.9,"Age-sex standardised rate per 100,000",NA,NA,NA,NA,NA,NA,NA
"Psychiatric patient hospitalisations","S12000049","5 - least deprived","2016/17 to 2018/19 financial years; 3-year aggregates",198.3,177.3,151.7,205.9,"Age-sex standardised rate per 100,000",NA,NA,NA,NA,NA,NA,NA
"Psychiatric patient hospitalisations","S12000049","Total","2016/17 to 2018/19 financial years; 3-year aggregates",2011,340.2,324.8,356,"Age-sex standardised rate per 100,000",71.9,48,95.8,489.3,326.8,651.8,48.3
"Psychiatric patient hospitalisations","S12000049","1 - most deprived","2017/18 to 2019/20 financial years; 3-year aggregates",683,578.1,534.3,624.4,"Age-sex standardised rate per 100,000",NA,NA,NA,NA,NA,NA,NA
"Psychiatric patient hospitalisations","S12000049","2","2017/18 to 2019/20 financial years; 3-year aggregates",499,415.6,378.9,454.8,"Age-sex standardised rate per 100,000",NA,NA,NA,NA,NA,NA,NA
"Psychiatric patient hospitalisations","S12000049","3","2017/18 to 2019/20 financial years; 3-year aggregates",381.7,323.5,290.4,359.2,"Age-sex standardised rate per 100,000",NA,NA,NA,NA,NA,NA,NA
"Psychiatric patient hospitalisations","S12000049","4","2017/18 to 2019/20 financial years; 3-year aggregates",278.3,243.8,214.2,276,"Age-sex standardised rate per 100,000",NA,NA,NA,NA,NA,NA,NA
"Psychiatric patient hospitalisations","S12000049","5 - least deprived","2017/18 to 2019/20 financial years; 3-year aggregates",192.3,165.8,141.4,193,"Age-sex standardised rate per 100,000",NA,NA,NA,NA,NA,NA,NA
"Psychiatric patient hospitalisations","S12000049","Total","2017/18 to 2019/20 financial years; 3-year aggregates",2034.3,342.6,327.2,358.4,"Age-sex standardised rate per 100,000",72.7,50.1,95.4,498.3,343,653.6,52
