"indicator","geography_code","quintile","period","numerator","indicator_measure","lower_confidence_interval","upper_confidence_interval","definition","relative_inequality_gap","lower_confidence_interval_relative_ineq","upper_confidence_interval_relative_ineq","absolute_inequality_gap","lower_confidence_interval_absolute_ineq","upper_confidence_interval_absolute_ineq","population_attributable_risk"
"Psychiatric patient hospitalisations","S12000030","1 - most deprived","2002/03 to 2004/05 financial years; 3-year aggregates",87.3,584.7,461.6,729.1,"Age-sex standardised rate per 100,000",NA,NA,NA,NA,NA,NA,NA
"Psychiatric patient hospitalisations","S12000030","2","2002/03 to 2004/05 financial years; 3-year aggregates",68,392.3,303.1,499.2,"Age-sex standardised rate per 100,000",NA,NA,NA,NA,NA,NA,NA
"Psychiatric patient hospitalisations","S12000030","3","2002/03 to 2004/05 financial years; 3-year aggregates",43.7,257.8,182.6,351.9,"Age-sex standardised rate per 100,000",NA,NA,NA,NA,NA,NA,NA
"Psychiatric patient hospitalisations","S12000030","4","2002/03 to 2004/05 financial years; 3-year aggregates",48.3,289.5,210.2,387.7,"Age-sex standardised rate per 100,000",NA,NA,NA,NA,NA,NA,NA
"Psychiatric patient hospitalisations","S12000030","5 - least deprived","2002/03 to 2004/05 financial years; 3-year aggregates",29.7,221.7,135.8,334.8,"Age-sex standardised rate per 100,000",NA,NA,NA,NA,NA,NA,NA
"Psychiatric patient hospitalisations","S12000030","Total","2002/03 to 2004/05 financial years; 3-year aggregates",277,344.5,303,389.8,"Age-sex standardised rate per 100,000",59,3.9,114.1,406.4,26.8,786,36.2
"Psychiatric patient hospitalisations","S12000030","1 - most deprived","2003/04 to 2005/06 financial years; 3-year aggregates",86.7,563.1,444.9,701.9,"Age-sex standardised rate per 100,000",NA,NA,NA,NA,NA,NA,NA
"Psychiatric patient hospitalisations","S12000030","2","2003/04 to 2005/06 financial years; 3-year aggregates",61.7,352.4,268.4,453.9,"Age-sex standardised rate per 100,000",NA,NA,NA,NA,NA,NA,NA
"Psychiatric patient hospitalisations","S12000030","3","2003/04 to 2005/06 financial years; 3-year aggregates",46.7,279.3,201.1,376.5,"Age-sex standardised rate per 100,000",NA,NA,NA,NA,NA,NA,NA
"Psychiatric patient hospitalisations","S12000030","4","2003/04 to 2005/06 financial years; 3-year aggregates",36,218.8,148.7,308.8,"Age-sex standardised rate per 100,000",NA,NA,NA,NA,NA,NA,NA
"Psychiatric patient hospitalisations","S12000030","5 - least deprived","2003/04 to 2005/06 financial years; 3-year aggregates",25,189,108.3,297.8,"Age-sex standardised rate per 100,000",NA,NA,NA,NA,NA,NA,NA
"Psychiatric patient hospitalisations","S12000030","Total","2003/04 to 2005/06 financial years; 3-year aggregates",256,315.9,276.7,359,"Age-sex standardised rate per 100,000",69,20,117.9,435.8,126.5,745.2,40.9
"Psychiatric patient hospitalisations","S12000030","1 - most deprived","2004/05 to 2006/07 financial years; 3-year aggregates",80,509.5,398.9,640.2,"Age-sex standardised rate per 100,000",NA,NA,NA,NA,NA,NA,NA
"Psychiatric patient hospitalisations","S12000030","2","2004/05 to 2006/07 financial years; 3-year aggregates",60,347.1,261.9,450.3,"Age-sex standardised rate per 100,000",NA,NA,NA,NA,NA,NA,NA
"Psychiatric patient hospitalisations","S12000030","3","2004/05 to 2006/07 financial years; 3-year aggregates",49,299.8,217.5,401.5,"Age-sex standardised rate per 100,000",NA,NA,NA,NA,NA,NA,NA
"Psychiatric patient hospitalisations","S12000030","4","2004/05 to 2006/07 financial years; 3-year aggregates",33,210.4,139.7,302.2,"Age-sex standardised rate per 100,000",NA,NA,NA,NA,NA,NA,NA
"Psychiatric patient hospitalisations","S12000030","5 - least deprived","2004/05 to 2006/07 financial years; 3-year aggregates",22.3,158.7,89.5,253.7,"Age-sex standardised rate per 100,000",NA,NA,NA,NA,NA,NA,NA
"Psychiatric patient hospitalisations","S12000030","Total","2004/05 to 2006/07 financial years; 3-year aggregates",244.3,302.6,264.1,345,"Age-sex standardised rate per 100,000",68.9,39.9,97.8,416.8,241.6,592.1,48
"Psychiatric patient hospitalisations","S12000030","1 - most deprived","2005/06 to 2007/08 financial years; 3-year aggregates",72.3,442.9,341.7,563.5,"Age-sex standardised rate per 100,000",NA,NA,NA,NA,NA,NA,NA
"Psychiatric patient hospitalisations","S12000030","2","2005/06 to 2007/08 financial years; 3-year aggregates",52,311.1,228.7,412.5,"Age-sex standardised rate per 100,000",NA,NA,NA,NA,NA,NA,NA
"Psychiatric patient hospitalisations","S12000030","3","2005/06 to 2007/08 financial years; 3-year aggregates",48.7,296.9,215.5,397.7,"Age-sex standardised rate per 100,000",NA,NA,NA,NA,NA,NA,NA
"Psychiatric patient hospitalisations","S12000030","4","2005/06 to 2007/08 financial years; 3-year aggregates",30.3,185.3,123.6,266.2,"Age-sex standardised rate per 100,000",NA,NA,NA,NA,NA,NA,NA
"Psychiatric patient hospitalisations","S12000030","5 - least deprived","2005/06 to 2007/08 financial years; 3-year aggregates",22,166.2,88.9,272.6,"Age-sex standardised rate per 100,000",NA,NA,NA,NA,NA,NA,NA
"Psychiatric patient hospitalisations","S12000030","Total","2005/06 to 2007/08 financial years; 3-year aggregates",225.3,278.7,241.7,319.6,"Age-sex standardised rate per 100,000",61,30,92,340,167.1,512.9,40.9
"Psychiatric patient hospitalisations","S12000030","1 - most deprived","2006/07 to 2008/09 financial years; 3-year aggregates",71.7,434,335,552.1,"Age-sex standardised rate per 100,000",NA,NA,NA,NA,NA,NA,NA
"Psychiatric patient hospitalisations","S12000030","2","2006/07 to 2008/09 financial years; 3-year aggregates",52.3,325.3,236.6,434.4,"Age-sex standardised rate per 100,000",NA,NA,NA,NA,NA,NA,NA
"Psychiatric patient hospitalisations","S12000030","3","2006/07 to 2008/09 financial years; 3-year aggregates",39.7,241.4,168.8,333.3,"Age-sex standardised rate per 100,000",NA,NA,NA,NA,NA,NA,NA
"Psychiatric patient hospitalisations","S12000030","4","2006/07 to 2008/09 financial years; 3-year aggregates",32,196.1,132.4,279.1,"Age-sex standardised rate per 100,000",NA,NA,NA,NA,NA,NA,NA
"Psychiatric patient hospitalisations","S12000030","5 - least deprived","2006/07 to 2008/09 financial years; 3-year aggregates",20.3,150.7,82.1,246.3,"Age-sex standardised rate per 100,000",NA,NA,NA,NA,NA,NA,NA
"Psychiatric patient hospitalisations","S12000030","Total","2006/07 to 2008/09 financial years; 3-year aggregates",216,267.9,231.5,308.1,"Age-sex standardised rate per 100,000",65.4,41.2,89.5,350.3,221,479.7,44.4
"Psychiatric patient hospitalisations","S12000030","1 - most deprived","2007/08 to 2009/10 financial years; 3-year aggregates",74.7,435.8,338,551.9,"Age-sex standardised rate per 100,000",NA,NA,NA,NA,NA,NA,NA
"Psychiatric patient hospitalisations","S12000030","2","2007/08 to 2009/10 financial years; 3-year aggregates",52,314.9,231.7,417.3,"Age-sex standardised rate per 100,000",NA,NA,NA,NA,NA,NA,NA
"Psychiatric patient hospitalisations","S12000030","3","2007/08 to 2009/10 financial years; 3-year aggregates",36.3,208,145,288.7,"Age-sex standardised rate per 100,000",NA,NA,NA,NA,NA,NA,NA
"Psychiatric patient hospitalisations","S12000030","4","2007/08 to 2009/10 financial years; 3-year aggregates",31,186.7,125.5,266.7,"Age-sex standardised rate per 100,000",NA,NA,NA,NA,NA,NA,NA
"Psychiatric patient hospitalisations","S12000030","5 - least deprived","2007/08 to 2009/10 financial years; 3-year aggregates",22,166.8,96.9,263,"Age-sex standardised rate per 100,000",NA,NA,NA,NA,NA,NA,NA
"Psychiatric patient hospitalisations","S12000030","Total","2007/08 to 2009/10 financial years; 3-year aggregates",216,263.9,228.6,303,"Age-sex standardised rate per 100,000",64.1,20.7,107.5,338.4,109.4,567.4,37
"Psychiatric patient hospitalisations","S12000030","1 - most deprived","2008/09 to 2010/11 financial years; 3-year aggregates",77,449.5,351.7,565.5,"Age-sex standardised rate per 100,000",NA,NA,NA,NA,NA,NA,NA
"Psychiatric patient hospitalisations","S12000030","2","2008/09 to 2010/11 financial years; 3-year aggregates",52,315.2,232.1,417.3,"Age-sex standardised rate per 100,000",NA,NA,NA,NA,NA,NA,NA
"Psychiatric patient hospitalisations","S12000030","3","2008/09 to 2010/11 financial years; 3-year aggregates",33.3,184.3,126.3,259.4,"Age-sex standardised rate per 100,000",NA,NA,NA,NA,NA,NA,NA
"Psychiatric patient hospitalisations","S12000030","4","2008/09 to 2010/11 financial years; 3-year aggregates",33,207.4,141.5,292.8,"Age-sex standardised rate per 100,000",NA,NA,NA,NA,NA,NA,NA
"Psychiatric patient hospitalisations","S12000030","5 - least deprived","2008/09 to 2010/11 financial years; 3-year aggregates",24,169.9,103.6,259.8,"Age-sex standardised rate per 100,000",NA,NA,NA,NA,NA,NA,NA
"Psychiatric patient hospitalisations","S12000030","Total","2008/09 to 2010/11 financial years; 3-year aggregates",219.3,265.8,230.9,304.3,"Age-sex standardised rate per 100,000",63.8,6.8,120.8,339.1,36.2,641.9,36.4
"Psychiatric patient hospitalisations","S12000030","1 - most deprived","2009/10 to 2011/12 financial years; 3-year aggregates",74.7,438.3,340.6,554.3,"Age-sex standardised rate per 100,000",NA,NA,NA,NA,NA,NA,NA
"Psychiatric patient hospitalisations","S12000030","2","2009/10 to 2011/12 financial years; 3-year aggregates",49,287.9,210.8,383.3,"Age-sex standardised rate per 100,000",NA,NA,NA,NA,NA,NA,NA
"Psychiatric patient hospitalisations","S12000030","3","2009/10 to 2011/12 financial years; 3-year aggregates",36.7,195.8,136.8,271.2,"Age-sex standardised rate per 100,000",NA,NA,NA,NA,NA,NA,NA
"Psychiatric patient hospitalisations","S12000030","4","2009/10 to 2011/12 financial years; 3-year aggregates",33,210.5,143.3,297.8,"Age-sex standardised rate per 100,000",NA,NA,NA,NA,NA,NA,NA
"Psychiatric patient hospitalisations","S12000030","5 - least deprived","2009/10 to 2011/12 financial years; 3-year aggregates",25.7,173.7,108.2,261.7,"Age-sex standardised rate per 100,000",NA,NA,NA,NA,NA,NA,NA
"Psychiatric patient hospitalisations","S12000030","Total","2009/10 to 2011/12 financial years; 3-year aggregates",219,262.4,228,300.5,"Age-sex standardised rate per 100,000",58.5,4.2,112.9,307.3,22,592.6,33.9
"Psychiatric patient hospitalisations","S12000030","1 - most deprived","2010/11 to 2012/13 financial years; 3-year aggregates",74.3,442.5,344.3,559.3,"Age-sex standardised rate per 100,000",NA,NA,NA,NA,NA,NA,NA
"Psychiatric patient hospitalisations","S12000030","2","2010/11 to 2012/13 financial years; 3-year aggregates",44.3,252.4,181.8,340.8,"Age-sex standardised rate per 100,000",NA,NA,NA,NA,NA,NA,NA
"Psychiatric patient hospitalisations","S12000030","3","2010/11 to 2012/13 financial years; 3-year aggregates",35.3,179.6,124.4,250.4,"Age-sex standardised rate per 100,000",NA,NA,NA,NA,NA,NA,NA
"Psychiatric patient hospitalisations","S12000030","4","2010/11 to 2012/13 financial years; 3-year aggregates",32,206,139.3,292.8,"Age-sex standardised rate per 100,000",NA,NA,NA,NA,NA,NA,NA
"Psychiatric patient hospitalisations","S12000030","5 - least deprived","2010/11 to 2012/13 financial years; 3-year aggregates",24.3,157,96.3,239.3,"Age-sex standardised rate per 100,000",NA,NA,NA,NA,NA,NA,NA
"Psychiatric patient hospitalisations","S12000030","Total","2010/11 to 2012/13 financial years; 3-year aggregates",210.3,247.9,214.8,284.6,"Age-sex standardised rate per 100,000",62.7,-7.5,132.9,310.8,-37.3,658.9,36.7
"Psychiatric patient hospitalisations","S12000030","1 - most deprived","2011/12 to 2013/14 financial years; 3-year aggregates",77.3,449.3,351.4,565.4,"Age-sex standardised rate per 100,000",NA,NA,NA,NA,NA,NA,NA
"Psychiatric patient hospitalisations","S12000030","2","2011/12 to 2013/14 financial years; 3-year aggregates",47,270.5,194.7,364.7,"Age-sex standardised rate per 100,000",NA,NA,NA,NA,NA,NA,NA
"Psychiatric patient hospitalisations","S12000030","3","2011/12 to 2013/14 financial years; 3-year aggregates",38,198.2,138.8,273.8,"Age-sex standardised rate per 100,000",NA,NA,NA,NA,NA,NA,NA
"Psychiatric patient hospitalisations","S12000030","4","2011/12 to 2013/14 financial years; 3-year aggregates",32.3,198.6,134.7,281.8,"Age-sex standardised rate per 100,000",NA,NA,NA,NA,NA,NA,NA
"Psychiatric patient hospitalisations","S12000030","5 - least deprived","2011/12 to 2013/14 financial years; 3-year aggregates",25.7,157,97.7,236.6,"Age-sex standardised rate per 100,000",NA,NA,NA,NA,NA,NA,NA
"Psychiatric patient hospitalisations","S12000030","Total","2011/12 to 2013/14 financial years; 3-year aggregates",220.3,255.1,221.6,292.1,"Age-sex standardised rate per 100,000",64.5,5.5,123.5,329,28.1,629.9,38.6
"Psychiatric patient hospitalisations","S12000030","1 - most deprived","2012/13 to 2014/15 financial years; 3-year aggregates",76,434.6,340.2,546.7,"Age-sex standardised rate per 100,000",NA,NA,NA,NA,NA,NA,NA
"Psychiatric patient hospitalisations","S12000030","2","2012/13 to 2014/15 financial years; 3-year aggregates",49,283.7,206.1,379.7,"Age-sex standardised rate per 100,000",NA,NA,NA,NA,NA,NA,NA
"Psychiatric patient hospitalisations","S12000030","3","2012/13 to 2014/15 financial years; 3-year aggregates",41.3,222.3,158.3,303.1,"Age-sex standardised rate per 100,000",NA,NA,NA,NA,NA,NA,NA
"Psychiatric patient hospitalisations","S12000030","4","2012/13 to 2014/15 financial years; 3-year aggregates",31.3,184,124.4,261.9,"Age-sex standardised rate per 100,000",NA,NA,NA,NA,NA,NA,NA
"Psychiatric patient hospitalisations","S12000030","5 - least deprived","2012/13 to 2014/15 financial years; 3-year aggregates",26.7,156.9,98.4,235.1,"Age-sex standardised rate per 100,000",NA,NA,NA,NA,NA,NA,NA
"Psychiatric patient hospitalisations","S12000030","Total","2012/13 to 2014/15 financial years; 3-year aggregates",224.3,255.8,222.5,292.4,"Age-sex standardised rate per 100,000",64.1,21.1,107.2,328,107.8,548.1,39
"Psychiatric patient hospitalisations","S12000030","1 - most deprived","2013/14 to 2015/16 financial years; 3-year aggregates",74,423.6,330.2,534.6,"Age-sex standardised rate per 100,000",NA,NA,NA,NA,NA,NA,NA
"Psychiatric patient hospitalisations","S12000030","2","2013/14 to 2015/16 financial years; 3-year aggregates",53,303.8,224.2,401.5,"Age-sex standardised rate per 100,000",NA,NA,NA,NA,NA,NA,NA
"Psychiatric patient hospitalisations","S12000030","3","2013/14 to 2015/16 financial years; 3-year aggregates",43.3,235.5,169.2,318.6,"Age-sex standardised rate per 100,000",NA,NA,NA,NA,NA,NA,NA
"Psychiatric patient hospitalisations","S12000030","4","2013/14 to 2015/16 financial years; 3-year aggregates",31,177.9,120.1,253.6,"Age-sex standardised rate per 100,000",NA,NA,NA,NA,NA,NA,NA
"Psychiatric patient hospitalisations","S12000030","5 - least deprived","2013/14 to 2015/16 financial years; 3-year aggregates",30,164.6,107.7,239.4,"Age-sex standardised rate per 100,000",NA,NA,NA,NA,NA,NA,NA
"Psychiatric patient hospitalisations","S12000030","Total","2013/14 to 2015/16 financial years; 3-year aggregates",231.3,261,227.6,297.8,"Age-sex standardised rate per 100,000",61.8,28.5,95.1,322.6,148.8,496.3,37.1
"Psychiatric patient hospitalisations","S12000030","1 - most deprived","2014/15 to 2016/17 financial years; 3-year aggregates",71.7,410.3,318.4,519.9,"Age-sex standardised rate per 100,000",NA,NA,NA,NA,NA,NA,NA
"Psychiatric patient hospitalisations","S12000030","2","2014/15 to 2016/17 financial years; 3-year aggregates",53,294.1,217.8,387.7,"Age-sex standardised rate per 100,000",NA,NA,NA,NA,NA,NA,NA
"Psychiatric patient hospitalisations","S12000030","3","2014/15 to 2016/17 financial years; 3-year aggregates",39,211.7,149.1,291.2,"Age-sex standardised rate per 100,000",NA,NA,NA,NA,NA,NA,NA
"Psychiatric patient hospitalisations","S12000030","4","2014/15 to 2016/17 financial years; 3-year aggregates",28.7,165,109.4,238.6,"Age-sex standardised rate per 100,000",NA,NA,NA,NA,NA,NA,NA
"Psychiatric patient hospitalisations","S12000030","5 - least deprived","2014/15 to 2016/17 financial years; 3-year aggregates",30.7,161.9,106.5,234.6,"Age-sex standardised rate per 100,000",NA,NA,NA,NA,NA,NA,NA
"Psychiatric patient hospitalisations","S12000030","Total","2014/15 to 2016/17 financial years; 3-year aggregates",223,248.6,216.3,284.2,"Age-sex standardised rate per 100,000",63.1,22.1,104.2,313.9,109.8,518,34.9
"Psychiatric patient hospitalisations","S12000030","1 - most deprived","2015/16 to 2017/18 financial years; 3-year aggregates",76.7,436,341.4,548.2,"Age-sex standardised rate per 100,000",NA,NA,NA,NA,NA,NA,NA
"Psychiatric patient hospitalisations","S12000030","2","2015/16 to 2017/18 financial years; 3-year aggregates",53,290.2,214.8,382.7,"Age-sex standardised rate per 100,000",NA,NA,NA,NA,NA,NA,NA
"Psychiatric patient hospitalisations","S12000030","3","2015/16 to 2017/18 financial years; 3-year aggregates",40.3,218.9,155.3,299.3,"Age-sex standardised rate per 100,000",NA,NA,NA,NA,NA,NA,NA
"Psychiatric patient hospitalisations","S12000030","4","2015/16 to 2017/18 financial years; 3-year aggregates",31.7,173.5,117.5,246.5,"Age-sex standardised rate per 100,000",NA,NA,NA,NA,NA,NA,NA
"Psychiatric patient hospitalisations","S12000030","5 - least deprived","2015/16 to 2017/18 financial years; 3-year aggregates",33.3,172.2,115.4,245.7,"Age-sex standardised rate per 100,000",NA,NA,NA,NA,NA,NA,NA
"Psychiatric patient hospitalisations","S12000030","Total","2015/16 to 2017/18 financial years; 3-year aggregates",235,258.7,225.9,294.8,"Age-sex standardised rate per 100,000",62.5,14.4,110.6,323.4,74.7,572.2,33.4
"Psychiatric patient hospitalisations","S12000030","1 - most deprived","2016/17 to 2018/19 financial years; 3-year aggregates",75.7,422.3,330.1,531.7,"Age-sex standardised rate per 100,000",NA,NA,NA,NA,NA,NA,NA
"Psychiatric patient hospitalisations","S12000030","2","2016/17 to 2018/19 financial years; 3-year aggregates",47.7,264.8,191.4,355.9,"Age-sex standardised rate per 100,000",NA,NA,NA,NA,NA,NA,NA
"Psychiatric patient hospitalisations","S12000030","3","2016/17 to 2018/19 financial years; 3-year aggregates",38.3,205.7,144.6,283.3,"Age-sex standardised rate per 100,000",NA,NA,NA,NA,NA,NA,NA
"Psychiatric patient hospitalisations","S12000030","4","2016/17 to 2018/19 financial years; 3-year aggregates",29.3,151.6,101.1,218.3,"Age-sex standardised rate per 100,000",NA,NA,NA,NA,NA,NA,NA
"Psychiatric patient hospitalisations","S12000030","5 - least deprived","2016/17 to 2018/19 financial years; 3-year aggregates",32.7,171.1,113.6,245.7,"Age-sex standardised rate per 100,000",NA,NA,NA,NA,NA,NA,NA
"Psychiatric patient hospitalisations","S12000030","Total","2016/17 to 2018/19 financial years; 3-year aggregates",223.7,243.8,212.1,278.9,"Age-sex standardised rate per 100,000",63.4,4.6,122.3,309.4,22.3,596.4,29.7
"Psychiatric patient hospitalisations","S12000030","1 - most deprived","2017/18 to 2019/20 financial years; 3-year aggregates",73.3,401.3,312.8,506.7,"Age-sex standardised rate per 100,000",NA,NA,NA,NA,NA,NA,NA
"Psychiatric patient hospitalisations","S12000030","2","2017/18 to 2019/20 financial years; 3-year aggregates",42.7,237.5,169.5,323,"Age-sex standardised rate per 100,000",NA,NA,NA,NA,NA,NA,NA
"Psychiatric patient hospitalisations","S12000030","3","2017/18 to 2019/20 financial years; 3-year aggregates",38,206.3,145.2,284.2,"Age-sex standardised rate per 100,000",NA,NA,NA,NA,NA,NA,NA
"Psychiatric patient hospitalisations","S12000030","4","2017/18 to 2019/20 financial years; 3-year aggregates",28.7,145.5,96.6,210.3,"Age-sex standardised rate per 100,000",NA,NA,NA,NA,NA,NA,NA
"Psychiatric patient hospitalisations","S12000030","5 - least deprived","2017/18 to 2019/20 financial years; 3-year aggregates",31.7,163.7,108.2,236.1,"Age-sex standardised rate per 100,000",NA,NA,NA,NA,NA,NA,NA
"Psychiatric patient hospitalisations","S12000030","Total","2017/18 to 2019/20 financial years; 3-year aggregates",214.3,231.2,200.7,265,"Age-sex standardised rate per 100,000",61.9,1,122.9,286.4,4.6,568.2,29.3
