"indicator","geography_code","quintile","period","numerator","indicator_measure","lower_confidence_interval","upper_confidence_interval","definition","relative_inequality_gap","lower_confidence_interval_relative_ineq","upper_confidence_interval_relative_ineq","absolute_inequality_gap","lower_confidence_interval_absolute_ineq","upper_confidence_interval_absolute_ineq","population_attributable_risk"
"Psychiatric patient hospitalisations","S12000019","1 - most deprived","2002/03 to 2004/05 financial years; 3-year aggregates",95,638.4,512.4,785.2,"Age-sex standardised rate per 100,000",NA,NA,NA,NA,NA,NA,NA
"Psychiatric patient hospitalisations","S12000019","2","2002/03 to 2004/05 financial years; 3-year aggregates",73.3,483.4,371.5,616.6,"Age-sex standardised rate per 100,000",NA,NA,NA,NA,NA,NA,NA
"Psychiatric patient hospitalisations","S12000019","3","2002/03 to 2004/05 financial years; 3-year aggregates",57.3,373.5,281.8,485.1,"Age-sex standardised rate per 100,000",NA,NA,NA,NA,NA,NA,NA
"Psychiatric patient hospitalisations","S12000019","4","2002/03 to 2004/05 financial years; 3-year aggregates",39.3,308.5,208.6,435.3,"Age-sex standardised rate per 100,000",NA,NA,NA,NA,NA,NA,NA
"Psychiatric patient hospitalisations","S12000019","5 - least deprived","2002/03 to 2004/05 financial years; 3-year aggregates",24,181.8,111.9,276.7,"Age-sex standardised rate per 100,000",NA,NA,NA,NA,NA,NA,NA
"Psychiatric patient hospitalisations","S12000019","Total","2002/03 to 2004/05 financial years; 3-year aggregates",289,392.3,346.1,442.8,"Age-sex standardised rate per 100,000",69.1,52.3,85.8,541.8,410.4,673.3,54
"Psychiatric patient hospitalisations","S12000019","1 - most deprived","2003/04 to 2005/06 financial years; 3-year aggregates",84.3,575.8,444.3,730.5,"Age-sex standardised rate per 100,000",NA,NA,NA,NA,NA,NA,NA
"Psychiatric patient hospitalisations","S12000019","2","2003/04 to 2005/06 financial years; 3-year aggregates",70,459.8,351.4,589.4,"Age-sex standardised rate per 100,000",NA,NA,NA,NA,NA,NA,NA
"Psychiatric patient hospitalisations","S12000019","3","2003/04 to 2005/06 financial years; 3-year aggregates",53.3,359.6,266.5,473.7,"Age-sex standardised rate per 100,000",NA,NA,NA,NA,NA,NA,NA
"Psychiatric patient hospitalisations","S12000019","4","2003/04 to 2005/06 financial years; 3-year aggregates",34,260.9,169.9,378.5,"Age-sex standardised rate per 100,000",NA,NA,NA,NA,NA,NA,NA
"Psychiatric patient hospitalisations","S12000019","5 - least deprived","2003/04 to 2005/06 financial years; 3-year aggregates",24,172.8,107,262.1,"Age-sex standardised rate per 100,000",NA,NA,NA,NA,NA,NA,NA
"Psychiatric patient hospitalisations","S12000019","Total","2003/04 to 2005/06 financial years; 3-year aggregates",265.7,362.2,317.1,411.6,"Age-sex standardised rate per 100,000",69.3,62.9,75.7,501.9,455.8,548.1,52.6
"Psychiatric patient hospitalisations","S12000019","1 - most deprived","2004/05 to 2006/07 financial years; 3-year aggregates",75.3,505.6,384.8,649,"Age-sex standardised rate per 100,000",NA,NA,NA,NA,NA,NA,NA
"Psychiatric patient hospitalisations","S12000019","2","2004/05 to 2006/07 financial years; 3-year aggregates",61,407,304,531.6,"Age-sex standardised rate per 100,000",NA,NA,NA,NA,NA,NA,NA
"Psychiatric patient hospitalisations","S12000019","3","2004/05 to 2006/07 financial years; 3-year aggregates",51.3,345.8,254.1,458.8,"Age-sex standardised rate per 100,000",NA,NA,NA,NA,NA,NA,NA
"Psychiatric patient hospitalisations","S12000019","4","2004/05 to 2006/07 financial years; 3-year aggregates",28.7,224.8,137.6,340,"Age-sex standardised rate per 100,000",NA,NA,NA,NA,NA,NA,NA
"Psychiatric patient hospitalisations","S12000019","5 - least deprived","2004/05 to 2006/07 financial years; 3-year aggregates",25.3,172,109.5,256.2,"Age-sex standardised rate per 100,000",NA,NA,NA,NA,NA,NA,NA
"Psychiatric patient hospitalisations","S12000019","Total","2004/05 to 2006/07 financial years; 3-year aggregates",241.7,330.8,287.5,378.5,"Age-sex standardised rate per 100,000",64.3,51,77.6,425.4,337.3,513.5,47.9
"Psychiatric patient hospitalisations","S12000019","1 - most deprived","2005/06 to 2007/08 financial years; 3-year aggregates",63.7,422.5,319,547.3,"Age-sex standardised rate per 100,000",NA,NA,NA,NA,NA,NA,NA
"Psychiatric patient hospitalisations","S12000019","2","2005/06 to 2007/08 financial years; 3-year aggregates",49.3,330.7,239,444.1,"Age-sex standardised rate per 100,000",NA,NA,NA,NA,NA,NA,NA
"Psychiatric patient hospitalisations","S12000019","3","2005/06 to 2007/08 financial years; 3-year aggregates",47.7,323.9,234.6,434.8,"Age-sex standardised rate per 100,000",NA,NA,NA,NA,NA,NA,NA
"Psychiatric patient hospitalisations","S12000019","4","2005/06 to 2007/08 financial years; 3-year aggregates",27.3,203,126.2,305.2,"Age-sex standardised rate per 100,000",NA,NA,NA,NA,NA,NA,NA
"Psychiatric patient hospitalisations","S12000019","5 - least deprived","2005/06 to 2007/08 financial years; 3-year aggregates",24,167.6,101.3,257.7,"Age-sex standardised rate per 100,000",NA,NA,NA,NA,NA,NA,NA
"Psychiatric patient hospitalisations","S12000019","Total","2005/06 to 2007/08 financial years; 3-year aggregates",212,290.4,250,335.1,"Age-sex standardised rate per 100,000",55,31.3,78.7,319.4,181.5,457.2,42
"Psychiatric patient hospitalisations","S12000019","1 - most deprived","2006/07 to 2008/09 financial years; 3-year aggregates",58,375.2,283.9,486.2,"Age-sex standardised rate per 100,000",NA,NA,NA,NA,NA,NA,NA
"Psychiatric patient hospitalisations","S12000019","2","2006/07 to 2008/09 financial years; 3-year aggregates",43,293.4,206.9,401.9,"Age-sex standardised rate per 100,000",NA,NA,NA,NA,NA,NA,NA
"Psychiatric patient hospitalisations","S12000019","3","2006/07 to 2008/09 financial years; 3-year aggregates",44.3,290.5,207.4,394.4,"Age-sex standardised rate per 100,000",NA,NA,NA,NA,NA,NA,NA
"Psychiatric patient hospitalisations","S12000019","4","2006/07 to 2008/09 financial years; 3-year aggregates",25.3,190.9,115.9,291.9,"Age-sex standardised rate per 100,000",NA,NA,NA,NA,NA,NA,NA
"Psychiatric patient hospitalisations","S12000019","5 - least deprived","2006/07 to 2008/09 financial years; 3-year aggregates",20.7,155.8,84.6,254.8,"Age-sex standardised rate per 100,000",NA,NA,NA,NA,NA,NA,NA
"Psychiatric patient hospitalisations","S12000019","Total","2006/07 to 2008/09 financial years; 3-year aggregates",191.3,260.9,222.8,303.3,"Age-sex standardised rate per 100,000",52,29.7,74.3,271.3,155,387.6,40.3
"Psychiatric patient hospitalisations","S12000019","1 - most deprived","2007/08 to 2009/10 financial years; 3-year aggregates",57.7,375.3,280.7,490.4,"Age-sex standardised rate per 100,000",NA,NA,NA,NA,NA,NA,NA
"Psychiatric patient hospitalisations","S12000019","2","2007/08 to 2009/10 financial years; 3-year aggregates",34,236.1,158.7,336,"Age-sex standardised rate per 100,000",NA,NA,NA,NA,NA,NA,NA
"Psychiatric patient hospitalisations","S12000019","3","2007/08 to 2009/10 financial years; 3-year aggregates",38.3,249.9,173.5,347.2,"Age-sex standardised rate per 100,000",NA,NA,NA,NA,NA,NA,NA
"Psychiatric patient hospitalisations","S12000019","4","2007/08 to 2009/10 financial years; 3-year aggregates",30.3,210.8,138.3,306.1,"Age-sex standardised rate per 100,000",NA,NA,NA,NA,NA,NA,NA
"Psychiatric patient hospitalisations","S12000019","5 - least deprived","2007/08 to 2009/10 financial years; 3-year aggregates",19.7,156.6,84.2,258.1,"Age-sex standardised rate per 100,000",NA,NA,NA,NA,NA,NA,NA
"Psychiatric patient hospitalisations","S12000019","Total","2007/08 to 2009/10 financial years; 3-year aggregates",180,244.9,208,286.1,"Age-sex standardised rate per 100,000",47.3,6.8,87.7,231.5,33.5,429.6,36.5
"Psychiatric patient hospitalisations","S12000019","1 - most deprived","2008/09 to 2010/11 financial years; 3-year aggregates",51.3,331.1,242.4,440.3,"Age-sex standardised rate per 100,000",NA,NA,NA,NA,NA,NA,NA
"Psychiatric patient hospitalisations","S12000019","2","2008/09 to 2010/11 financial years; 3-year aggregates",36,247.2,168.5,348.1,"Age-sex standardised rate per 100,000",NA,NA,NA,NA,NA,NA,NA
"Psychiatric patient hospitalisations","S12000019","3","2008/09 to 2010/11 financial years; 3-year aggregates",36.7,232.7,160.5,325,"Age-sex standardised rate per 100,000",NA,NA,NA,NA,NA,NA,NA
"Psychiatric patient hospitalisations","S12000019","4","2008/09 to 2010/11 financial years; 3-year aggregates",29,195.5,128.2,284.3,"Age-sex standardised rate per 100,000",NA,NA,NA,NA,NA,NA,NA
"Psychiatric patient hospitalisations","S12000019","5 - least deprived","2008/09 to 2010/11 financial years; 3-year aggregates",22.3,171.6,97.1,273.7,"Age-sex standardised rate per 100,000",NA,NA,NA,NA,NA,NA,NA
"Psychiatric patient hospitalisations","S12000019","Total","2008/09 to 2010/11 financial years; 3-year aggregates",175.3,235.9,200.1,276,"Age-sex standardised rate per 100,000",39.5,18,61,186.2,84.7,287.7,27.3
"Psychiatric patient hospitalisations","S12000019","1 - most deprived","2009/10 to 2011/12 financial years; 3-year aggregates",47.7,311.6,224,420.3,"Age-sex standardised rate per 100,000",NA,NA,NA,NA,NA,NA,NA
"Psychiatric patient hospitalisations","S12000019","2","2009/10 to 2011/12 financial years; 3-year aggregates",41,278.7,194.5,385.1,"Age-sex standardised rate per 100,000",NA,NA,NA,NA,NA,NA,NA
"Psychiatric patient hospitalisations","S12000019","3","2009/10 to 2011/12 financial years; 3-year aggregates",34,216,147.4,304.7,"Age-sex standardised rate per 100,000",NA,NA,NA,NA,NA,NA,NA
"Psychiatric patient hospitalisations","S12000019","4","2009/10 to 2011/12 financial years; 3-year aggregates",28.3,178.9,118,259.7,"Age-sex standardised rate per 100,000",NA,NA,NA,NA,NA,NA,NA
"Psychiatric patient hospitalisations","S12000019","5 - least deprived","2009/10 to 2011/12 financial years; 3-year aggregates",22.3,165,97.5,257.6,"Age-sex standardised rate per 100,000",NA,NA,NA,NA,NA,NA,NA
"Psychiatric patient hospitalisations","S12000019","Total","2009/10 to 2011/12 financial years; 3-year aggregates",173.3,231,195.9,270.2,"Age-sex standardised rate per 100,000",42.6,26.8,58.4,196.9,124,269.7,28.3
"Psychiatric patient hospitalisations","S12000019","1 - most deprived","2010/11 to 2012/13 financial years; 3-year aggregates",40.3,258.7,181.5,356.3,"Age-sex standardised rate per 100,000",NA,NA,NA,NA,NA,NA,NA
"Psychiatric patient hospitalisations","S12000019","2","2010/11 to 2012/13 financial years; 3-year aggregates",48.7,322.8,234.9,431.5,"Age-sex standardised rate per 100,000",NA,NA,NA,NA,NA,NA,NA
"Psychiatric patient hospitalisations","S12000019","3","2010/11 to 2012/13 financial years; 3-year aggregates",34.7,213.3,147,298.8,"Age-sex standardised rate per 100,000",NA,NA,NA,NA,NA,NA,NA
"Psychiatric patient hospitalisations","S12000019","4","2010/11 to 2012/13 financial years; 3-year aggregates",24.3,155.3,98.9,231.7,"Age-sex standardised rate per 100,000",NA,NA,NA,NA,NA,NA,NA
"Psychiatric patient hospitalisations","S12000019","5 - least deprived","2010/11 to 2012/13 financial years; 3-year aggregates",22.3,152.4,92,235.5,"Age-sex standardised rate per 100,000",NA,NA,NA,NA,NA,NA,NA
"Psychiatric patient hospitalisations","S12000019","Total","2010/11 to 2012/13 financial years; 3-year aggregates",170.3,220.8,187.7,257.8,"Age-sex standardised rate per 100,000",42.8,-9.5,95.2,189.1,-42.1,420.3,30.7
"Psychiatric patient hospitalisations","S12000019","1 - most deprived","2011/12 to 2013/14 financial years; 3-year aggregates",42.3,269.5,192,367,"Age-sex standardised rate per 100,000",NA,NA,NA,NA,NA,NA,NA
"Psychiatric patient hospitalisations","S12000019","2","2011/12 to 2013/14 financial years; 3-year aggregates",49.7,325.9,239.7,432.4,"Age-sex standardised rate per 100,000",NA,NA,NA,NA,NA,NA,NA
"Psychiatric patient hospitalisations","S12000019","3","2011/12 to 2013/14 financial years; 3-year aggregates",33.3,205.1,140.2,289.2,"Age-sex standardised rate per 100,000",NA,NA,NA,NA,NA,NA,NA
"Psychiatric patient hospitalisations","S12000019","4","2011/12 to 2013/14 financial years; 3-year aggregates",27,173.8,110.5,258.3,"Age-sex standardised rate per 100,000",NA,NA,NA,NA,NA,NA,NA
"Psychiatric patient hospitalisations","S12000019","5 - least deprived","2011/12 to 2013/14 financial years; 3-year aggregates",21.7,148.3,90.3,228.3,"Age-sex standardised rate per 100,000",NA,NA,NA,NA,NA,NA,NA
"Psychiatric patient hospitalisations","S12000019","Total","2011/12 to 2013/14 financial years; 3-year aggregates",174,221.7,189.1,258.1,"Age-sex standardised rate per 100,000",44.3,-3.6,92.3,196.6,-15.9,409,33.7
"Psychiatric patient hospitalisations","S12000019","1 - most deprived","2012/13 to 2014/15 financial years; 3-year aggregates",45,277.3,201.2,372.5,"Age-sex standardised rate per 100,000",NA,NA,NA,NA,NA,NA,NA
"Psychiatric patient hospitalisations","S12000019","2","2012/13 to 2014/15 financial years; 3-year aggregates",43,274.7,197.8,371.3,"Age-sex standardised rate per 100,000",NA,NA,NA,NA,NA,NA,NA
"Psychiatric patient hospitalisations","S12000019","3","2012/13 to 2014/15 financial years; 3-year aggregates",33.3,199.4,136.8,280.6,"Age-sex standardised rate per 100,000",NA,NA,NA,NA,NA,NA,NA
"Psychiatric patient hospitalisations","S12000019","4","2012/13 to 2014/15 financial years; 3-year aggregates",29.3,193.1,126.4,280.9,"Age-sex standardised rate per 100,000",NA,NA,NA,NA,NA,NA,NA
"Psychiatric patient hospitalisations","S12000019","5 - least deprived","2012/13 to 2014/15 financial years; 3-year aggregates",23.7,165.1,102.1,250.8,"Age-sex standardised rate per 100,000",NA,NA,NA,NA,NA,NA,NA
"Psychiatric patient hospitalisations","S12000019","Total","2012/13 to 2014/15 financial years; 3-year aggregates",174.3,218.2,186.4,253.7,"Age-sex standardised rate per 100,000",35.1,13.5,56.7,153.1,58.7,247.5,25.5
"Psychiatric patient hospitalisations","S12000019","1 - most deprived","2013/14 to 2015/16 financial years; 3-year aggregates",51.7,315.6,234.8,415.2,"Age-sex standardised rate per 100,000",NA,NA,NA,NA,NA,NA,NA
"Psychiatric patient hospitalisations","S12000019","2","2013/14 to 2015/16 financial years; 3-year aggregates",39,246,173.9,337.6,"Age-sex standardised rate per 100,000",NA,NA,NA,NA,NA,NA,NA
"Psychiatric patient hospitalisations","S12000019","3","2013/14 to 2015/16 financial years; 3-year aggregates",35.3,215.1,148.4,300.8,"Age-sex standardised rate per 100,000",NA,NA,NA,NA,NA,NA,NA
"Psychiatric patient hospitalisations","S12000019","4","2013/14 to 2015/16 financial years; 3-year aggregates",34,222.4,149.8,316.3,"Age-sex standardised rate per 100,000",NA,NA,NA,NA,NA,NA,NA
"Psychiatric patient hospitalisations","S12000019","5 - least deprived","2013/14 to 2015/16 financial years; 3-year aggregates",25,171.5,108,257.1,"Age-sex standardised rate per 100,000",NA,NA,NA,NA,NA,NA,NA
"Psychiatric patient hospitalisations","S12000019","Total","2013/14 to 2015/16 financial years; 3-year aggregates",185,229.6,197.1,265.9,"Age-sex standardised rate per 100,000",34.1,9.8,58.5,156.8,45.2,268.4,26.7
"Psychiatric patient hospitalisations","S12000019","1 - most deprived","2014/15 to 2016/17 financial years; 3-year aggregates",50,302.4,223.7,399.6,"Age-sex standardised rate per 100,000",NA,NA,NA,NA,NA,NA,NA
"Psychiatric patient hospitalisations","S12000019","2","2014/15 to 2016/17 financial years; 3-year aggregates",35.7,221.6,153.3,309.5,"Age-sex standardised rate per 100,000",NA,NA,NA,NA,NA,NA,NA
"Psychiatric patient hospitalisations","S12000019","3","2014/15 to 2016/17 financial years; 3-year aggregates",38,231.4,161.8,320,"Age-sex standardised rate per 100,000",NA,NA,NA,NA,NA,NA,NA
"Psychiatric patient hospitalisations","S12000019","4","2014/15 to 2016/17 financial years; 3-year aggregates",33,209.9,141.3,298.9,"Age-sex standardised rate per 100,000",NA,NA,NA,NA,NA,NA,NA
"Psychiatric patient hospitalisations","S12000019","5 - least deprived","2014/15 to 2016/17 financial years; 3-year aggregates",26.7,177.5,112.8,263.9,"Age-sex standardised rate per 100,000",NA,NA,NA,NA,NA,NA,NA
"Psychiatric patient hospitalisations","S12000019","Total","2014/15 to 2016/17 financial years; 3-year aggregates",183.3,225.2,193,261.1,"Age-sex standardised rate per 100,000",29.2,3.4,55.1,131.6,15.1,248,22.3
"Psychiatric patient hospitalisations","S12000019","1 - most deprived","2015/16 to 2017/18 financial years; 3-year aggregates",48.3,296.9,218.2,394.4,"Age-sex standardised rate per 100,000",NA,NA,NA,NA,NA,NA,NA
"Psychiatric patient hospitalisations","S12000019","2","2015/16 to 2017/18 financial years; 3-year aggregates",39.7,237.1,167.6,325.4,"Age-sex standardised rate per 100,000",NA,NA,NA,NA,NA,NA,NA
"Psychiatric patient hospitalisations","S12000019","3","2015/16 to 2017/18 financial years; 3-year aggregates",44,261.4,187.9,353.5,"Age-sex standardised rate per 100,000",NA,NA,NA,NA,NA,NA,NA
"Psychiatric patient hospitalisations","S12000019","4","2015/16 to 2017/18 financial years; 3-year aggregates",27.3,172.1,110.8,253.7,"Age-sex standardised rate per 100,000",NA,NA,NA,NA,NA,NA,NA
"Psychiatric patient hospitalisations","S12000019","5 - least deprived","2015/16 to 2017/18 financial years; 3-year aggregates",23.3,142.7,89,215.8,"Age-sex standardised rate per 100,000",NA,NA,NA,NA,NA,NA,NA
"Psychiatric patient hospitalisations","S12000019","Total","2015/16 to 2017/18 financial years; 3-year aggregates",182.7,220.4,188.9,255.5,"Age-sex standardised rate per 100,000",42.5,11.7,73.3,187.2,51.6,322.9,35.6
"Psychiatric patient hospitalisations","S12000019","1 - most deprived","2016/17 to 2018/19 financial years; 3-year aggregates",48,298.7,218.8,397.7,"Age-sex standardised rate per 100,000",NA,NA,NA,NA,NA,NA,NA
"Psychiatric patient hospitalisations","S12000019","2","2016/17 to 2018/19 financial years; 3-year aggregates",38,218.8,153.6,301.9,"Age-sex standardised rate per 100,000",NA,NA,NA,NA,NA,NA,NA
"Psychiatric patient hospitalisations","S12000019","3","2016/17 to 2018/19 financial years; 3-year aggregates",40,232.7,164.8,318.7,"Age-sex standardised rate per 100,000",NA,NA,NA,NA,NA,NA,NA
"Psychiatric patient hospitalisations","S12000019","4","2016/17 to 2018/19 financial years; 3-year aggregates",21.7,133.9,82,205.6,"Age-sex standardised rate per 100,000",NA,NA,NA,NA,NA,NA,NA
"Psychiatric patient hospitalisations","S12000019","5 - least deprived","2016/17 to 2018/19 financial years; 3-year aggregates",28,168.9,110.3,246.6,"Age-sex standardised rate per 100,000",NA,NA,NA,NA,NA,NA,NA
"Psychiatric patient hospitalisations","S12000019","Total","2016/17 to 2018/19 financial years; 3-year aggregates",175.7,209.3,178.8,243.3,"Age-sex standardised rate per 100,000",41.1,-3.4,85.5,171.9,-14.1,358,19.6
"Psychiatric patient hospitalisations","S12000019","1 - most deprived","2017/18 to 2019/20 financial years; 3-year aggregates",47.3,293.2,214.5,390.8,"Age-sex standardised rate per 100,000",NA,NA,NA,NA,NA,NA,NA
"Psychiatric patient hospitalisations","S12000019","2","2017/18 to 2019/20 financial years; 3-year aggregates",42.7,240.7,173.3,325.5,"Age-sex standardised rate per 100,000",NA,NA,NA,NA,NA,NA,NA
"Psychiatric patient hospitalisations","S12000019","3","2017/18 to 2019/20 financial years; 3-year aggregates",43.7,248.6,178.7,336.3,"Age-sex standardised rate per 100,000",NA,NA,NA,NA,NA,NA,NA
"Psychiatric patient hospitalisations","S12000019","4","2017/18 to 2019/20 financial years; 3-year aggregates",21.7,132.6,81.2,203.4,"Age-sex standardised rate per 100,000",NA,NA,NA,NA,NA,NA,NA
"Psychiatric patient hospitalisations","S12000019","5 - least deprived","2017/18 to 2019/20 financial years; 3-year aggregates",27.3,166.5,107.9,244.5,"Age-sex standardised rate per 100,000",NA,NA,NA,NA,NA,NA,NA
"Psychiatric patient hospitalisations","S12000019","Total","2017/18 to 2019/20 financial years; 3-year aggregates",182.7,215.1,184.5,249.3,"Age-sex standardised rate per 100,000",41.9,-0.7,84.5,180.2,-3.1,363.5,23
