"indicator","geography_code","quintile","period","numerator","indicator_measure","lower_confidence_interval","upper_confidence_interval","definition","relative_inequality_gap","lower_confidence_interval_relative_ineq","upper_confidence_interval_relative_ineq","absolute_inequality_gap","lower_confidence_interval_absolute_ineq","upper_confidence_interval_absolute_ineq","population_attributable_risk"
"Psychiatric patient hospitalisations","S12000039","1 - most deprived","2002/03 to 2004/05 financial years; 3-year aggregates",117,683.4,561.7,823.1,"Age-sex standardised rate per 100,000",NA,NA,NA,NA,NA,NA,NA
"Psychiatric patient hospitalisations","S12000039","2","2002/03 to 2004/05 financial years; 3-year aggregates",90,515.3,412.2,635.9,"Age-sex standardised rate per 100,000",NA,NA,NA,NA,NA,NA,NA
"Psychiatric patient hospitalisations","S12000039","3","2002/03 to 2004/05 financial years; 3-year aggregates",65.3,361.5,277.8,462.1,"Age-sex standardised rate per 100,000",NA,NA,NA,NA,NA,NA,NA
"Psychiatric patient hospitalisations","S12000039","4","2002/03 to 2004/05 financial years; 3-year aggregates",57.7,356.2,258.6,475,"Age-sex standardised rate per 100,000",NA,NA,NA,NA,NA,NA,NA
"Psychiatric patient hospitalisations","S12000039","5 - least deprived","2002/03 to 2004/05 financial years; 3-year aggregates",42.7,254.8,176.2,353.7,"Age-sex standardised rate per 100,000",NA,NA,NA,NA,NA,NA,NA
"Psychiatric patient hospitalisations","S12000039","Total","2002/03 to 2004/05 financial years; 3-year aggregates",372.7,427.3,382.6,475.6,"Age-sex standardised rate per 100,000",59.3,27.2,91.5,507,232.4,781.6,41.2
"Psychiatric patient hospitalisations","S12000039","1 - most deprived","2003/04 to 2005/06 financial years; 3-year aggregates",104.7,595.7,484,724.8,"Age-sex standardised rate per 100,000",NA,NA,NA,NA,NA,NA,NA
"Psychiatric patient hospitalisations","S12000039","2","2003/04 to 2005/06 financial years; 3-year aggregates",76.3,436.7,342.2,548.8,"Age-sex standardised rate per 100,000",NA,NA,NA,NA,NA,NA,NA
"Psychiatric patient hospitalisations","S12000039","3","2003/04 to 2005/06 financial years; 3-year aggregates",58.3,323.5,244.6,419.3,"Age-sex standardised rate per 100,000",NA,NA,NA,NA,NA,NA,NA
"Psychiatric patient hospitalisations","S12000039","4","2003/04 to 2005/06 financial years; 3-year aggregates",50,318.9,222,438.5,"Age-sex standardised rate per 100,000",NA,NA,NA,NA,NA,NA,NA
"Psychiatric patient hospitalisations","S12000039","5 - least deprived","2003/04 to 2005/06 financial years; 3-year aggregates",36.7,208.9,142.1,294.3,"Age-sex standardised rate per 100,000",NA,NA,NA,NA,NA,NA,NA
"Psychiatric patient hospitalisations","S12000039","Total","2003/04 to 2005/06 financial years; 3-year aggregates",326,373.4,331.9,418.5,"Age-sex standardised rate per 100,000",59.8,28.8,90.9,446.8,215,678.6,44.6
"Psychiatric patient hospitalisations","S12000039","1 - most deprived","2004/05 to 2006/07 financial years; 3-year aggregates",98.7,548.9,442.8,672.2,"Age-sex standardised rate per 100,000",NA,NA,NA,NA,NA,NA,NA
"Psychiatric patient hospitalisations","S12000039","2","2004/05 to 2006/07 financial years; 3-year aggregates",61.3,342.1,260.5,440.9,"Age-sex standardised rate per 100,000",NA,NA,NA,NA,NA,NA,NA
"Psychiatric patient hospitalisations","S12000039","3","2004/05 to 2006/07 financial years; 3-year aggregates",61.3,351.8,267.3,454.1,"Age-sex standardised rate per 100,000",NA,NA,NA,NA,NA,NA,NA
"Psychiatric patient hospitalisations","S12000039","4","2004/05 to 2006/07 financial years; 3-year aggregates",45,278.4,190.5,388.2,"Age-sex standardised rate per 100,000",NA,NA,NA,NA,NA,NA,NA
"Psychiatric patient hospitalisations","S12000039","5 - least deprived","2004/05 to 2006/07 financial years; 3-year aggregates",32.7,187.8,126.2,267.7,"Age-sex standardised rate per 100,000",NA,NA,NA,NA,NA,NA,NA
"Psychiatric patient hospitalisations","S12000039","Total","2004/05 to 2006/07 financial years; 3-year aggregates",299,340.2,301.3,382.5,"Age-sex standardised rate per 100,000",58.4,18.3,98.5,397.2,124.6,669.8,45.4
"Psychiatric patient hospitalisations","S12000039","1 - most deprived","2005/06 to 2007/08 financial years; 3-year aggregates",99.7,562.1,453.6,688.1,"Age-sex standardised rate per 100,000",NA,NA,NA,NA,NA,NA,NA
"Psychiatric patient hospitalisations","S12000039","2","2005/06 to 2007/08 financial years; 3-year aggregates",61.3,336.7,256.8,433.4,"Age-sex standardised rate per 100,000",NA,NA,NA,NA,NA,NA,NA
"Psychiatric patient hospitalisations","S12000039","3","2005/06 to 2007/08 financial years; 3-year aggregates",53.3,303.2,225.9,398.1,"Age-sex standardised rate per 100,000",NA,NA,NA,NA,NA,NA,NA
"Psychiatric patient hospitalisations","S12000039","4","2005/06 to 2007/08 financial years; 3-year aggregates",43.7,258.7,179.4,358.2,"Age-sex standardised rate per 100,000",NA,NA,NA,NA,NA,NA,NA
"Psychiatric patient hospitalisations","S12000039","5 - least deprived","2005/06 to 2007/08 financial years; 3-year aggregates",30.7,172.9,115,248.6,"Age-sex standardised rate per 100,000",NA,NA,NA,NA,NA,NA,NA
"Psychiatric patient hospitalisations","S12000039","Total","2005/06 to 2007/08 financial years; 3-year aggregates",288.7,325.5,288,366.3,"Age-sex standardised rate per 100,000",66.5,19.9,113,432.6,129.5,735.7,47.4
"Psychiatric patient hospitalisations","S12000039","1 - most deprived","2006/07 to 2008/09 financial years; 3-year aggregates",98.3,561,452.1,687.6,"Age-sex standardised rate per 100,000",NA,NA,NA,NA,NA,NA,NA
"Psychiatric patient hospitalisations","S12000039","2","2006/07 to 2008/09 financial years; 3-year aggregates",63.3,349.2,267.5,447.7,"Age-sex standardised rate per 100,000",NA,NA,NA,NA,NA,NA,NA
"Psychiatric patient hospitalisations","S12000039","3","2006/07 to 2008/09 financial years; 3-year aggregates",53.7,311.2,228.6,412.4,"Age-sex standardised rate per 100,000",NA,NA,NA,NA,NA,NA,NA
"Psychiatric patient hospitalisations","S12000039","4","2006/07 to 2008/09 financial years; 3-year aggregates",42.3,237.1,169.9,321.7,"Age-sex standardised rate per 100,000",NA,NA,NA,NA,NA,NA,NA
"Psychiatric patient hospitalisations","S12000039","5 - least deprived","2006/07 to 2008/09 financial years; 3-year aggregates",29.3,170.4,112.1,247.3,"Age-sex standardised rate per 100,000",NA,NA,NA,NA,NA,NA,NA
"Psychiatric patient hospitalisations","S12000039","Total","2006/07 to 2008/09 financial years; 3-year aggregates",287,323.2,286,363.8,"Age-sex standardised rate per 100,000",69.6,28.9,110.2,449.6,186.7,712.4,48
"Psychiatric patient hospitalisations","S12000039","1 - most deprived","2007/08 to 2009/10 financial years; 3-year aggregates",96.7,563,452.3,691.6,"Age-sex standardised rate per 100,000",NA,NA,NA,NA,NA,NA,NA
"Psychiatric patient hospitalisations","S12000039","2","2007/08 to 2009/10 financial years; 3-year aggregates",64,353.6,271.4,452.7,"Age-sex standardised rate per 100,000",NA,NA,NA,NA,NA,NA,NA
"Psychiatric patient hospitalisations","S12000039","3","2007/08 to 2009/10 financial years; 3-year aggregates",50,287.1,208.7,383.9,"Age-sex standardised rate per 100,000",NA,NA,NA,NA,NA,NA,NA
"Psychiatric patient hospitalisations","S12000039","4","2007/08 to 2009/10 financial years; 3-year aggregates",39,215.8,152.5,296.1,"Age-sex standardised rate per 100,000",NA,NA,NA,NA,NA,NA,NA
"Psychiatric patient hospitalisations","S12000039","5 - least deprived","2007/08 to 2009/10 financial years; 3-year aggregates",29.3,168.6,111.3,244.1,"Age-sex standardised rate per 100,000",NA,NA,NA,NA,NA,NA,NA
"Psychiatric patient hospitalisations","S12000039","Total","2007/08 to 2009/10 financial years; 3-year aggregates",279,312.8,276.4,352.6,"Age-sex standardised rate per 100,000",74.3,30.4,118.3,465.1,189.9,740.4,47.2
"Psychiatric patient hospitalisations","S12000039","1 - most deprived","2008/09 to 2010/11 financial years; 3-year aggregates",87.7,505.1,401.4,626.7,"Age-sex standardised rate per 100,000",NA,NA,NA,NA,NA,NA,NA
"Psychiatric patient hospitalisations","S12000039","2","2008/09 to 2010/11 financial years; 3-year aggregates",63,355.7,272.1,456.4,"Age-sex standardised rate per 100,000",NA,NA,NA,NA,NA,NA,NA
"Psychiatric patient hospitalisations","S12000039","3","2008/09 to 2010/11 financial years; 3-year aggregates",53.7,303.6,223.9,401.3,"Age-sex standardised rate per 100,000",NA,NA,NA,NA,NA,NA,NA
"Psychiatric patient hospitalisations","S12000039","4","2008/09 to 2010/11 financial years; 3-year aggregates",37.7,210.4,147.7,290.5,"Age-sex standardised rate per 100,000",NA,NA,NA,NA,NA,NA,NA
"Psychiatric patient hospitalisations","S12000039","5 - least deprived","2008/09 to 2010/11 financial years; 3-year aggregates",31.7,184.9,124.5,263.8,"Age-sex standardised rate per 100,000",NA,NA,NA,NA,NA,NA,NA
"Psychiatric patient hospitalisations","S12000039","Total","2008/09 to 2010/11 financial years; 3-year aggregates",273.7,308.7,272.5,348.4,"Age-sex standardised rate per 100,000",63.9,34.5,93.3,394.6,212.9,576.3,41
"Psychiatric patient hospitalisations","S12000039","1 - most deprived","2009/10 to 2011/12 financial years; 3-year aggregates",83.7,482.8,381.2,602.2,"Age-sex standardised rate per 100,000",NA,NA,NA,NA,NA,NA,NA
"Psychiatric patient hospitalisations","S12000039","2","2009/10 to 2011/12 financial years; 3-year aggregates",65.7,377.7,290.8,482.1,"Age-sex standardised rate per 100,000",NA,NA,NA,NA,NA,NA,NA
"Psychiatric patient hospitalisations","S12000039","3","2009/10 to 2011/12 financial years; 3-year aggregates",51.7,284.9,211.6,375.1,"Age-sex standardised rate per 100,000",NA,NA,NA,NA,NA,NA,NA
"Psychiatric patient hospitalisations","S12000039","4","2009/10 to 2011/12 financial years; 3-year aggregates",39,219.1,154.8,300.8,"Age-sex standardised rate per 100,000",NA,NA,NA,NA,NA,NA,NA
"Psychiatric patient hospitalisations","S12000039","5 - least deprived","2009/10 to 2011/12 financial years; 3-year aggregates",28.7,166.3,109.6,241.3,"Age-sex standardised rate per 100,000",NA,NA,NA,NA,NA,NA,NA
"Psychiatric patient hospitalisations","S12000039","Total","2009/10 to 2011/12 financial years; 3-year aggregates",268.7,303.6,267.7,342.9,"Age-sex standardised rate per 100,000",65.4,48.7,82,397,295.8,498.2,45.9
"Psychiatric patient hospitalisations","S12000039","1 - most deprived","2010/11 to 2012/13 financial years; 3-year aggregates",89,511.3,407.5,632.7,"Age-sex standardised rate per 100,000",NA,NA,NA,NA,NA,NA,NA
"Psychiatric patient hospitalisations","S12000039","2","2010/11 to 2012/13 financial years; 3-year aggregates",67,404.7,312.2,515.6,"Age-sex standardised rate per 100,000",NA,NA,NA,NA,NA,NA,NA
"Psychiatric patient hospitalisations","S12000039","3","2010/11 to 2012/13 financial years; 3-year aggregates",51.3,280.8,208.3,370.1,"Age-sex standardised rate per 100,000",NA,NA,NA,NA,NA,NA,NA
"Psychiatric patient hospitalisations","S12000039","4","2010/11 to 2012/13 financial years; 3-year aggregates",42.3,243.2,173.2,331.3,"Age-sex standardised rate per 100,000",NA,NA,NA,NA,NA,NA,NA
"Psychiatric patient hospitalisations","S12000039","5 - least deprived","2010/11 to 2012/13 financial years; 3-year aggregates",32.7,192,129.9,272.6,"Age-sex standardised rate per 100,000",NA,NA,NA,NA,NA,NA,NA
"Psychiatric patient hospitalisations","S12000039","Total","2010/11 to 2012/13 financial years; 3-year aggregates",282.3,322.6,285.3,363.3,"Age-sex standardised rate per 100,000",62.2,36,88.5,401.5,232,570.9,41.3
"Psychiatric patient hospitalisations","S12000039","1 - most deprived","2011/12 to 2013/14 financial years; 3-year aggregates",94,561,449.5,691,"Age-sex standardised rate per 100,000",NA,NA,NA,NA,NA,NA,NA
"Psychiatric patient hospitalisations","S12000039","2","2011/12 to 2013/14 financial years; 3-year aggregates",62,374.1,285.4,481.3,"Age-sex standardised rate per 100,000",NA,NA,NA,NA,NA,NA,NA
"Psychiatric patient hospitalisations","S12000039","3","2011/12 to 2013/14 financial years; 3-year aggregates",52.7,296.6,219.9,390.8,"Age-sex standardised rate per 100,000",NA,NA,NA,NA,NA,NA,NA
"Psychiatric patient hospitalisations","S12000039","4","2011/12 to 2013/14 financial years; 3-year aggregates",42.3,241.6,172.3,328.8,"Age-sex standardised rate per 100,000",NA,NA,NA,NA,NA,NA,NA
"Psychiatric patient hospitalisations","S12000039","5 - least deprived","2011/12 to 2013/14 financial years; 3-year aggregates",33,200.9,134.7,286.9,"Age-sex standardised rate per 100,000",NA,NA,NA,NA,NA,NA,NA
"Psychiatric patient hospitalisations","S12000039","Total","2011/12 to 2013/14 financial years; 3-year aggregates",284,329.9,291.7,371.7,"Age-sex standardised rate per 100,000",64.9,25.3,104.5,428.3,166.9,689.6,40.1
"Psychiatric patient hospitalisations","S12000039","1 - most deprived","2012/13 to 2014/15 financial years; 3-year aggregates",91.3,559.3,445.6,692.1,"Age-sex standardised rate per 100,000",NA,NA,NA,NA,NA,NA,NA
"Psychiatric patient hospitalisations","S12000039","2","2012/13 to 2014/15 financial years; 3-year aggregates",60,360.9,273.9,466.4,"Age-sex standardised rate per 100,000",NA,NA,NA,NA,NA,NA,NA
"Psychiatric patient hospitalisations","S12000039","3","2012/13 to 2014/15 financial years; 3-year aggregates",57.7,325.3,244.7,423.4,"Age-sex standardised rate per 100,000",NA,NA,NA,NA,NA,NA,NA
"Psychiatric patient hospitalisations","S12000039","4","2012/13 to 2014/15 financial years; 3-year aggregates",38.3,216.9,151,300.9,"Age-sex standardised rate per 100,000",NA,NA,NA,NA,NA,NA,NA
"Psychiatric patient hospitalisations","S12000039","5 - least deprived","2012/13 to 2014/15 financial years; 3-year aggregates",34,205.4,139.4,290.7,"Age-sex standardised rate per 100,000",NA,NA,NA,NA,NA,NA,NA
"Psychiatric patient hospitalisations","S12000039","Total","2012/13 to 2014/15 financial years; 3-year aggregates",281.3,327.2,289.1,368.9,"Age-sex standardised rate per 100,000",65.2,22.6,107.8,426.6,147.8,705.3,38.5
"Psychiatric patient hospitalisations","S12000039","1 - most deprived","2013/14 to 2015/16 financial years; 3-year aggregates",80,498.3,387.4,629.2,"Age-sex standardised rate per 100,000",NA,NA,NA,NA,NA,NA,NA
"Psychiatric patient hospitalisations","S12000039","2","2013/14 to 2015/16 financial years; 3-year aggregates",69.3,414.8,321.2,526.8,"Age-sex standardised rate per 100,000",NA,NA,NA,NA,NA,NA,NA
"Psychiatric patient hospitalisations","S12000039","3","2013/14 to 2015/16 financial years; 3-year aggregates",60,340.7,257.9,441.1,"Age-sex standardised rate per 100,000",NA,NA,NA,NA,NA,NA,NA
"Psychiatric patient hospitalisations","S12000039","4","2013/14 to 2015/16 financial years; 3-year aggregates",37.7,211.8,147.1,294.4,"Age-sex standardised rate per 100,000",NA,NA,NA,NA,NA,NA,NA
"Psychiatric patient hospitalisations","S12000039","5 - least deprived","2013/14 to 2015/16 financial years; 3-year aggregates",32,197.3,131.7,282.7,"Age-sex standardised rate per 100,000",NA,NA,NA,NA,NA,NA,NA
"Psychiatric patient hospitalisations","S12000039","Total","2013/14 to 2015/16 financial years; 3-year aggregates",279,327.8,289.4,369.9,"Age-sex standardised rate per 100,000",61.4,39.9,82.8,402.3,261.7,542.9,40.7
"Psychiatric patient hospitalisations","S12000039","1 - most deprived","2014/15 to 2016/17 financial years; 3-year aggregates",74,457.5,348.6,587,"Age-sex standardised rate per 100,000",NA,NA,NA,NA,NA,NA,NA
"Psychiatric patient hospitalisations","S12000039","2","2014/15 to 2016/17 financial years; 3-year aggregates",76,452.8,354.7,569.1,"Age-sex standardised rate per 100,000",NA,NA,NA,NA,NA,NA,NA
"Psychiatric patient hospitalisations","S12000039","3","2014/15 to 2016/17 financial years; 3-year aggregates",56.3,313.3,235.9,407.8,"Age-sex standardised rate per 100,000",NA,NA,NA,NA,NA,NA,NA
"Psychiatric patient hospitalisations","S12000039","4","2014/15 to 2016/17 financial years; 3-year aggregates",37,205.7,142.2,286.9,"Age-sex standardised rate per 100,000",NA,NA,NA,NA,NA,NA,NA
"Psychiatric patient hospitalisations","S12000039","5 - least deprived","2014/15 to 2016/17 financial years; 3-year aggregates",30,185.1,122.3,267.6,"Age-sex standardised rate per 100,000",NA,NA,NA,NA,NA,NA,NA
"Psychiatric patient hospitalisations","S12000039","Total","2014/15 to 2016/17 financial years; 3-year aggregates",273.3,318.9,281.2,360.1,"Age-sex standardised rate per 100,000",62.1,29.6,94.6,395.9,188.5,603.3,42.7
"Psychiatric patient hospitalisations","S12000039","1 - most deprived","2015/16 to 2017/18 financial years; 3-year aggregates",74.3,454.9,348.9,580.8,"Age-sex standardised rate per 100,000",NA,NA,NA,NA,NA,NA,NA
"Psychiatric patient hospitalisations","S12000039","2","2015/16 to 2017/18 financial years; 3-year aggregates",76.7,452.7,354.9,568.7,"Age-sex standardised rate per 100,000",NA,NA,NA,NA,NA,NA,NA
"Psychiatric patient hospitalisations","S12000039","3","2015/16 to 2017/18 financial years; 3-year aggregates",51.3,285.9,212.1,376.8,"Age-sex standardised rate per 100,000",NA,NA,NA,NA,NA,NA,NA
"Psychiatric patient hospitalisations","S12000039","4","2015/16 to 2017/18 financial years; 3-year aggregates",39.3,218.7,153.9,300.9,"Age-sex standardised rate per 100,000",NA,NA,NA,NA,NA,NA,NA
"Psychiatric patient hospitalisations","S12000039","5 - least deprived","2015/16 to 2017/18 financial years; 3-year aggregates",33,198.8,134.4,282.3,"Age-sex standardised rate per 100,000",NA,NA,NA,NA,NA,NA,NA
"Psychiatric patient hospitalisations","S12000039","Total","2015/16 to 2017/18 financial years; 3-year aggregates",274.7,320.4,282.6,361.7,"Age-sex standardised rate per 100,000",58.2,22.6,93.8,372.8,144.6,600.9,38.3
"Psychiatric patient hospitalisations","S12000039","1 - most deprived","2016/17 to 2018/19 financial years; 3-year aggregates",70.3,419.9,325.1,533.1,"Age-sex standardised rate per 100,000",NA,NA,NA,NA,NA,NA,NA
"Psychiatric patient hospitalisations","S12000039","2","2016/17 to 2018/19 financial years; 3-year aggregates",66.7,382,293.9,487.8,"Age-sex standardised rate per 100,000",NA,NA,NA,NA,NA,NA,NA
"Psychiatric patient hospitalisations","S12000039","3","2016/17 to 2018/19 financial years; 3-year aggregates",45.3,252.3,183.4,338.3,"Age-sex standardised rate per 100,000",NA,NA,NA,NA,NA,NA,NA
"Psychiatric patient hospitalisations","S12000039","4","2016/17 to 2018/19 financial years; 3-year aggregates",36,198.3,137.9,275.6,"Age-sex standardised rate per 100,000",NA,NA,NA,NA,NA,NA,NA
"Psychiatric patient hospitalisations","S12000039","5 - least deprived","2016/17 to 2018/19 financial years; 3-year aggregates",30.7,174.6,117.1,249.9,"Age-sex standardised rate per 100,000",NA,NA,NA,NA,NA,NA,NA
"Psychiatric patient hospitalisations","S12000039","Total","2016/17 to 2018/19 financial years; 3-year aggregates",249,285.9,250.8,324.5,"Age-sex standardised rate per 100,000",58.8,31.6,86,336.3,180.5,492,38.8
"Psychiatric patient hospitalisations","S12000039","1 - most deprived","2017/18 to 2019/20 financial years; 3-year aggregates",67.7,401,309,511.2,"Age-sex standardised rate per 100,000",NA,NA,NA,NA,NA,NA,NA
"Psychiatric patient hospitalisations","S12000039","2","2017/18 to 2019/20 financial years; 3-year aggregates",66.7,375.2,289.2,478.5,"Age-sex standardised rate per 100,000",NA,NA,NA,NA,NA,NA,NA
"Psychiatric patient hospitalisations","S12000039","3","2017/18 to 2019/20 financial years; 3-year aggregates",44.7,249.2,180.7,334.9,"Age-sex standardised rate per 100,000",NA,NA,NA,NA,NA,NA,NA
"Psychiatric patient hospitalisations","S12000039","4","2017/18 to 2019/20 financial years; 3-year aggregates",32.7,179.1,122.2,253,"Age-sex standardised rate per 100,000",NA,NA,NA,NA,NA,NA,NA
"Psychiatric patient hospitalisations","S12000039","5 - least deprived","2017/18 to 2019/20 financial years; 3-year aggregates",30.7,167,112.2,238.9,"Age-sex standardised rate per 100,000",NA,NA,NA,NA,NA,NA,NA
"Psychiatric patient hospitalisations","S12000039","Total","2017/18 to 2019/20 financial years; 3-year aggregates",242.3,275.7,241.6,313.3,"Age-sex standardised rate per 100,000",60,29.9,90.2,331.1,164.7,497.5,39
