"indicator","geography_code","quintile","period","numerator","indicator_measure","lower_confidence_interval","upper_confidence_interval","definition","relative_inequality_gap","lower_confidence_interval_relative_ineq","upper_confidence_interval_relative_ineq","absolute_inequality_gap","lower_confidence_interval_absolute_ineq","upper_confidence_interval_absolute_ineq","population_attributable_risk"
"Psychiatric patient hospitalisations","S12000023","1 - most deprived","2002/03 to 2004/05 financial years; 3-year aggregates",NA,175.4,66,369,"Age-sex standardised rate per 100,000",NA,NA,NA,NA,NA,NA,NA
"Psychiatric patient hospitalisations","S12000023","2","2002/03 to 2004/05 financial years; 3-year aggregates",NA,108.6,28.7,279.3,"Age-sex standardised rate per 100,000",NA,NA,NA,NA,NA,NA,NA
"Psychiatric patient hospitalisations","S12000023","3","2002/03 to 2004/05 financial years; 3-year aggregates",NA,141.9,47.8,319.5,"Age-sex standardised rate per 100,000",NA,NA,NA,NA,NA,NA,NA
"Psychiatric patient hospitalisations","S12000023","4","2002/03 to 2004/05 financial years; 3-year aggregates",NA,125.9,29.7,331.2,"Age-sex standardised rate per 100,000",NA,NA,NA,NA,NA,NA,NA
"Psychiatric patient hospitalisations","S12000023","5 - least deprived","2002/03 to 2004/05 financial years; 3-year aggregates",NA,138.5,45.6,317.4,"Age-sex standardised rate per 100,000",NA,NA,NA,NA,NA,NA,NA
"Psychiatric patient hospitalisations","S12000023","Total","2002/03 to 2004/05 financial years; 3-year aggregates",26,135.8,88,199.9,"Age-sex standardised rate per 100,000",10.6,-37.9,59.2,28.8,-103,160.6,0.1
"Psychiatric patient hospitalisations","S12000023","1 - most deprived","2003/04 to 2005/06 financial years; 3-year aggregates",NA,142,47.8,319.8,"Age-sex standardised rate per 100,000",NA,NA,NA,NA,NA,NA,NA
"Psychiatric patient hospitalisations","S12000023","2","2003/04 to 2005/06 financial years; 3-year aggregates",NA,111.6,31.6,277.3,"Age-sex standardised rate per 100,000",NA,NA,NA,NA,NA,NA,NA
"Psychiatric patient hospitalisations","S12000023","3","2003/04 to 2005/06 financial years; 3-year aggregates",NA,165.7,60.1,358.1,"Age-sex standardised rate per 100,000",NA,NA,NA,NA,NA,NA,NA
"Psychiatric patient hospitalisations","S12000023","4","2003/04 to 2005/06 financial years; 3-year aggregates",NA,74.8,10.3,238.5,"Age-sex standardised rate per 100,000",NA,NA,NA,NA,NA,NA,NA
"Psychiatric patient hospitalisations","S12000023","5 - least deprived","2003/04 to 2005/06 financial years; 3-year aggregates",NA,86.3,21,230.7,"Age-sex standardised rate per 100,000",NA,NA,NA,NA,NA,NA,NA
"Psychiatric patient hospitalisations","S12000023","Total","2003/04 to 2005/06 financial years; 3-year aggregates",22.7,115.4,72.2,174.6,"Age-sex standardised rate per 100,000",31.7,-44.7,108.1,73.2,-103.2,249.5,26.6
"Psychiatric patient hospitalisations","S12000023","1 - most deprived","2004/05 to 2006/07 financial years; 3-year aggregates",NA,142.5,50.4,313.2,"Age-sex standardised rate per 100,000",NA,NA,NA,NA,NA,NA,NA
"Psychiatric patient hospitalisations","S12000023","2","2004/05 to 2006/07 financial years; 3-year aggregates",NA,113.5,33.9,273.9,"Age-sex standardised rate per 100,000",NA,NA,NA,NA,NA,NA,NA
"Psychiatric patient hospitalisations","S12000023","3","2004/05 to 2006/07 financial years; 3-year aggregates",NA,150.3,50.5,338.7,"Age-sex standardised rate per 100,000",NA,NA,NA,NA,NA,NA,NA
"Psychiatric patient hospitalisations","S12000023","4","2004/05 to 2006/07 financial years; 3-year aggregates",NA,70.9,10.1,225.2,"Age-sex standardised rate per 100,000",NA,NA,NA,NA,NA,NA,NA
"Psychiatric patient hospitalisations","S12000023","5 - least deprived","2004/05 to 2006/07 financial years; 3-year aggregates",NA,69.8,10.5,220.3,"Age-sex standardised rate per 100,000",NA,NA,NA,NA,NA,NA,NA
"Psychiatric patient hospitalisations","S12000023","Total","2004/05 to 2006/07 financial years; 3-year aggregates",21.7,111.5,68.7,170.6,"Age-sex standardised rate per 100,000",42.1,-21.5,105.7,93.9,-47.9,235.7,36.8
"Psychiatric patient hospitalisations","S12000023","1 - most deprived","2005/06 to 2007/08 financial years; 3-year aggregates",NA,141.5,46,325.4,"Age-sex standardised rate per 100,000",NA,NA,NA,NA,NA,NA,NA
"Psychiatric patient hospitalisations","S12000023","2","2005/06 to 2007/08 financial years; 3-year aggregates",NA,144.4,52,315.5,"Age-sex standardised rate per 100,000",NA,NA,NA,NA,NA,NA,NA
"Psychiatric patient hospitalisations","S12000023","3","2005/06 to 2007/08 financial years; 3-year aggregates",NA,172.7,65,365.8,"Age-sex standardised rate per 100,000",NA,NA,NA,NA,NA,NA,NA
"Psychiatric patient hospitalisations","S12000023","4","2005/06 to 2007/08 financial years; 3-year aggregates",NA,75.6,13.1,225.9,"Age-sex standardised rate per 100,000",NA,NA,NA,NA,NA,NA,NA
"Psychiatric patient hospitalisations","S12000023","5 - least deprived","2005/06 to 2007/08 financial years; 3-year aggregates",NA,100.2,23.7,269.3,"Age-sex standardised rate per 100,000",NA,NA,NA,NA,NA,NA,NA
"Psychiatric patient hospitalisations","S12000023","Total","2005/06 to 2007/08 financial years; 3-year aggregates",24.7,127,81.1,189.2,"Age-sex standardised rate per 100,000",29.7,-40.4,99.8,75.5,-102.5,253.5,21.4
"Psychiatric patient hospitalisations","S12000023","1 - most deprived","2006/07 to 2008/09 financial years; 3-year aggregates",NA,138.9,43.7,322,"Age-sex standardised rate per 100,000",NA,NA,NA,NA,NA,NA,NA
"Psychiatric patient hospitalisations","S12000023","2","2006/07 to 2008/09 financial years; 3-year aggregates",NA,139.5,50.6,304.1,"Age-sex standardised rate per 100,000",NA,NA,NA,NA,NA,NA,NA
"Psychiatric patient hospitalisations","S12000023","3","2006/07 to 2008/09 financial years; 3-year aggregates",NA,193.9,79.4,391.4,"Age-sex standardised rate per 100,000",NA,NA,NA,NA,NA,NA,NA
"Psychiatric patient hospitalisations","S12000023","4","2006/07 to 2008/09 financial years; 3-year aggregates",NA,96.5,23.6,252.1,"Age-sex standardised rate per 100,000",NA,NA,NA,NA,NA,NA,NA
"Psychiatric patient hospitalisations","S12000023","5 - least deprived","2006/07 to 2008/09 financial years; 3-year aggregates",NA,110.5,28.4,285.6,"Age-sex standardised rate per 100,000",NA,NA,NA,NA,NA,NA,NA
"Psychiatric patient hospitalisations","S12000023","Total","2006/07 to 2008/09 financial years; 3-year aggregates",27,135.5,88.4,198.2,"Age-sex standardised rate per 100,000",18.8,-55.5,93.2,51,-150.4,252.4,19.1
"Psychiatric patient hospitalisations","S12000023","1 - most deprived","2007/08 to 2009/10 financial years; 3-year aggregates",NA,113.9,26.8,299.9,"Age-sex standardised rate per 100,000",NA,NA,NA,NA,NA,NA,NA
"Psychiatric patient hospitalisations","S12000023","2","2007/08 to 2009/10 financial years; 3-year aggregates",NA,154.5,59.8,324.7,"Age-sex standardised rate per 100,000",NA,NA,NA,NA,NA,NA,NA
"Psychiatric patient hospitalisations","S12000023","3","2007/08 to 2009/10 financial years; 3-year aggregates",NA,173.3,69,355.5,"Age-sex standardised rate per 100,000",NA,NA,NA,NA,NA,NA,NA
"Psychiatric patient hospitalisations","S12000023","4","2007/08 to 2009/10 financial years; 3-year aggregates",NA,86.4,19.3,234.7,"Age-sex standardised rate per 100,000",NA,NA,NA,NA,NA,NA,NA
"Psychiatric patient hospitalisations","S12000023","5 - least deprived","2007/08 to 2009/10 financial years; 3-year aggregates",NA,114.4,29.6,295.3,"Age-sex standardised rate per 100,000",NA,NA,NA,NA,NA,NA,NA
"Psychiatric patient hospitalisations","S12000023","Total","2007/08 to 2009/10 financial years; 3-year aggregates",25.7,125.5,81,185.4,"Age-sex standardised rate per 100,000",15.4,-63.2,94,38.7,-158.6,235.9,10.9
"Psychiatric patient hospitalisations","S12000023","1 - most deprived","2008/09 to 2010/11 financial years; 3-year aggregates",NA,126.8,38.2,301.1,"Age-sex standardised rate per 100,000",NA,NA,NA,NA,NA,NA,NA
"Psychiatric patient hospitalisations","S12000023","2","2008/09 to 2010/11 financial years; 3-year aggregates",NA,132.9,46.3,296.2,"Age-sex standardised rate per 100,000",NA,NA,NA,NA,NA,NA,NA
"Psychiatric patient hospitalisations","S12000023","3","2008/09 to 2010/11 financial years; 3-year aggregates",NA,120.3,39.2,276.2,"Age-sex standardised rate per 100,000",NA,NA,NA,NA,NA,NA,NA
"Psychiatric patient hospitalisations","S12000023","4","2008/09 to 2010/11 financial years; 3-year aggregates",NA,112.3,34.3,265.8,"Age-sex standardised rate per 100,000",NA,NA,NA,NA,NA,NA,NA
"Psychiatric patient hospitalisations","S12000023","5 - least deprived","2008/09 to 2010/11 financial years; 3-year aggregates",NA,116.3,29.8,300.8,"Age-sex standardised rate per 100,000",NA,NA,NA,NA,NA,NA,NA
"Psychiatric patient hospitalisations","S12000023","Total","2008/09 to 2010/11 financial years; 3-year aggregates",25,120.3,77.2,178.6,"Age-sex standardised rate per 100,000",8.7,-2.9,20.4,21,-7.1,49.1,4.3
"Psychiatric patient hospitalisations","S12000023","1 - most deprived","2009/10 to 2011/12 financial years; 3-year aggregates",NA,173.7,68.3,360.4,"Age-sex standardised rate per 100,000",NA,NA,NA,NA,NA,NA,NA
"Psychiatric patient hospitalisations","S12000023","2","2009/10 to 2011/12 financial years; 3-year aggregates",NA,115.1,34.5,277.5,"Age-sex standardised rate per 100,000",NA,NA,NA,NA,NA,NA,NA
"Psychiatric patient hospitalisations","S12000023","3","2009/10 to 2011/12 financial years; 3-year aggregates",NA,79.2,18.9,212.3,"Age-sex standardised rate per 100,000",NA,NA,NA,NA,NA,NA,NA
"Psychiatric patient hospitalisations","S12000023","4","2009/10 to 2011/12 financial years; 3-year aggregates",NA,121,39.3,278.1,"Age-sex standardised rate per 100,000",NA,NA,NA,NA,NA,NA,NA
"Psychiatric patient hospitalisations","S12000023","5 - least deprived","2009/10 to 2011/12 financial years; 3-year aggregates",NA,107,25.3,287.5,"Age-sex standardised rate per 100,000",NA,NA,NA,NA,NA,NA,NA
"Psychiatric patient hospitalisations","S12000023","Total","2009/10 to 2011/12 financial years; 3-year aggregates",24.3,117.7,75,175.5,"Age-sex standardised rate per 100,000",26.6,-44.4,97.6,62.6,-104.4,229.6,10.2
"Psychiatric patient hospitalisations","S12000023","1 - most deprived","2010/11 to 2012/13 financial years; 3-year aggregates",10.7,249.4,121.8,451.8,"Age-sex standardised rate per 100,000",NA,NA,NA,NA,NA,NA,NA
"Psychiatric patient hospitalisations","S12000023","2","2010/11 to 2012/13 financial years; 3-year aggregates",NA,125,36.3,303.8,"Age-sex standardised rate per 100,000",NA,NA,NA,NA,NA,NA,NA
"Psychiatric patient hospitalisations","S12000023","3","2010/11 to 2012/13 financial years; 3-year aggregates",NA,65.7,12.6,193.4,"Age-sex standardised rate per 100,000",NA,NA,NA,NA,NA,NA,NA
"Psychiatric patient hospitalisations","S12000023","4","2010/11 to 2012/13 financial years; 3-year aggregates",NA,115,35.8,270.7,"Age-sex standardised rate per 100,000",NA,NA,NA,NA,NA,NA,NA
"Psychiatric patient hospitalisations","S12000023","5 - least deprived","2010/11 to 2012/13 financial years; 3-year aggregates",NA,100.5,23.1,271.6,"Age-sex standardised rate per 100,000",NA,NA,NA,NA,NA,NA,NA
"Psychiatric patient hospitalisations","S12000023","Total","2010/11 to 2012/13 financial years; 3-year aggregates",27,128.4,84,187.7,"Age-sex standardised rate per 100,000",60.8,-56.1,177.7,156.1,-144.2,456.4,23.6
"Psychiatric patient hospitalisations","S12000023","1 - most deprived","2011/12 to 2013/14 financial years; 3-year aggregates",11.3,259.8,129.9,462.9,"Age-sex standardised rate per 100,000",NA,NA,NA,NA,NA,NA,NA
"Psychiatric patient hospitalisations","S12000023","2","2011/12 to 2013/14 financial years; 3-year aggregates",NA,122.4,33,307.7,"Age-sex standardised rate per 100,000",NA,NA,NA,NA,NA,NA,NA
"Psychiatric patient hospitalisations","S12000023","3","2011/12 to 2013/14 financial years; 3-year aggregates",NA,70,13.4,206.2,"Age-sex standardised rate per 100,000",NA,NA,NA,NA,NA,NA,NA
"Psychiatric patient hospitalisations","S12000023","4","2011/12 to 2013/14 financial years; 3-year aggregates",NA,97.8,27.3,243.9,"Age-sex standardised rate per 100,000",NA,NA,NA,NA,NA,NA,NA
"Psychiatric patient hospitalisations","S12000023","5 - least deprived","2011/12 to 2013/14 financial years; 3-year aggregates",NA,94.2,24.4,243.3,"Age-sex standardised rate per 100,000",NA,NA,NA,NA,NA,NA,NA
"Psychiatric patient hospitalisations","S12000023","Total","2011/12 to 2013/14 financial years; 3-year aggregates",27,127.2,83.2,185.9,"Age-sex standardised rate per 100,000",71.2,-47.6,190,181.1,-121.2,483.4,27.2
"Psychiatric patient hospitalisations","S12000023","1 - most deprived","2012/13 to 2014/15 financial years; 3-year aggregates",11.7,261,131.1,462.9,"Age-sex standardised rate per 100,000",NA,NA,NA,NA,NA,NA,NA
"Psychiatric patient hospitalisations","S12000023","2","2012/13 to 2014/15 financial years; 3-year aggregates",NA,148.8,50.8,333.8,"Age-sex standardised rate per 100,000",NA,NA,NA,NA,NA,NA,NA
"Psychiatric patient hospitalisations","S12000023","3","2012/13 to 2014/15 financial years; 3-year aggregates",NA,68.5,11.4,213.6,"Age-sex standardised rate per 100,000",NA,NA,NA,NA,NA,NA,NA
"Psychiatric patient hospitalisations","S12000023","4","2012/13 to 2014/15 financial years; 3-year aggregates",NA,78.5,18.9,210,"Age-sex standardised rate per 100,000",NA,NA,NA,NA,NA,NA,NA
"Psychiatric patient hospitalisations","S12000023","5 - least deprived","2012/13 to 2014/15 financial years; 3-year aggregates",NA,108.8,30,271.9,"Age-sex standardised rate per 100,000",NA,NA,NA,NA,NA,NA,NA
"Psychiatric patient hospitalisations","S12000023","Total","2012/13 to 2014/15 financial years; 3-year aggregates",28,132.3,87.3,192.1,"Age-sex standardised rate per 100,000",72.6,-41.3,186.5,192.3,-109.2,493.7,18.5
"Psychiatric patient hospitalisations","S12000023","1 - most deprived","2013/14 to 2015/16 financial years; 3-year aggregates",11,250.8,122,453.6,"Age-sex standardised rate per 100,000",NA,NA,NA,NA,NA,NA,NA
"Psychiatric patient hospitalisations","S12000023","2","2013/14 to 2015/16 financial years; 3-year aggregates",NA,154.6,57.2,332.1,"Age-sex standardised rate per 100,000",NA,NA,NA,NA,NA,NA,NA
"Psychiatric patient hospitalisations","S12000023","3","2013/14 to 2015/16 financial years; 3-year aggregates",NA,82.4,15.6,243,"Age-sex standardised rate per 100,000",NA,NA,NA,NA,NA,NA,NA
"Psychiatric patient hospitalisations","S12000023","4","2013/14 to 2015/16 financial years; 3-year aggregates",NA,70.1,15.5,195.4,"Age-sex standardised rate per 100,000",NA,NA,NA,NA,NA,NA,NA
"Psychiatric patient hospitalisations","S12000023","5 - least deprived","2013/14 to 2015/16 financial years; 3-year aggregates",NA,137.3,44.9,315.2,"Age-sex standardised rate per 100,000",NA,NA,NA,NA,NA,NA,NA
"Psychiatric patient hospitalisations","S12000023","Total","2013/14 to 2015/16 financial years; 3-year aggregates",29,138.5,92.1,199.7,"Age-sex standardised rate per 100,000",59.1,-50.8,169,163.7,-140.8,468.1,1.7
"Psychiatric patient hospitalisations","S12000023","1 - most deprived","2014/15 to 2016/17 financial years; 3-year aggregates",NA,213.8,96.5,405.8,"Age-sex standardised rate per 100,000",NA,NA,NA,NA,NA,NA,NA
"Psychiatric patient hospitalisations","S12000023","2","2014/15 to 2016/17 financial years; 3-year aggregates",NA,175.8,74.4,348.7,"Age-sex standardised rate per 100,000",NA,NA,NA,NA,NA,NA,NA
"Psychiatric patient hospitalisations","S12000023","3","2014/15 to 2016/17 financial years; 3-year aggregates",NA,65.5,8.6,219.6,"Age-sex standardised rate per 100,000",NA,NA,NA,NA,NA,NA,NA
"Psychiatric patient hospitalisations","S12000023","4","2014/15 to 2016/17 financial years; 3-year aggregates",NA,73,15.9,204.2,"Age-sex standardised rate per 100,000",NA,NA,NA,NA,NA,NA,NA
"Psychiatric patient hospitalisations","S12000023","5 - least deprived","2014/15 to 2016/17 financial years; 3-year aggregates",NA,131.9,41.1,310.5,"Age-sex standardised rate per 100,000",NA,NA,NA,NA,NA,NA,NA
"Psychiatric patient hospitalisations","S12000023","Total","2014/15 to 2016/17 financial years; 3-year aggregates",28,132.3,87.2,192,"Age-sex standardised rate per 100,000",53.3,-50.1,156.8,141,-132.6,414.7,1.4
"Psychiatric patient hospitalisations","S12000023","1 - most deprived","2015/16 to 2017/18 financial years; 3-year aggregates",NA,194.4,83.1,382,"Age-sex standardised rate per 100,000",NA,NA,NA,NA,NA,NA,NA
"Psychiatric patient hospitalisations","S12000023","2","2015/16 to 2017/18 financial years; 3-year aggregates",NA,212.5,97.6,399,"Age-sex standardised rate per 100,000",NA,NA,NA,NA,NA,NA,NA
"Psychiatric patient hospitalisations","S12000023","3","2015/16 to 2017/18 financial years; 3-year aggregates",NA,57.9,7.6,194.2,"Age-sex standardised rate per 100,000",NA,NA,NA,NA,NA,NA,NA
"Psychiatric patient hospitalisations","S12000023","4","2015/16 to 2017/18 financial years; 3-year aggregates",NA,74.7,14.1,220.5,"Age-sex standardised rate per 100,000",NA,NA,NA,NA,NA,NA,NA
"Psychiatric patient hospitalisations","S12000023","5 - least deprived","2015/16 to 2017/18 financial years; 3-year aggregates",NA,133,45.6,298,"Age-sex standardised rate per 100,000",NA,NA,NA,NA,NA,NA,NA
"Psychiatric patient hospitalisations","S12000023","Total","2015/16 to 2017/18 financial years; 3-year aggregates",29,134.7,89.5,194.4,"Age-sex standardised rate per 100,000",49.9,-68.2,168,134.4,-183.7,452.6,2.1
"Psychiatric patient hospitalisations","S12000023","1 - most deprived","2016/17 to 2018/19 financial years; 3-year aggregates",NA,197.4,84.3,388.2,"Age-sex standardised rate per 100,000",NA,NA,NA,NA,NA,NA,NA
"Psychiatric patient hospitalisations","S12000023","2","2016/17 to 2018/19 financial years; 3-year aggregates",NA,188.7,83.5,362.6,"Age-sex standardised rate per 100,000",NA,NA,NA,NA,NA,NA,NA
"Psychiatric patient hospitalisations","S12000023","3","2016/17 to 2018/19 financial years; 3-year aggregates",NA,68.5,13.1,201.7,"Age-sex standardised rate per 100,000",NA,NA,NA,NA,NA,NA,NA
"Psychiatric patient hospitalisations","S12000023","4","2016/17 to 2018/19 financial years; 3-year aggregates",NA,77.9,14.6,230.2,"Age-sex standardised rate per 100,000",NA,NA,NA,NA,NA,NA,NA
"Psychiatric patient hospitalisations","S12000023","5 - least deprived","2016/17 to 2018/19 financial years; 3-year aggregates",NA,114.6,35.6,270,"Age-sex standardised rate per 100,000",NA,NA,NA,NA,NA,NA,NA
"Psychiatric patient hospitalisations","S12000023","Total","2016/17 to 2018/19 financial years; 3-year aggregates",28.3,130.4,86,189.1,"Age-sex standardised rate per 100,000",53.9,-38.9,146.7,140.5,-101.5,382.5,12.1
"Psychiatric patient hospitalisations","S12000023","1 - most deprived","2017/18 to 2019/20 financial years; 3-year aggregates",10,235.1,109.7,436.9,"Age-sex standardised rate per 100,000",NA,NA,NA,NA,NA,NA,NA
"Psychiatric patient hospitalisations","S12000023","2","2017/18 to 2019/20 financial years; 3-year aggregates",NA,189.6,82,369.1,"Age-sex standardised rate per 100,000",NA,NA,NA,NA,NA,NA,NA
"Psychiatric patient hospitalisations","S12000023","3","2017/18 to 2019/20 financial years; 3-year aggregates",NA,87.9,23,226.5,"Age-sex standardised rate per 100,000",NA,NA,NA,NA,NA,NA,NA
"Psychiatric patient hospitalisations","S12000023","4","2017/18 to 2019/20 financial years; 3-year aggregates",NA,65.3,8,220.8,"Age-sex standardised rate per 100,000",NA,NA,NA,NA,NA,NA,NA
"Psychiatric patient hospitalisations","S12000023","5 - least deprived","2017/18 to 2019/20 financial years; 3-year aggregates",NA,127.7,43.6,286.5,"Age-sex standardised rate per 100,000",NA,NA,NA,NA,NA,NA,NA
"Psychiatric patient hospitalisations","S12000023","Total","2017/18 to 2019/20 financial years; 3-year aggregates",30.7,142.1,95.4,203.3,"Age-sex standardised rate per 100,000",59.9,-33.5,153.4,170.4,-95.1,436,9.9
