"indicator","geography_code","quintile","period","numerator","indicator_measure","lower_confidence_interval","upper_confidence_interval","definition","relative_inequality_gap","lower_confidence_interval_relative_ineq","upper_confidence_interval_relative_ineq","absolute_inequality_gap","lower_confidence_interval_absolute_ineq","upper_confidence_interval_absolute_ineq","population_attributable_risk"
"Psychiatric patient hospitalisations","S12000014","1 - most deprived","2002/03 to 2004/05 financial years; 3-year aggregates",140.3,489.2,410.7,578.2,"Age-sex standardised rate per 100,000",NA,NA,NA,NA,NA,NA,NA
"Psychiatric patient hospitalisations","S12000014","2","2002/03 to 2004/05 financial years; 3-year aggregates",94.3,330,265.6,405,"Age-sex standardised rate per 100,000",NA,NA,NA,NA,NA,NA,NA
"Psychiatric patient hospitalisations","S12000014","3","2002/03 to 2004/05 financial years; 3-year aggregates",82.7,318.3,245.5,404.1,"Age-sex standardised rate per 100,000",NA,NA,NA,NA,NA,NA,NA
"Psychiatric patient hospitalisations","S12000014","4","2002/03 to 2004/05 financial years; 3-year aggregates",79,287.6,221.7,365.5,"Age-sex standardised rate per 100,000",NA,NA,NA,NA,NA,NA,NA
"Psychiatric patient hospitalisations","S12000014","5 - least deprived","2002/03 to 2004/05 financial years; 3-year aggregates",49.7,195.3,141.1,262.4,"Age-sex standardised rate per 100,000",NA,NA,NA,NA,NA,NA,NA
"Psychiatric patient hospitalisations","S12000014","Total","2002/03 to 2004/05 financial years; 3-year aggregates",446,320.5,289.7,353.4,"Age-sex standardised rate per 100,000",48.8,14.8,82.7,312.6,95.1,530,39.6
"Psychiatric patient hospitalisations","S12000014","1 - most deprived","2003/04 to 2005/06 financial years; 3-year aggregates",141.7,492.9,412.9,583.7,"Age-sex standardised rate per 100,000",NA,NA,NA,NA,NA,NA,NA
"Psychiatric patient hospitalisations","S12000014","2","2003/04 to 2005/06 financial years; 3-year aggregates",97,331.8,268.3,405.7,"Age-sex standardised rate per 100,000",NA,NA,NA,NA,NA,NA,NA
"Psychiatric patient hospitalisations","S12000014","3","2003/04 to 2005/06 financial years; 3-year aggregates",84.3,314.1,243.5,397.1,"Age-sex standardised rate per 100,000",NA,NA,NA,NA,NA,NA,NA
"Psychiatric patient hospitalisations","S12000014","4","2003/04 to 2005/06 financial years; 3-year aggregates",84.7,313.1,245,393.2,"Age-sex standardised rate per 100,000",NA,NA,NA,NA,NA,NA,NA
"Psychiatric patient hospitalisations","S12000014","5 - least deprived","2003/04 to 2005/06 financial years; 3-year aggregates",52.3,205.2,149.6,273.5,"Age-sex standardised rate per 100,000",NA,NA,NA,NA,NA,NA,NA
"Psychiatric patient hospitalisations","S12000014","Total","2003/04 to 2005/06 financial years; 3-year aggregates",460,328,297,361.3,"Age-sex standardised rate per 100,000",45.1,7,83.1,295.6,46,545.1,37.9
"Psychiatric patient hospitalisations","S12000014","1 - most deprived","2004/05 to 2006/07 financial years; 3-year aggregates",138.3,471.4,393.9,559.3,"Age-sex standardised rate per 100,000",NA,NA,NA,NA,NA,NA,NA
"Psychiatric patient hospitalisations","S12000014","2","2004/05 to 2006/07 financial years; 3-year aggregates",103.7,348,283.5,422.7,"Age-sex standardised rate per 100,000",NA,NA,NA,NA,NA,NA,NA
"Psychiatric patient hospitalisations","S12000014","3","2004/05 to 2006/07 financial years; 3-year aggregates",79,288.1,222.3,366,"Age-sex standardised rate per 100,000",NA,NA,NA,NA,NA,NA,NA
"Psychiatric patient hospitalisations","S12000014","4","2004/05 to 2006/07 financial years; 3-year aggregates",72,264.2,203.8,336.3,"Age-sex standardised rate per 100,000",NA,NA,NA,NA,NA,NA,NA
"Psychiatric patient hospitalisations","S12000014","5 - least deprived","2004/05 to 2006/07 financial years; 3-year aggregates",54.7,209.3,153.1,278.1,"Age-sex standardised rate per 100,000",NA,NA,NA,NA,NA,NA,NA
"Psychiatric patient hospitalisations","S12000014","Total","2004/05 to 2006/07 financial years; 3-year aggregates",447.7,313.3,283.7,345.2,"Age-sex standardised rate per 100,000",48.5,23,74,304.2,144.4,464,33.7
"Psychiatric patient hospitalisations","S12000014","1 - most deprived","2005/06 to 2007/08 financial years; 3-year aggregates",130,440,365.9,524.4,"Age-sex standardised rate per 100,000",NA,NA,NA,NA,NA,NA,NA
"Psychiatric patient hospitalisations","S12000014","2","2005/06 to 2007/08 financial years; 3-year aggregates",99.3,333.8,270.7,407,"Age-sex standardised rate per 100,000",NA,NA,NA,NA,NA,NA,NA
"Psychiatric patient hospitalisations","S12000014","3","2005/06 to 2007/08 financial years; 3-year aggregates",79.3,278.5,215.8,352.5,"Age-sex standardised rate per 100,000",NA,NA,NA,NA,NA,NA,NA
"Psychiatric patient hospitalisations","S12000014","4","2005/06 to 2007/08 financial years; 3-year aggregates",63,224.6,171,289.3,"Age-sex standardised rate per 100,000",NA,NA,NA,NA,NA,NA,NA
"Psychiatric patient hospitalisations","S12000014","5 - least deprived","2005/06 to 2007/08 financial years; 3-year aggregates",54,209.4,153.3,278.1,"Age-sex standardised rate per 100,000",NA,NA,NA,NA,NA,NA,NA
"Psychiatric patient hospitalisations","S12000014","Total","2005/06 to 2007/08 financial years; 3-year aggregates",425.7,293.4,265.2,323.7,"Age-sex standardised rate per 100,000",48.6,23.6,73.5,284.9,138.3,431.5,29.5
"Psychiatric patient hospitalisations","S12000014","1 - most deprived","2006/07 to 2008/09 financial years; 3-year aggregates",135.3,452.4,378.7,536.3,"Age-sex standardised rate per 100,000",NA,NA,NA,NA,NA,NA,NA
"Psychiatric patient hospitalisations","S12000014","2","2006/07 to 2008/09 financial years; 3-year aggregates",97.7,331.3,268.1,404.6,"Age-sex standardised rate per 100,000",NA,NA,NA,NA,NA,NA,NA
"Psychiatric patient hospitalisations","S12000014","3","2006/07 to 2008/09 financial years; 3-year aggregates",82,282.2,220.4,355.1,"Age-sex standardised rate per 100,000",NA,NA,NA,NA,NA,NA,NA
"Psychiatric patient hospitalisations","S12000014","4","2006/07 to 2008/09 financial years; 3-year aggregates",57.7,200.3,150.6,260.8,"Age-sex standardised rate per 100,000",NA,NA,NA,NA,NA,NA,NA
"Psychiatric patient hospitalisations","S12000014","5 - least deprived","2006/07 to 2008/09 financial years; 3-year aggregates",47.7,179.3,129.1,241.7,"Age-sex standardised rate per 100,000",NA,NA,NA,NA,NA,NA,NA
"Psychiatric patient hospitalisations","S12000014","Total","2006/07 to 2008/09 financial years; 3-year aggregates",420.3,286,258.6,315.5,"Age-sex standardised rate per 100,000",59.2,33.2,85.2,338.5,189.7,487.2,37.9
"Psychiatric patient hospitalisations","S12000014","1 - most deprived","2007/08 to 2009/10 financial years; 3-year aggregates",141,468.3,393.4,553.1,"Age-sex standardised rate per 100,000",NA,NA,NA,NA,NA,NA,NA
"Psychiatric patient hospitalisations","S12000014","2","2007/08 to 2009/10 financial years; 3-year aggregates",91,312.4,249.8,385.5,"Age-sex standardised rate per 100,000",NA,NA,NA,NA,NA,NA,NA
"Psychiatric patient hospitalisations","S12000014","3","2007/08 to 2009/10 financial years; 3-year aggregates",84.3,281.4,222.1,351.2,"Age-sex standardised rate per 100,000",NA,NA,NA,NA,NA,NA,NA
"Psychiatric patient hospitalisations","S12000014","4","2007/08 to 2009/10 financial years; 3-year aggregates",58,200.1,150.5,260.4,"Age-sex standardised rate per 100,000",NA,NA,NA,NA,NA,NA,NA
"Psychiatric patient hospitalisations","S12000014","5 - least deprived","2007/08 to 2009/10 financial years; 3-year aggregates",44,165.2,117.8,224.5,"Age-sex standardised rate per 100,000",NA,NA,NA,NA,NA,NA,NA
"Psychiatric patient hospitalisations","S12000014","Total","2007/08 to 2009/10 financial years; 3-year aggregates",418.3,282.3,255.2,311.5,"Age-sex standardised rate per 100,000",63.5,29.6,97.5,358.7,167.1,550.3,42
"Psychiatric patient hospitalisations","S12000014","1 - most deprived","2008/09 to 2010/11 financial years; 3-year aggregates",152.3,502.4,424.9,589.9,"Age-sex standardised rate per 100,000",NA,NA,NA,NA,NA,NA,NA
"Psychiatric patient hospitalisations","S12000014","2","2008/09 to 2010/11 financial years; 3-year aggregates",93.7,317.5,255.2,390.2,"Age-sex standardised rate per 100,000",NA,NA,NA,NA,NA,NA,NA
"Psychiatric patient hospitalisations","S12000014","3","2008/09 to 2010/11 financial years; 3-year aggregates",73.3,239.7,187.4,302,"Age-sex standardised rate per 100,000",NA,NA,NA,NA,NA,NA,NA
"Psychiatric patient hospitalisations","S12000014","4","2008/09 to 2010/11 financial years; 3-year aggregates",59.3,201.6,152.4,261.4,"Age-sex standardised rate per 100,000",NA,NA,NA,NA,NA,NA,NA
"Psychiatric patient hospitalisations","S12000014","5 - least deprived","2008/09 to 2010/11 financial years; 3-year aggregates",46,166.2,120.1,223.6,"Age-sex standardised rate per 100,000",NA,NA,NA,NA,NA,NA,NA
"Psychiatric patient hospitalisations","S12000014","Total","2008/09 to 2010/11 financial years; 3-year aggregates",424.7,283,256.3,311.8,"Age-sex standardised rate per 100,000",69.5,19.6,119.4,393.2,110.7,675.7,41.7
"Psychiatric patient hospitalisations","S12000014","1 - most deprived","2009/10 to 2011/12 financial years; 3-year aggregates",144.3,470.4,396,554.5,"Age-sex standardised rate per 100,000",NA,NA,NA,NA,NA,NA,NA
"Psychiatric patient hospitalisations","S12000014","2","2009/10 to 2011/12 financial years; 3-year aggregates",91.7,303.4,243.5,373.3,"Age-sex standardised rate per 100,000",NA,NA,NA,NA,NA,NA,NA
"Psychiatric patient hospitalisations","S12000014","3","2009/10 to 2011/12 financial years; 3-year aggregates",69,227,175,289.2,"Age-sex standardised rate per 100,000",NA,NA,NA,NA,NA,NA,NA
"Psychiatric patient hospitalisations","S12000014","4","2009/10 to 2011/12 financial years; 3-year aggregates",54.7,183.7,135.9,242.1,"Age-sex standardised rate per 100,000",NA,NA,NA,NA,NA,NA,NA
"Psychiatric patient hospitalisations","S12000014","5 - least deprived","2009/10 to 2011/12 financial years; 3-year aggregates",45,166.3,118.8,225.7,"Age-sex standardised rate per 100,000",NA,NA,NA,NA,NA,NA,NA
"Psychiatric patient hospitalisations","S12000014","Total","2009/10 to 2011/12 financial years; 3-year aggregates",404.7,268,241.9,296.1,"Age-sex standardised rate per 100,000",67.8,18,117.6,363.2,96.2,630.2,38.4
"Psychiatric patient hospitalisations","S12000014","1 - most deprived","2010/11 to 2012/13 financial years; 3-year aggregates",144.7,471.4,396.5,556.1,"Age-sex standardised rate per 100,000",NA,NA,NA,NA,NA,NA,NA
"Psychiatric patient hospitalisations","S12000014","2","2010/11 to 2012/13 financial years; 3-year aggregates",98.3,319.5,259,389.8,"Age-sex standardised rate per 100,000",NA,NA,NA,NA,NA,NA,NA
"Psychiatric patient hospitalisations","S12000014","3","2010/11 to 2012/13 financial years; 3-year aggregates",65.3,215.9,165.5,276.5,"Age-sex standardised rate per 100,000",NA,NA,NA,NA,NA,NA,NA
"Psychiatric patient hospitalisations","S12000014","4","2010/11 to 2012/13 financial years; 3-year aggregates",55.7,180.2,134.3,236.1,"Age-sex standardised rate per 100,000",NA,NA,NA,NA,NA,NA,NA
"Psychiatric patient hospitalisations","S12000014","5 - least deprived","2010/11 to 2012/13 financial years; 3-year aggregates",46.3,170.2,122.6,229.5,"Age-sex standardised rate per 100,000",NA,NA,NA,NA,NA,NA,NA
"Psychiatric patient hospitalisations","S12000014","Total","2010/11 to 2012/13 financial years; 3-year aggregates",410.3,269.5,243.6,297.4,"Age-sex standardised rate per 100,000",68.7,17.6,119.8,370.4,94.9,645.8,37.2
"Psychiatric patient hospitalisations","S12000014","1 - most deprived","2011/12 to 2013/14 financial years; 3-year aggregates",145.7,475.6,400.6,560.5,"Age-sex standardised rate per 100,000",NA,NA,NA,NA,NA,NA,NA
"Psychiatric patient hospitalisations","S12000014","2","2011/12 to 2013/14 financial years; 3-year aggregates",99.3,322.8,261.9,393.5,"Age-sex standardised rate per 100,000",NA,NA,NA,NA,NA,NA,NA
"Psychiatric patient hospitalisations","S12000014","3","2011/12 to 2013/14 financial years; 3-year aggregates",69.3,230.8,178.7,293.2,"Age-sex standardised rate per 100,000",NA,NA,NA,NA,NA,NA,NA
"Psychiatric patient hospitalisations","S12000014","4","2011/12 to 2013/14 financial years; 3-year aggregates",56.3,180.4,135.1,235.6,"Age-sex standardised rate per 100,000",NA,NA,NA,NA,NA,NA,NA
"Psychiatric patient hospitalisations","S12000014","5 - least deprived","2011/12 to 2013/14 financial years; 3-year aggregates",45,161.6,115.9,218.7,"Age-sex standardised rate per 100,000",NA,NA,NA,NA,NA,NA,NA
"Psychiatric patient hospitalisations","S12000014","Total","2011/12 to 2013/14 financial years; 3-year aggregates",415.7,272,246.1,299.9,"Age-sex standardised rate per 100,000",70.6,25.8,115.4,384,140.5,627.5,41
"Psychiatric patient hospitalisations","S12000014","1 - most deprived","2012/13 to 2014/15 financial years; 3-year aggregates",155,507.2,428.9,595.4,"Age-sex standardised rate per 100,000",NA,NA,NA,NA,NA,NA,NA
"Psychiatric patient hospitalisations","S12000014","2","2012/13 to 2014/15 financial years; 3-year aggregates",103,334.1,272.1,405.9,"Age-sex standardised rate per 100,000",NA,NA,NA,NA,NA,NA,NA
"Psychiatric patient hospitalisations","S12000014","3","2012/13 to 2014/15 financial years; 3-year aggregates",74.7,247.9,194.3,311.5,"Age-sex standardised rate per 100,000",NA,NA,NA,NA,NA,NA,NA
"Psychiatric patient hospitalisations","S12000014","4","2012/13 to 2014/15 financial years; 3-year aggregates",60,194,147.5,250.4,"Age-sex standardised rate per 100,000",NA,NA,NA,NA,NA,NA,NA
"Psychiatric patient hospitalisations","S12000014","5 - least deprived","2012/13 to 2014/15 financial years; 3-year aggregates",44.7,155.9,112,210.7,"Age-sex standardised rate per 100,000",NA,NA,NA,NA,NA,NA,NA
"Psychiatric patient hospitalisations","S12000014","Total","2012/13 to 2014/15 financial years; 3-year aggregates",437.3,286.9,260.2,315.4,"Age-sex standardised rate per 100,000",73.2,30.5,116,420.1,174.9,665.3,45.7
"Psychiatric patient hospitalisations","S12000014","1 - most deprived","2013/14 to 2015/16 financial years; 3-year aggregates",163,527.5,448.2,616.7,"Age-sex standardised rate per 100,000",NA,NA,NA,NA,NA,NA,NA
"Psychiatric patient hospitalisations","S12000014","2","2013/14 to 2015/16 financial years; 3-year aggregates",100.7,325.1,264.2,395.7,"Age-sex standardised rate per 100,000",NA,NA,NA,NA,NA,NA,NA
"Psychiatric patient hospitalisations","S12000014","3","2013/14 to 2015/16 financial years; 3-year aggregates",83.7,277.4,220.2,344.6,"Age-sex standardised rate per 100,000",NA,NA,NA,NA,NA,NA,NA
"Psychiatric patient hospitalisations","S12000014","4","2013/14 to 2015/16 financial years; 3-year aggregates",64.3,208.5,160.2,266.6,"Age-sex standardised rate per 100,000",NA,NA,NA,NA,NA,NA,NA
"Psychiatric patient hospitalisations","S12000014","5 - least deprived","2013/14 to 2015/16 financial years; 3-year aggregates",48.3,164.9,120.1,220.4,"Age-sex standardised rate per 100,000",NA,NA,NA,NA,NA,NA,NA
"Psychiatric patient hospitalisations","S12000014","Total","2013/14 to 2015/16 financial years; 3-year aggregates",460,300.2,273,329.3,"Age-sex standardised rate per 100,000",70,24.9,115.2,420.5,149.5,691.4,45.1
"Psychiatric patient hospitalisations","S12000014","1 - most deprived","2014/15 to 2016/17 financial years; 3-year aggregates",168,538.2,458.7,627.4,"Age-sex standardised rate per 100,000",NA,NA,NA,NA,NA,NA,NA
"Psychiatric patient hospitalisations","S12000014","2","2014/15 to 2016/17 financial years; 3-year aggregates",106,339.5,277.4,411.1,"Age-sex standardised rate per 100,000",NA,NA,NA,NA,NA,NA,NA
"Psychiatric patient hospitalisations","S12000014","3","2014/15 to 2016/17 financial years; 3-year aggregates",90,297.5,238.3,366.7,"Age-sex standardised rate per 100,000",NA,NA,NA,NA,NA,NA,NA
"Psychiatric patient hospitalisations","S12000014","4","2014/15 to 2016/17 financial years; 3-year aggregates",61.3,198.9,151.9,255.7,"Age-sex standardised rate per 100,000",NA,NA,NA,NA,NA,NA,NA
"Psychiatric patient hospitalisations","S12000014","5 - least deprived","2014/15 to 2016/17 financial years; 3-year aggregates",55.7,196.6,145.9,258.6,"Age-sex standardised rate per 100,000",NA,NA,NA,NA,NA,NA,NA
"Psychiatric patient hospitalisations","S12000014","Total","2014/15 to 2016/17 financial years; 3-year aggregates",481,312.6,285,342.2,"Age-sex standardised rate per 100,000",65.9,18.5,113.3,412.2,115.9,708.6,37.4
"Psychiatric patient hospitalisations","S12000014","1 - most deprived","2015/16 to 2017/18 financial years; 3-year aggregates",164.3,522,444.6,608.9,"Age-sex standardised rate per 100,000",NA,NA,NA,NA,NA,NA,NA
"Psychiatric patient hospitalisations","S12000014","2","2015/16 to 2017/18 financial years; 3-year aggregates",103.3,330,269.1,400.5,"Age-sex standardised rate per 100,000",NA,NA,NA,NA,NA,NA,NA
"Psychiatric patient hospitalisations","S12000014","3","2015/16 to 2017/18 financial years; 3-year aggregates",89.3,290.1,232.3,357.9,"Age-sex standardised rate per 100,000",NA,NA,NA,NA,NA,NA,NA
"Psychiatric patient hospitalisations","S12000014","4","2015/16 to 2017/18 financial years; 3-year aggregates",63.3,204.8,156.9,262.7,"Age-sex standardised rate per 100,000",NA,NA,NA,NA,NA,NA,NA
"Psychiatric patient hospitalisations","S12000014","5 - least deprived","2015/16 to 2017/18 financial years; 3-year aggregates",56,200.6,149.6,262.8,"Age-sex standardised rate per 100,000",NA,NA,NA,NA,NA,NA,NA
"Psychiatric patient hospitalisations","S12000014","Total","2015/16 to 2017/18 financial years; 3-year aggregates",476.3,306.9,279.7,336,"Age-sex standardised rate per 100,000",62.7,15.9,109.5,384.7,97.3,672.1,35.2
"Psychiatric patient hospitalisations","S12000014","1 - most deprived","2016/17 to 2018/19 financial years; 3-year aggregates",161.7,512.6,436,598.7,"Age-sex standardised rate per 100,000",NA,NA,NA,NA,NA,NA,NA
"Psychiatric patient hospitalisations","S12000014","2","2016/17 to 2018/19 financial years; 3-year aggregates",100.3,319.4,259.5,388.8,"Age-sex standardised rate per 100,000",NA,NA,NA,NA,NA,NA,NA
"Psychiatric patient hospitalisations","S12000014","3","2016/17 to 2018/19 financial years; 3-year aggregates",84,270.8,215.5,335.8,"Age-sex standardised rate per 100,000",NA,NA,NA,NA,NA,NA,NA
"Psychiatric patient hospitalisations","S12000014","4","2016/17 to 2018/19 financial years; 3-year aggregates",62.3,201.6,154,259.2,"Age-sex standardised rate per 100,000",NA,NA,NA,NA,NA,NA,NA
"Psychiatric patient hospitalisations","S12000014","5 - least deprived","2016/17 to 2018/19 financial years; 3-year aggregates",51,182.5,134.5,241.6,"Age-sex standardised rate per 100,000",NA,NA,NA,NA,NA,NA,NA
"Psychiatric patient hospitalisations","S12000014","Total","2016/17 to 2018/19 financial years; 3-year aggregates",459.3,294.9,268.3,323.4,"Age-sex standardised rate per 100,000",66.1,18.5,113.8,390,109.1,671,38.7
"Psychiatric patient hospitalisations","S12000014","1 - most deprived","2017/18 to 2019/20 financial years; 3-year aggregates",150,477.9,403.6,561.8,"Age-sex standardised rate per 100,000",NA,NA,NA,NA,NA,NA,NA
"Psychiatric patient hospitalisations","S12000014","2","2017/18 to 2019/20 financial years; 3-year aggregates",92.3,293.6,236.4,360.5,"Age-sex standardised rate per 100,000",NA,NA,NA,NA,NA,NA,NA
"Psychiatric patient hospitalisations","S12000014","3","2017/18 to 2019/20 financial years; 3-year aggregates",81.3,257.4,204.1,320.2,"Age-sex standardised rate per 100,000",NA,NA,NA,NA,NA,NA,NA
"Psychiatric patient hospitalisations","S12000014","4","2017/18 to 2019/20 financial years; 3-year aggregates",73.3,235.7,184,297.2,"Age-sex standardised rate per 100,000",NA,NA,NA,NA,NA,NA,NA
"Psychiatric patient hospitalisations","S12000014","5 - least deprived","2017/18 to 2019/20 financial years; 3-year aggregates",39.3,136.6,96.6,187.2,"Age-sex standardised rate per 100,000",NA,NA,NA,NA,NA,NA,NA
"Psychiatric patient hospitalisations","S12000014","Total","2017/18 to 2019/20 financial years; 3-year aggregates",436.3,279.1,253.3,306.9,"Age-sex standardised rate per 100,000",66.5,21.3,111.7,371.4,119.2,623.5,51.3
