"indicator","geography_code","quintile","period","numerator","indicator_measure","lower_confidence_interval","upper_confidence_interval","definition","relative_inequality_gap","lower_confidence_interval_relative_ineq","upper_confidence_interval_relative_ineq","absolute_inequality_gap","lower_confidence_interval_absolute_ineq","upper_confidence_interval_absolute_ineq","population_attributable_risk"
"Psychiatric patient hospitalisations","S12000006","1 - most deprived","2002/03 to 2004/05 financial years; 3-year aggregates",183.3,660.4,565.6,766.1,"Age-sex standardised rate per 100,000",NA,NA,NA,NA,NA,NA,NA
"Psychiatric patient hospitalisations","S12000006","2","2002/03 to 2004/05 financial years; 3-year aggregates",108,367.3,299.7,445.3,"Age-sex standardised rate per 100,000",NA,NA,NA,NA,NA,NA,NA
"Psychiatric patient hospitalisations","S12000006","3","2002/03 to 2004/05 financial years; 3-year aggregates",84.7,291,230.9,361.6,"Age-sex standardised rate per 100,000",NA,NA,NA,NA,NA,NA,NA
"Psychiatric patient hospitalisations","S12000006","4","2002/03 to 2004/05 financial years; 3-year aggregates",80.3,273.9,214.4,344,"Age-sex standardised rate per 100,000",NA,NA,NA,NA,NA,NA,NA
"Psychiatric patient hospitalisations","S12000006","5 - least deprived","2002/03 to 2004/05 financial years; 3-year aggregates",74,262.1,203.8,331.4,"Age-sex standardised rate per 100,000",NA,NA,NA,NA,NA,NA,NA
"Psychiatric patient hospitalisations","S12000006","Total","2002/03 to 2004/05 financial years; 3-year aggregates",530.3,371.1,339.4,404.8,"Age-sex standardised rate per 100,000",59.8,-10.3,129.9,443.8,-76.6,964.2,29.3
"Psychiatric patient hospitalisations","S12000006","1 - most deprived","2003/04 to 2005/06 financial years; 3-year aggregates",172.3,629.2,535.2,734.4,"Age-sex standardised rate per 100,000",NA,NA,NA,NA,NA,NA,NA
"Psychiatric patient hospitalisations","S12000006","2","2003/04 to 2005/06 financial years; 3-year aggregates",114,380.9,312.6,459.4,"Age-sex standardised rate per 100,000",NA,NA,NA,NA,NA,NA,NA
"Psychiatric patient hospitalisations","S12000006","3","2003/04 to 2005/06 financial years; 3-year aggregates",80,271.7,214.1,339.8,"Age-sex standardised rate per 100,000",NA,NA,NA,NA,NA,NA,NA
"Psychiatric patient hospitalisations","S12000006","4","2003/04 to 2005/06 financial years; 3-year aggregates",77,265,206.7,334.1,"Age-sex standardised rate per 100,000",NA,NA,NA,NA,NA,NA,NA
"Psychiatric patient hospitalisations","S12000006","5 - least deprived","2003/04 to 2005/06 financial years; 3-year aggregates",68,235.9,181.6,301,"Age-sex standardised rate per 100,000",NA,NA,NA,NA,NA,NA,NA
"Psychiatric patient hospitalisations","S12000006","Total","2003/04 to 2005/06 financial years; 3-year aggregates",511.3,356.1,325.2,389.2,"Age-sex standardised rate per 100,000",63.1,0.8,125.4,449.7,5.8,893.5,33.8
"Psychiatric patient hospitalisations","S12000006","1 - most deprived","2004/05 to 2006/07 financial years; 3-year aggregates",162.3,596.2,505.2,698.4,"Age-sex standardised rate per 100,000",NA,NA,NA,NA,NA,NA,NA
"Psychiatric patient hospitalisations","S12000006","2","2004/05 to 2006/07 financial years; 3-year aggregates",114.7,374.9,308.3,451.4,"Age-sex standardised rate per 100,000",NA,NA,NA,NA,NA,NA,NA
"Psychiatric patient hospitalisations","S12000006","3","2004/05 to 2006/07 financial years; 3-year aggregates",77.7,264.4,207.5,331.8,"Age-sex standardised rate per 100,000",NA,NA,NA,NA,NA,NA,NA
"Psychiatric patient hospitalisations","S12000006","4","2004/05 to 2006/07 financial years; 3-year aggregates",75,253.8,197.9,320.3,"Age-sex standardised rate per 100,000",NA,NA,NA,NA,NA,NA,NA
"Psychiatric patient hospitalisations","S12000006","5 - least deprived","2004/05 to 2006/07 financial years; 3-year aggregates",61,210.2,158.7,272.5,"Age-sex standardised rate per 100,000",NA,NA,NA,NA,NA,NA,NA
"Psychiatric patient hospitalisations","S12000006","Total","2004/05 to 2006/07 financial years; 3-year aggregates",490.7,337.9,308,369.8,"Age-sex standardised rate per 100,000",65.8,10.1,121.5,444.7,68.5,820.9,38.1
"Psychiatric patient hospitalisations","S12000006","1 - most deprived","2005/06 to 2007/08 financial years; 3-year aggregates",150.3,548.2,461.3,646.3,"Age-sex standardised rate per 100,000",NA,NA,NA,NA,NA,NA,NA
"Psychiatric patient hospitalisations","S12000006","2","2005/06 to 2007/08 financial years; 3-year aggregates",111.7,366.7,300.6,442.9,"Age-sex standardised rate per 100,000",NA,NA,NA,NA,NA,NA,NA
"Psychiatric patient hospitalisations","S12000006","3","2005/06 to 2007/08 financial years; 3-year aggregates",77,260.3,204,326.9,"Age-sex standardised rate per 100,000",NA,NA,NA,NA,NA,NA,NA
"Psychiatric patient hospitalisations","S12000006","4","2005/06 to 2007/08 financial years; 3-year aggregates",78.3,264.6,207.4,332.3,"Age-sex standardised rate per 100,000",NA,NA,NA,NA,NA,NA,NA
"Psychiatric patient hospitalisations","S12000006","5 - least deprived","2005/06 to 2007/08 financial years; 3-year aggregates",56,191.1,142,251,"Age-sex standardised rate per 100,000",NA,NA,NA,NA,NA,NA,NA
"Psychiatric patient hospitalisations","S12000006","Total","2005/06 to 2007/08 financial years; 3-year aggregates",473.3,325.4,296,356.8,"Age-sex standardised rate per 100,000",62.6,16.8,108.4,407.3,109.5,705.1,41.5
"Psychiatric patient hospitalisations","S12000006","1 - most deprived","2006/07 to 2008/09 financial years; 3-year aggregates",142,504.3,422.9,596.6,"Age-sex standardised rate per 100,000",NA,NA,NA,NA,NA,NA,NA
"Psychiatric patient hospitalisations","S12000006","2","2006/07 to 2008/09 financial years; 3-year aggregates",100.3,328,265.6,400.3,"Age-sex standardised rate per 100,000",NA,NA,NA,NA,NA,NA,NA
"Psychiatric patient hospitalisations","S12000006","3","2006/07 to 2008/09 financial years; 3-year aggregates",80.3,272.2,214.4,340.3,"Age-sex standardised rate per 100,000",NA,NA,NA,NA,NA,NA,NA
"Psychiatric patient hospitalisations","S12000006","4","2006/07 to 2008/09 financial years; 3-year aggregates",77.3,260.5,203.3,328.3,"Age-sex standardised rate per 100,000",NA,NA,NA,NA,NA,NA,NA
"Psychiatric patient hospitalisations","S12000006","5 - least deprived","2006/07 to 2008/09 financial years; 3-year aggregates",52.7,183,134.6,242.4,"Age-sex standardised rate per 100,000",NA,NA,NA,NA,NA,NA,NA
"Psychiatric patient hospitalisations","S12000006","Total","2006/07 to 2008/09 financial years; 3-year aggregates",452.7,308.9,280.4,339.4,"Age-sex standardised rate per 100,000",57.4,16.3,98.4,354.4,100.8,608.1,41
"Psychiatric patient hospitalisations","S12000006","1 - most deprived","2007/08 to 2009/10 financial years; 3-year aggregates",145.3,506.3,425.8,597.5,"Age-sex standardised rate per 100,000",NA,NA,NA,NA,NA,NA,NA
"Psychiatric patient hospitalisations","S12000006","2","2007/08 to 2009/10 financial years; 3-year aggregates",100.3,328.9,266.3,401.5,"Age-sex standardised rate per 100,000",NA,NA,NA,NA,NA,NA,NA
"Psychiatric patient hospitalisations","S12000006","3","2007/08 to 2009/10 financial years; 3-year aggregates",76.7,260.6,204.1,327.7,"Age-sex standardised rate per 100,000",NA,NA,NA,NA,NA,NA,NA
"Psychiatric patient hospitalisations","S12000006","4","2007/08 to 2009/10 financial years; 3-year aggregates",78,265.1,207.4,333.3,"Age-sex standardised rate per 100,000",NA,NA,NA,NA,NA,NA,NA
"Psychiatric patient hospitalisations","S12000006","5 - least deprived","2007/08 to 2009/10 financial years; 3-year aggregates",51,172.8,126.8,229.6,"Age-sex standardised rate per 100,000",NA,NA,NA,NA,NA,NA,NA
"Psychiatric patient hospitalisations","S12000006","Total","2007/08 to 2009/10 financial years; 3-year aggregates",451.3,307.1,278.8,337.5,"Age-sex standardised rate per 100,000",59.5,15.4,103.6,365.2,94.4,636.1,43.8
"Psychiatric patient hospitalisations","S12000006","1 - most deprived","2008/09 to 2010/11 financial years; 3-year aggregates",156.3,535.8,454.2,627.6,"Age-sex standardised rate per 100,000",NA,NA,NA,NA,NA,NA,NA
"Psychiatric patient hospitalisations","S12000006","2","2008/09 to 2010/11 financial years; 3-year aggregates",103,342.8,278.2,417.6,"Age-sex standardised rate per 100,000",NA,NA,NA,NA,NA,NA,NA
"Psychiatric patient hospitalisations","S12000006","3","2008/09 to 2010/11 financial years; 3-year aggregates",80,274.9,216.5,343.9,"Age-sex standardised rate per 100,000",NA,NA,NA,NA,NA,NA,NA
"Psychiatric patient hospitalisations","S12000006","4","2008/09 to 2010/11 financial years; 3-year aggregates",75.3,260.7,202.7,329.6,"Age-sex standardised rate per 100,000",NA,NA,NA,NA,NA,NA,NA
"Psychiatric patient hospitalisations","S12000006","5 - least deprived","2008/09 to 2010/11 financial years; 3-year aggregates",54.7,187.4,139.5,246,"Age-sex standardised rate per 100,000",NA,NA,NA,NA,NA,NA,NA
"Psychiatric patient hospitalisations","S12000006","Total","2008/09 to 2010/11 financial years; 3-year aggregates",469.3,320.2,291.2,351.2,"Age-sex standardised rate per 100,000",60.9,16.7,105.2,390.1,106.6,673.5,41.7
"Psychiatric patient hospitalisations","S12000006","1 - most deprived","2009/10 to 2011/12 financial years; 3-year aggregates",162,551.6,469.2,644.2,"Age-sex standardised rate per 100,000",NA,NA,NA,NA,NA,NA,NA
"Psychiatric patient hospitalisations","S12000006","2","2009/10 to 2011/12 financial years; 3-year aggregates",102,340.2,275.9,414.6,"Age-sex standardised rate per 100,000",NA,NA,NA,NA,NA,NA,NA
"Psychiatric patient hospitalisations","S12000006","3","2009/10 to 2011/12 financial years; 3-year aggregates",78.3,271.2,212.9,340.2,"Age-sex standardised rate per 100,000",NA,NA,NA,NA,NA,NA,NA
"Psychiatric patient hospitalisations","S12000006","4","2009/10 to 2011/12 financial years; 3-year aggregates",74.7,262.8,204.2,332.3,"Age-sex standardised rate per 100,000",NA,NA,NA,NA,NA,NA,NA
"Psychiatric patient hospitalisations","S12000006","5 - least deprived","2009/10 to 2011/12 financial years; 3-year aggregates",55,184.4,137.1,242.2,"Age-sex standardised rate per 100,000",NA,NA,NA,NA,NA,NA,NA
"Psychiatric patient hospitalisations","S12000006","Total","2009/10 to 2011/12 financial years; 3-year aggregates",472,322.3,293.2,353.4,"Age-sex standardised rate per 100,000",63.2,13.5,112.9,407.4,86.9,727.8,42.9
"Psychiatric patient hospitalisations","S12000006","1 - most deprived","2010/11 to 2012/13 financial years; 3-year aggregates",152,515.3,435.9,604.8,"Age-sex standardised rate per 100,000",NA,NA,NA,NA,NA,NA,NA
"Psychiatric patient hospitalisations","S12000006","2","2010/11 to 2012/13 financial years; 3-year aggregates",96.7,325.9,262.8,399.3,"Age-sex standardised rate per 100,000",NA,NA,NA,NA,NA,NA,NA
"Psychiatric patient hospitalisations","S12000006","3","2010/11 to 2012/13 financial years; 3-year aggregates",78.3,266.3,209.1,334.1,"Age-sex standardised rate per 100,000",NA,NA,NA,NA,NA,NA,NA
"Psychiatric patient hospitalisations","S12000006","4","2010/11 to 2012/13 financial years; 3-year aggregates",67.3,234.6,179.3,300.8,"Age-sex standardised rate per 100,000",NA,NA,NA,NA,NA,NA,NA
"Psychiatric patient hospitalisations","S12000006","5 - least deprived","2010/11 to 2012/13 financial years; 3-year aggregates",55.7,187.1,139.4,245.3,"Age-sex standardised rate per 100,000",NA,NA,NA,NA,NA,NA,NA
"Psychiatric patient hospitalisations","S12000006","Total","2010/11 to 2012/13 financial years; 3-year aggregates",450,307,278.6,337.4,"Age-sex standardised rate per 100,000",61.2,16.1,106.3,375.8,98.7,652.8,39
"Psychiatric patient hospitalisations","S12000006","1 - most deprived","2011/12 to 2013/14 financial years; 3-year aggregates",135.3,461.6,386.4,547.1,"Age-sex standardised rate per 100,000",NA,NA,NA,NA,NA,NA,NA
"Psychiatric patient hospitalisations","S12000006","2","2011/12 to 2013/14 financial years; 3-year aggregates",82,274.2,216.9,341.8,"Age-sex standardised rate per 100,000",NA,NA,NA,NA,NA,NA,NA
"Psychiatric patient hospitalisations","S12000006","3","2011/12 to 2013/14 financial years; 3-year aggregates",73,248.1,192.7,314,"Age-sex standardised rate per 100,000",NA,NA,NA,NA,NA,NA,NA
"Psychiatric patient hospitalisations","S12000006","4","2011/12 to 2013/14 financial years; 3-year aggregates",66,228.6,174.2,294,"Age-sex standardised rate per 100,000",NA,NA,NA,NA,NA,NA,NA
"Psychiatric patient hospitalisations","S12000006","5 - least deprived","2011/12 to 2013/14 financial years; 3-year aggregates",57.3,186.7,139.7,244,"Age-sex standardised rate per 100,000",NA,NA,NA,NA,NA,NA,NA
"Psychiatric patient hospitalisations","S12000006","Total","2011/12 to 2013/14 financial years; 3-year aggregates",413.7,280.5,253.4,309.6,"Age-sex standardised rate per 100,000",53.4,1.8,105,299.5,10.1,588.9,33.4
"Psychiatric patient hospitalisations","S12000006","1 - most deprived","2012/13 to 2014/15 financial years; 3-year aggregates",130.3,454.2,378.9,540.1,"Age-sex standardised rate per 100,000",NA,NA,NA,NA,NA,NA,NA
"Psychiatric patient hospitalisations","S12000006","2","2012/13 to 2014/15 financial years; 3-year aggregates",77.3,261.5,205,328.3,"Age-sex standardised rate per 100,000",NA,NA,NA,NA,NA,NA,NA
"Psychiatric patient hospitalisations","S12000006","3","2012/13 to 2014/15 financial years; 3-year aggregates",69.7,235.2,181.5,299.3,"Age-sex standardised rate per 100,000",NA,NA,NA,NA,NA,NA,NA
"Psychiatric patient hospitalisations","S12000006","4","2012/13 to 2014/15 financial years; 3-year aggregates",66,221.6,168.7,285,"Age-sex standardised rate per 100,000",NA,NA,NA,NA,NA,NA,NA
"Psychiatric patient hospitalisations","S12000006","5 - least deprived","2012/13 to 2014/15 financial years; 3-year aggregates",54.3,175.3,130.3,230.5,"Age-sex standardised rate per 100,000",NA,NA,NA,NA,NA,NA,NA
"Psychiatric patient hospitalisations","S12000006","Total","2012/13 to 2014/15 financial years; 3-year aggregates",397.7,269.7,243.1,298.3,"Age-sex standardised rate per 100,000",55.6,-0.4,111.6,299.7,-2.2,601.7,35
"Psychiatric patient hospitalisations","S12000006","1 - most deprived","2013/14 to 2015/16 financial years; 3-year aggregates",122.7,433,359.1,517.6,"Age-sex standardised rate per 100,000",NA,NA,NA,NA,NA,NA,NA
"Psychiatric patient hospitalisations","S12000006","2","2013/14 to 2015/16 financial years; 3-year aggregates",69,228.9,176.6,291.5,"Age-sex standardised rate per 100,000",NA,NA,NA,NA,NA,NA,NA
"Psychiatric patient hospitalisations","S12000006","3","2013/14 to 2015/16 financial years; 3-year aggregates",69.7,235.2,181.4,299.6,"Age-sex standardised rate per 100,000",NA,NA,NA,NA,NA,NA,NA
"Psychiatric patient hospitalisations","S12000006","4","2013/14 to 2015/16 financial years; 3-year aggregates",71.3,239.6,184.7,305.1,"Age-sex standardised rate per 100,000",NA,NA,NA,NA,NA,NA,NA
"Psychiatric patient hospitalisations","S12000006","5 - least deprived","2013/14 to 2015/16 financial years; 3-year aggregates",53,169.4,125.4,223.3,"Age-sex standardised rate per 100,000",NA,NA,NA,NA,NA,NA,NA
"Psychiatric patient hospitalisations","S12000006","Total","2013/14 to 2015/16 financial years; 3-year aggregates",385.7,261.7,235.5,289.9,"Age-sex standardised rate per 100,000",49.4,-14.9,113.7,258.6,-78.1,595.3,35.2
"Psychiatric patient hospitalisations","S12000006","1 - most deprived","2014/15 to 2016/17 financial years; 3-year aggregates",114,404.3,332.7,486.6,"Age-sex standardised rate per 100,000",NA,NA,NA,NA,NA,NA,NA
"Psychiatric patient hospitalisations","S12000006","2","2014/15 to 2016/17 financial years; 3-year aggregates",71,235.8,182.5,299.4,"Age-sex standardised rate per 100,000",NA,NA,NA,NA,NA,NA,NA
"Psychiatric patient hospitalisations","S12000006","3","2014/15 to 2016/17 financial years; 3-year aggregates",73.3,251.5,195.2,318.6,"Age-sex standardised rate per 100,000",NA,NA,NA,NA,NA,NA,NA
"Psychiatric patient hospitalisations","S12000006","4","2014/15 to 2016/17 financial years; 3-year aggregates",70.3,225.6,174,287.3,"Age-sex standardised rate per 100,000",NA,NA,NA,NA,NA,NA,NA
"Psychiatric patient hospitalisations","S12000006","5 - least deprived","2014/15 to 2016/17 financial years; 3-year aggregates",44.3,140.2,100.6,189.7,"Age-sex standardised rate per 100,000",NA,NA,NA,NA,NA,NA,NA
"Psychiatric patient hospitalisations","S12000006","Total","2014/15 to 2016/17 financial years; 3-year aggregates",373,253.2,227.5,281,"Age-sex standardised rate per 100,000",53,2.7,103.3,268.6,13.9,523.2,44.2
"Psychiatric patient hospitalisations","S12000006","1 - most deprived","2015/16 to 2017/18 financial years; 3-year aggregates",114.3,407.3,335.2,490.1,"Age-sex standardised rate per 100,000",NA,NA,NA,NA,NA,NA,NA
"Psychiatric patient hospitalisations","S12000006","2","2015/16 to 2017/18 financial years; 3-year aggregates",73,246.5,191.7,311.7,"Age-sex standardised rate per 100,000",NA,NA,NA,NA,NA,NA,NA
"Psychiatric patient hospitalisations","S12000006","3","2015/16 to 2017/18 financial years; 3-year aggregates",69.7,237.3,182.7,302.6,"Age-sex standardised rate per 100,000",NA,NA,NA,NA,NA,NA,NA
"Psychiatric patient hospitalisations","S12000006","4","2015/16 to 2017/18 financial years; 3-year aggregates",65,204.1,155.4,262.8,"Age-sex standardised rate per 100,000",NA,NA,NA,NA,NA,NA,NA
"Psychiatric patient hospitalisations","S12000006","5 - least deprived","2015/16 to 2017/18 financial years; 3-year aggregates",45.7,144.5,104.3,194.7,"Age-sex standardised rate per 100,000",NA,NA,NA,NA,NA,NA,NA
"Psychiatric patient hospitalisations","S12000006","Total","2015/16 to 2017/18 financial years; 3-year aggregates",367.7,250.5,224.8,278.2,"Age-sex standardised rate per 100,000",56.6,12.1,101,283.3,60.5,506.1,41.6
"Psychiatric patient hospitalisations","S12000006","1 - most deprived","2016/17 to 2018/19 financial years; 3-year aggregates",123.3,437.9,363,523.4,"Age-sex standardised rate per 100,000",NA,NA,NA,NA,NA,NA,NA
"Psychiatric patient hospitalisations","S12000006","2","2016/17 to 2018/19 financial years; 3-year aggregates",75,254.2,198.5,320.4,"Age-sex standardised rate per 100,000",NA,NA,NA,NA,NA,NA,NA
"Psychiatric patient hospitalisations","S12000006","3","2016/17 to 2018/19 financial years; 3-year aggregates",67.7,231.8,177.6,296.7,"Age-sex standardised rate per 100,000",NA,NA,NA,NA,NA,NA,NA
"Psychiatric patient hospitalisations","S12000006","4","2016/17 to 2018/19 financial years; 3-year aggregates",58,179.8,134.5,235,"Age-sex standardised rate per 100,000",NA,NA,NA,NA,NA,NA,NA
"Psychiatric patient hospitalisations","S12000006","5 - least deprived","2016/17 to 2018/19 financial years; 3-year aggregates",47.3,145.9,105.8,195.7,"Age-sex standardised rate per 100,000",NA,NA,NA,NA,NA,NA,NA
"Psychiatric patient hospitalisations","S12000006","Total","2016/17 to 2018/19 financial years; 3-year aggregates",371.3,253.2,227.3,281.1,"Age-sex standardised rate per 100,000",64.8,13.2,116.4,328.2,66.9,589.5,41.5
"Psychiatric patient hospitalisations","S12000006","1 - most deprived","2017/18 to 2019/20 financial years; 3-year aggregates",131.7,469.7,391.8,558.3,"Age-sex standardised rate per 100,000",NA,NA,NA,NA,NA,NA,NA
"Psychiatric patient hospitalisations","S12000006","2","2017/18 to 2019/20 financial years; 3-year aggregates",78.3,263,206.6,329.8,"Age-sex standardised rate per 100,000",NA,NA,NA,NA,NA,NA,NA
"Psychiatric patient hospitalisations","S12000006","3","2017/18 to 2019/20 financial years; 3-year aggregates",63,211.1,159.8,272.9,"Age-sex standardised rate per 100,000",NA,NA,NA,NA,NA,NA,NA
"Psychiatric patient hospitalisations","S12000006","4","2017/18 to 2019/20 financial years; 3-year aggregates",61.3,195.9,147.3,254.6,"Age-sex standardised rate per 100,000",NA,NA,NA,NA,NA,NA,NA
"Psychiatric patient hospitalisations","S12000006","5 - least deprived","2017/18 to 2019/20 financial years; 3-year aggregates",53.3,166,122.9,218.9,"Age-sex standardised rate per 100,000",NA,NA,NA,NA,NA,NA,NA
"Psychiatric patient hospitalisations","S12000006","Total","2017/18 to 2019/20 financial years; 3-year aggregates",387.7,264.4,237.9,292.9,"Age-sex standardised rate per 100,000",63.5,-1.1,128.1,335.7,-6,677.4,36.3
