"indicator","geography_code","quintile","period","numerator","indicator_measure","lower_confidence_interval","upper_confidence_interval","definition","relative_inequality_gap","lower_confidence_interval_relative_ineq","upper_confidence_interval_relative_ineq","absolute_inequality_gap","lower_confidence_interval_absolute_ineq","upper_confidence_interval_absolute_ineq","population_attributable_risk"
"Psychiatric patient hospitalisations","S12000021","1 - most deprived","2002/03 to 2004/05 financial years; 3-year aggregates",175,673.2,575,783.1,"Age-sex standardised rate per 100,000",NA,NA,NA,NA,NA,NA,NA
"Psychiatric patient hospitalisations","S12000021","2","2002/03 to 2004/05 financial years; 3-year aggregates",95.7,381.5,305.6,469.8,"Age-sex standardised rate per 100,000",NA,NA,NA,NA,NA,NA,NA
"Psychiatric patient hospitalisations","S12000021","3","2002/03 to 2004/05 financial years; 3-year aggregates",109.7,403.6,330.8,487.4,"Age-sex standardised rate per 100,000",NA,NA,NA,NA,NA,NA,NA
"Psychiatric patient hospitalisations","S12000021","4","2002/03 to 2004/05 financial years; 3-year aggregates",56.3,216.4,162.4,282.4,"Age-sex standardised rate per 100,000",NA,NA,NA,NA,NA,NA,NA
"Psychiatric patient hospitalisations","S12000021","5 - least deprived","2002/03 to 2004/05 financial years; 3-year aggregates",40,153.9,107.5,212.7,"Age-sex standardised rate per 100,000",NA,NA,NA,NA,NA,NA,NA
"Psychiatric patient hospitalisations","S12000021","Total","2002/03 to 2004/05 financial years; 3-year aggregates",476.7,362.6,329.9,397.5,"Age-sex standardised rate per 100,000",83.3,28.9,137.7,604,209.8,998.2,57.9
"Psychiatric patient hospitalisations","S12000021","1 - most deprived","2003/04 to 2005/06 financial years; 3-year aggregates",177.7,678.3,580.3,787.8,"Age-sex standardised rate per 100,000",NA,NA,NA,NA,NA,NA,NA
"Psychiatric patient hospitalisations","S12000021","2","2003/04 to 2005/06 financial years; 3-year aggregates",105.7,423.1,342.8,515.9,"Age-sex standardised rate per 100,000",NA,NA,NA,NA,NA,NA,NA
"Psychiatric patient hospitalisations","S12000021","3","2003/04 to 2005/06 financial years; 3-year aggregates",107.3,395.9,323.6,479.3,"Age-sex standardised rate per 100,000",NA,NA,NA,NA,NA,NA,NA
"Psychiatric patient hospitalisations","S12000021","4","2003/04 to 2005/06 financial years; 3-year aggregates",49,187.2,137.2,249,"Age-sex standardised rate per 100,000",NA,NA,NA,NA,NA,NA,NA
"Psychiatric patient hospitalisations","S12000021","5 - least deprived","2003/04 to 2005/06 financial years; 3-year aggregates",39,146.1,102.3,201.7,"Age-sex standardised rate per 100,000",NA,NA,NA,NA,NA,NA,NA
"Psychiatric patient hospitalisations","S12000021","Total","2003/04 to 2005/06 financial years; 3-year aggregates",478.7,365,332.4,400,"Age-sex standardised rate per 100,000",89.3,44.2,134.4,652,322.4,981.5,60.2
"Psychiatric patient hospitalisations","S12000021","1 - most deprived","2004/05 to 2006/07 financial years; 3-year aggregates",172.3,653.4,557.5,760.9,"Age-sex standardised rate per 100,000",NA,NA,NA,NA,NA,NA,NA
"Psychiatric patient hospitalisations","S12000021","2","2004/05 to 2006/07 financial years; 3-year aggregates",106.3,419,339.7,510.6,"Age-sex standardised rate per 100,000",NA,NA,NA,NA,NA,NA,NA
"Psychiatric patient hospitalisations","S12000021","3","2004/05 to 2006/07 financial years; 3-year aggregates",93.7,343.2,276.3,421.3,"Age-sex standardised rate per 100,000",NA,NA,NA,NA,NA,NA,NA
"Psychiatric patient hospitalisations","S12000021","4","2004/05 to 2006/07 financial years; 3-year aggregates",46.7,176.6,127.7,237.4,"Age-sex standardised rate per 100,000",NA,NA,NA,NA,NA,NA,NA
"Psychiatric patient hospitalisations","S12000021","5 - least deprived","2004/05 to 2006/07 financial years; 3-year aggregates",30.7,112,75.3,160.1,"Age-sex standardised rate per 100,000",NA,NA,NA,NA,NA,NA,NA
"Psychiatric patient hospitalisations","S12000021","Total","2004/05 to 2006/07 financial years; 3-year aggregates",449.7,342.9,311.2,376.9,"Age-sex standardised rate per 100,000",96.9,60.7,133.2,664.8,416,913.6,67.3
"Psychiatric patient hospitalisations","S12000021","1 - most deprived","2005/06 to 2007/08 financial years; 3-year aggregates",174.3,658.7,563,765.7,"Age-sex standardised rate per 100,000",NA,NA,NA,NA,NA,NA,NA
"Psychiatric patient hospitalisations","S12000021","2","2005/06 to 2007/08 financial years; 3-year aggregates",105.3,407.2,332.1,494,"Age-sex standardised rate per 100,000",NA,NA,NA,NA,NA,NA,NA
"Psychiatric patient hospitalisations","S12000021","3","2005/06 to 2007/08 financial years; 3-year aggregates",86.7,322.8,257.5,399.5,"Age-sex standardised rate per 100,000",NA,NA,NA,NA,NA,NA,NA
"Psychiatric patient hospitalisations","S12000021","4","2005/06 to 2007/08 financial years; 3-year aggregates",44.3,172.8,123.3,234.7,"Age-sex standardised rate per 100,000",NA,NA,NA,NA,NA,NA,NA
"Psychiatric patient hospitalisations","S12000021","5 - least deprived","2005/06 to 2007/08 financial years; 3-year aggregates",27.3,99.6,65.2,145.3,"Age-sex standardised rate per 100,000",NA,NA,NA,NA,NA,NA,NA
"Psychiatric patient hospitalisations","S12000021","Total","2005/06 to 2007/08 financial years; 3-year aggregates",438,334.2,303,367.6,"Age-sex standardised rate per 100,000",101.5,61.1,141.8,678.1,408.4,947.7,70.2
"Psychiatric patient hospitalisations","S12000021","1 - most deprived","2006/07 to 2008/09 financial years; 3-year aggregates",175.7,661.8,566,768.9,"Age-sex standardised rate per 100,000",NA,NA,NA,NA,NA,NA,NA
"Psychiatric patient hospitalisations","S12000021","2","2006/07 to 2008/09 financial years; 3-year aggregates",93,351.9,283.2,432,"Age-sex standardised rate per 100,000",NA,NA,NA,NA,NA,NA,NA
"Psychiatric patient hospitalisations","S12000021","3","2006/07 to 2008/09 financial years; 3-year aggregates",91,331.7,266.4,408.1,"Age-sex standardised rate per 100,000",NA,NA,NA,NA,NA,NA,NA
"Psychiatric patient hospitalisations","S12000021","4","2006/07 to 2008/09 financial years; 3-year aggregates",42,160.8,113.8,219.9,"Age-sex standardised rate per 100,000",NA,NA,NA,NA,NA,NA,NA
"Psychiatric patient hospitalisations","S12000021","5 - least deprived","2006/07 to 2008/09 financial years; 3-year aggregates",28.3,104.8,69.1,152.2,"Age-sex standardised rate per 100,000",NA,NA,NA,NA,NA,NA,NA
"Psychiatric patient hospitalisations","S12000021","Total","2006/07 to 2008/09 financial years; 3-year aggregates",430,324.5,294,357.2,"Age-sex standardised rate per 100,000",100.8,39,162.6,653.9,252.8,1055,67.7
"Psychiatric patient hospitalisations","S12000021","1 - most deprived","2007/08 to 2009/10 financial years; 3-year aggregates",168.7,624.9,533,727.9,"Age-sex standardised rate per 100,000",NA,NA,NA,NA,NA,NA,NA
"Psychiatric patient hospitalisations","S12000021","2","2007/08 to 2009/10 financial years; 3-year aggregates",92.7,349.8,281.4,429.6,"Age-sex standardised rate per 100,000",NA,NA,NA,NA,NA,NA,NA
"Psychiatric patient hospitalisations","S12000021","3","2007/08 to 2009/10 financial years; 3-year aggregates",93.3,339.9,273.8,417.1,"Age-sex standardised rate per 100,000",NA,NA,NA,NA,NA,NA,NA
"Psychiatric patient hospitalisations","S12000021","4","2007/08 to 2009/10 financial years; 3-year aggregates",39.3,149.9,105.4,206.5,"Age-sex standardised rate per 100,000",NA,NA,NA,NA,NA,NA,NA
"Psychiatric patient hospitalisations","S12000021","5 - least deprived","2007/08 to 2009/10 financial years; 3-year aggregates",30.7,114.7,77,164.1,"Age-sex standardised rate per 100,000",NA,NA,NA,NA,NA,NA,NA
"Psychiatric patient hospitalisations","S12000021","Total","2007/08 to 2009/10 financial years; 3-year aggregates",424.7,317.9,288,350,"Age-sex standardised rate per 100,000",96,38,154.1,610.6,241.5,979.7,63.9
"Psychiatric patient hospitalisations","S12000021","1 - most deprived","2008/09 to 2010/11 financial years; 3-year aggregates",163.3,597.3,508.2,697.3,"Age-sex standardised rate per 100,000",NA,NA,NA,NA,NA,NA,NA
"Psychiatric patient hospitalisations","S12000021","2","2008/09 to 2010/11 financial years; 3-year aggregates",92.7,354.6,283.3,437.7,"Age-sex standardised rate per 100,000",NA,NA,NA,NA,NA,NA,NA
"Psychiatric patient hospitalisations","S12000021","3","2008/09 to 2010/11 financial years; 3-year aggregates",92.7,338.4,272.3,415.6,"Age-sex standardised rate per 100,000",NA,NA,NA,NA,NA,NA,NA
"Psychiatric patient hospitalisations","S12000021","4","2008/09 to 2010/11 financial years; 3-year aggregates",36,132.1,91.9,183.7,"Age-sex standardised rate per 100,000",NA,NA,NA,NA,NA,NA,NA
"Psychiatric patient hospitalisations","S12000021","5 - least deprived","2008/09 to 2010/11 financial years; 3-year aggregates",32.3,119.9,81.3,170,"Age-sex standardised rate per 100,000",NA,NA,NA,NA,NA,NA,NA
"Psychiatric patient hospitalisations","S12000021","Total","2008/09 to 2010/11 financial years; 3-year aggregates",417,311.4,281.9,343.2,"Age-sex standardised rate per 100,000",94.7,39.1,150.3,589.8,243.3,936.2,61.4
"Psychiatric patient hospitalisations","S12000021","1 - most deprived","2009/10 to 2011/12 financial years; 3-year aggregates",157.3,571.9,485.3,669.5,"Age-sex standardised rate per 100,000",NA,NA,NA,NA,NA,NA,NA
"Psychiatric patient hospitalisations","S12000021","2","2009/10 to 2011/12 financial years; 3-year aggregates",97,372,299.2,456.6,"Age-sex standardised rate per 100,000",NA,NA,NA,NA,NA,NA,NA
"Psychiatric patient hospitalisations","S12000021","3","2009/10 to 2011/12 financial years; 3-year aggregates",84,312.1,248,387.4,"Age-sex standardised rate per 100,000",NA,NA,NA,NA,NA,NA,NA
"Psychiatric patient hospitalisations","S12000021","4","2009/10 to 2011/12 financial years; 3-year aggregates",35.7,135.3,93.8,188.6,"Age-sex standardised rate per 100,000",NA,NA,NA,NA,NA,NA,NA
"Psychiatric patient hospitalisations","S12000021","5 - least deprived","2009/10 to 2011/12 financial years; 3-year aggregates",31,115,77.1,164.5,"Age-sex standardised rate per 100,000",NA,NA,NA,NA,NA,NA,NA
"Psychiatric patient hospitalisations","S12000021","Total","2009/10 to 2011/12 financial years; 3-year aggregates",405,304.1,274.8,335.6,"Age-sex standardised rate per 100,000",94.8,52.5,137.2,576.8,319.4,834.3,62.2
"Psychiatric patient hospitalisations","S12000021","1 - most deprived","2010/11 to 2012/13 financial years; 3-year aggregates",158.7,585.9,497.1,685.7,"Age-sex standardised rate per 100,000",NA,NA,NA,NA,NA,NA,NA
"Psychiatric patient hospitalisations","S12000021","2","2010/11 to 2012/13 financial years; 3-year aggregates",94.7,361.8,290.7,444.5,"Age-sex standardised rate per 100,000",NA,NA,NA,NA,NA,NA,NA
"Psychiatric patient hospitalisations","S12000021","3","2010/11 to 2012/13 financial years; 3-year aggregates",77.3,290.2,228.2,363.7,"Age-sex standardised rate per 100,000",NA,NA,NA,NA,NA,NA,NA
"Psychiatric patient hospitalisations","S12000021","4","2010/11 to 2012/13 financial years; 3-year aggregates",36,139.8,97,194.6,"Age-sex standardised rate per 100,000",NA,NA,NA,NA,NA,NA,NA
"Psychiatric patient hospitalisations","S12000021","5 - least deprived","2010/11 to 2012/13 financial years; 3-year aggregates",27.7,102.1,66.3,149.7,"Age-sex standardised rate per 100,000",NA,NA,NA,NA,NA,NA,NA
"Psychiatric patient hospitalisations","S12000021","Total","2010/11 to 2012/13 financial years; 3-year aggregates",394.3,298.7,269.5,330.1,"Age-sex standardised rate per 100,000",100,55.6,144.4,597.4,332,862.8,65.9
"Psychiatric patient hospitalisations","S12000021","1 - most deprived","2011/12 to 2013/14 financial years; 3-year aggregates",154.3,574.7,486.5,674.2,"Age-sex standardised rate per 100,000",NA,NA,NA,NA,NA,NA,NA
"Psychiatric patient hospitalisations","S12000021","2","2011/12 to 2013/14 financial years; 3-year aggregates",97,367.6,296.5,450.3,"Age-sex standardised rate per 100,000",NA,NA,NA,NA,NA,NA,NA
"Psychiatric patient hospitalisations","S12000021","3","2011/12 to 2013/14 financial years; 3-year aggregates",75.3,281.1,220.3,353.3,"Age-sex standardised rate per 100,000",NA,NA,NA,NA,NA,NA,NA
"Psychiatric patient hospitalisations","S12000021","4","2011/12 to 2013/14 financial years; 3-year aggregates",38,148,103.7,204.4,"Age-sex standardised rate per 100,000",NA,NA,NA,NA,NA,NA,NA
"Psychiatric patient hospitalisations","S12000021","5 - least deprived","2011/12 to 2013/14 financial years; 3-year aggregates",26.7,100.8,64.6,149.2,"Age-sex standardised rate per 100,000",NA,NA,NA,NA,NA,NA,NA
"Psychiatric patient hospitalisations","S12000021","Total","2011/12 to 2013/14 financial years; 3-year aggregates",391.3,297,267.8,328.4,"Age-sex standardised rate per 100,000",98.7,60,137.4,586.2,356.3,816.1,66.2
"Psychiatric patient hospitalisations","S12000021","1 - most deprived","2012/13 to 2014/15 financial years; 3-year aggregates",142.3,533.9,448.7,630.5,"Age-sex standardised rate per 100,000",NA,NA,NA,NA,NA,NA,NA
"Psychiatric patient hospitalisations","S12000021","2","2012/13 to 2014/15 financial years; 3-year aggregates",93,365.2,293.2,449.2,"Age-sex standardised rate per 100,000",NA,NA,NA,NA,NA,NA,NA
"Psychiatric patient hospitalisations","S12000021","3","2012/13 to 2014/15 financial years; 3-year aggregates",70.3,262.4,203.8,332.4,"Age-sex standardised rate per 100,000",NA,NA,NA,NA,NA,NA,NA
"Psychiatric patient hospitalisations","S12000021","4","2012/13 to 2014/15 financial years; 3-year aggregates",42,163.1,116.5,221.7,"Age-sex standardised rate per 100,000",NA,NA,NA,NA,NA,NA,NA
"Psychiatric patient hospitalisations","S12000021","5 - least deprived","2012/13 to 2014/15 financial years; 3-year aggregates",25,90.9,57.1,136.4,"Age-sex standardised rate per 100,000",NA,NA,NA,NA,NA,NA,NA
"Psychiatric patient hospitalisations","S12000021","Total","2012/13 to 2014/15 financial years; 3-year aggregates",372.7,284.8,256.2,315.7,"Age-sex standardised rate per 100,000",95.8,68.8,122.8,545.7,391.9,699.5,68.1
"Psychiatric patient hospitalisations","S12000021","1 - most deprived","2013/14 to 2015/16 financial years; 3-year aggregates",137.3,515.1,431.8,609.7,"Age-sex standardised rate per 100,000",NA,NA,NA,NA,NA,NA,NA
"Psychiatric patient hospitalisations","S12000021","2","2013/14 to 2015/16 financial years; 3-year aggregates",93,371.5,298.2,457.1,"Age-sex standardised rate per 100,000",NA,NA,NA,NA,NA,NA,NA
"Psychiatric patient hospitalisations","S12000021","3","2013/14 to 2015/16 financial years; 3-year aggregates",70,264.5,205.2,335.4,"Age-sex standardised rate per 100,000",NA,NA,NA,NA,NA,NA,NA
"Psychiatric patient hospitalisations","S12000021","4","2013/14 to 2015/16 financial years; 3-year aggregates",46,178.4,129.5,239.3,"Age-sex standardised rate per 100,000",NA,NA,NA,NA,NA,NA,NA
"Psychiatric patient hospitalisations","S12000021","5 - least deprived","2013/14 to 2015/16 financial years; 3-year aggregates",24,93.8,58.1,142.1,"Age-sex standardised rate per 100,000",NA,NA,NA,NA,NA,NA,NA
"Psychiatric patient hospitalisations","S12000021","Total","2013/14 to 2015/16 financial years; 3-year aggregates",370.3,285.6,256.8,316.7,"Age-sex standardised rate per 100,000",90.9,71.7,110,519,409.7,628.3,67.2
"Psychiatric patient hospitalisations","S12000021","1 - most deprived","2014/15 to 2016/17 financial years; 3-year aggregates",130.7,494.5,412.6,587.8,"Age-sex standardised rate per 100,000",NA,NA,NA,NA,NA,NA,NA
"Psychiatric patient hospitalisations","S12000021","2","2014/15 to 2016/17 financial years; 3-year aggregates",91.3,372,297.8,458.7,"Age-sex standardised rate per 100,000",NA,NA,NA,NA,NA,NA,NA
"Psychiatric patient hospitalisations","S12000021","3","2014/15 to 2016/17 financial years; 3-year aggregates",67.3,257.7,198.7,328.4,"Age-sex standardised rate per 100,000",NA,NA,NA,NA,NA,NA,NA
"Psychiatric patient hospitalisations","S12000021","4","2014/15 to 2016/17 financial years; 3-year aggregates",49,192.9,141.4,256.7,"Age-sex standardised rate per 100,000",NA,NA,NA,NA,NA,NA,NA
"Psychiatric patient hospitalisations","S12000021","5 - least deprived","2014/15 to 2016/17 financial years; 3-year aggregates",22.3,87.6,53.1,135,"Age-sex standardised rate per 100,000",NA,NA,NA,NA,NA,NA,NA
"Psychiatric patient hospitalisations","S12000021","Total","2014/15 to 2016/17 financial years; 3-year aggregates",360.7,281.1,252.3,312.2,"Age-sex standardised rate per 100,000",88.4,72.4,104.5,497.1,406.9,587.3,68.8
"Psychiatric patient hospitalisations","S12000021","1 - most deprived","2015/16 to 2017/18 financial years; 3-year aggregates",131,502.8,419.6,597.5,"Age-sex standardised rate per 100,000",NA,NA,NA,NA,NA,NA,NA
"Psychiatric patient hospitalisations","S12000021","2","2015/16 to 2017/18 financial years; 3-year aggregates",89.3,361.3,288.5,446.6,"Age-sex standardised rate per 100,000",NA,NA,NA,NA,NA,NA,NA
"Psychiatric patient hospitalisations","S12000021","3","2015/16 to 2017/18 financial years; 3-year aggregates",66.3,255.2,196.4,325.8,"Age-sex standardised rate per 100,000",NA,NA,NA,NA,NA,NA,NA
"Psychiatric patient hospitalisations","S12000021","4","2015/16 to 2017/18 financial years; 3-year aggregates",47.3,179.6,130.8,240.3,"Age-sex standardised rate per 100,000",NA,NA,NA,NA,NA,NA,NA
"Psychiatric patient hospitalisations","S12000021","5 - least deprived","2015/16 to 2017/18 financial years; 3-year aggregates",25.3,102.6,64.3,154.2,"Age-sex standardised rate per 100,000",NA,NA,NA,NA,NA,NA,NA
"Psychiatric patient hospitalisations","S12000021","Total","2015/16 to 2017/18 financial years; 3-year aggregates",359.3,281,252.2,312.2,"Age-sex standardised rate per 100,000",87.6,64.9,110.2,492.1,364.5,619.6,63.5
"Psychiatric patient hospitalisations","S12000021","1 - most deprived","2016/17 to 2018/19 financial years; 3-year aggregates",136,521.5,436.6,617.9,"Age-sex standardised rate per 100,000",NA,NA,NA,NA,NA,NA,NA
"Psychiatric patient hospitalisations","S12000021","2","2016/17 to 2018/19 financial years; 3-year aggregates",94.3,379,304.7,465.7,"Age-sex standardised rate per 100,000",NA,NA,NA,NA,NA,NA,NA
"Psychiatric patient hospitalisations","S12000021","3","2016/17 to 2018/19 financial years; 3-year aggregates",63,242.2,184.9,311.2,"Age-sex standardised rate per 100,000",NA,NA,NA,NA,NA,NA,NA
"Psychiatric patient hospitalisations","S12000021","4","2016/17 to 2018/19 financial years; 3-year aggregates",46,169.7,122.8,228.2,"Age-sex standardised rate per 100,000",NA,NA,NA,NA,NA,NA,NA
"Psychiatric patient hospitalisations","S12000021","5 - least deprived","2016/17 to 2018/19 financial years; 3-year aggregates",29.3,110.4,71.3,162.1,"Age-sex standardised rate per 100,000",NA,NA,NA,NA,NA,NA,NA
"Psychiatric patient hospitalisations","S12000021","Total","2016/17 to 2018/19 financial years; 3-year aggregates",368.7,286,256.9,317.3,"Age-sex standardised rate per 100,000",90.4,58.3,122.5,517.1,333.6,700.5,61.2
"Psychiatric patient hospitalisations","S12000021","1 - most deprived","2017/18 to 2019/20 financial years; 3-year aggregates",129.3,500.9,417.3,596.2,"Age-sex standardised rate per 100,000",NA,NA,NA,NA,NA,NA,NA
"Psychiatric patient hospitalisations","S12000021","2","2017/18 to 2019/20 financial years; 3-year aggregates",88.7,356.8,284.8,441.2,"Age-sex standardised rate per 100,000",NA,NA,NA,NA,NA,NA,NA
"Psychiatric patient hospitalisations","S12000021","3","2017/18 to 2019/20 financial years; 3-year aggregates",57.3,220.2,165.8,286.5,"Age-sex standardised rate per 100,000",NA,NA,NA,NA,NA,NA,NA
"Psychiatric patient hospitalisations","S12000021","4","2017/18 to 2019/20 financial years; 3-year aggregates",43.7,161.2,115.7,218.2,"Age-sex standardised rate per 100,000",NA,NA,NA,NA,NA,NA,NA
"Psychiatric patient hospitalisations","S12000021","5 - least deprived","2017/18 to 2019/20 financial years; 3-year aggregates",32.7,121.4,80.4,174.7,"Age-sex standardised rate per 100,000",NA,NA,NA,NA,NA,NA,NA
"Psychiatric patient hospitalisations","S12000021","Total","2017/18 to 2019/20 financial years; 3-year aggregates",351.7,272.5,244.1,303.1,"Age-sex standardised rate per 100,000",87.9,45.9,129.8,478.8,250.1,707.5,55.4
